city,policy,date,model,new,pickups,cancels,idle,busy,pending,nll
sf,nearest,2025-10-08,persistence,1.5514115,1.4844053,0.095263965,1.3432446,1.8049769,0.26845285,1.0912925
sf,nearest,2025-10-08,seasonal,1.2181414,0.92043304,0.09181096,1.2661747,1.3703214,0.2481338,0.8525025
sf,nearest_norepo,2025-10-08,persistence,1.5514115,1.4840144,0.11086184,0.9356242,1.6818925,0.26073444,1.0040898
sf,nearest_norepo,2025-10-08,seasonal,1.2181414,0.9195961,0.10457621,1.1436414,1.2407762,0.24362223,0.81172556
sf,p1_greedy,2025-10-08,persistence,1.5514115,1.4716458,0.12145767,0.91065216,1.6702194,0.27718714,1.000429
sf,p1_greedy,2025-10-08,seasonal,1.2181414,0.91291934,0.109515406,1.1143501,1.2420717,0.25902808,0.8093377
sf,p2_nm,2025-10-08,persistence,1.5514115,1.468746,0.12296447,0.9188764,1.664308,0.27104533,0.9995586
sf,p2_nm,2025-10-08,seasonal,1.2181414,0.9174543,0.109817676,1.173516,1.2444447,0.25117853,0.8190922
sf,p2_wdf,2025-10-08,persistence,1.5514115,1.2991861,0.42526397,0.66545385,1.7169892,0.32416603,0.9970784
sf,p2_wdf,2025-10-08,seasonal,1.2181414,0.80466884,0.35133222,1.4393057,1.3089689,0.2971465,0.9032605
sf,nearest,2025-11-15,persistence,1.5931308,1.5402174,0.0796725,1.3342062,1.8305491,0.26531804,1.1071824
sf,nearest,2025-11-15,seasonal,1.5785023,1.2512232,0.08446405,1.6092852,1.8568951,0.26461774,1.1074979
sf,nearest_norepo,2025-11-15,persistence,1.5931308,1.5308344,0.095057964,0.92034364,1.7378508,0.2681043,1.0242203
sf,nearest_norepo,2025-11-15,seasonal,1.5785023,1.2366269,0.096236855,1.4739184,1.6876326,0.267833,1.0567917
sf,p1_greedy,2025-11-15,persistence,1.5931308,1.5213822,0.1013994,0.9248178,1.7271016,0.27568775,1.0239198
sf,p1_greedy,2025-11-15,seasonal,1.5785023,1.2378728,0.10283622,1.4221497,1.683667,0.27276033,1.0496315
sf,p2_nm,2025-11-15,persistence,1.5931308,1.5237204,0.09832184,0.9200714,1.7202779,0.27998242,1.0225842
sf,p2_nm,2025-11-15,seasonal,1.5785023,1.2389165,0.09858177,1.4883898,1.6845232,0.27609727,1.0608351
sf,p2_wdf,2025-11-15,persistence,1.5931308,1.3749847,0.369395,0.63102543,1.7992237,0.32940868,1.0161947
sf,p2_wdf,2025-11-15,seasonal,1.5785023,1.0913436,0.33602065,1.8306818,1.8077692,0.32063845,1.1608261
pune,nearest,2025-10-08,persistence,1.7655796,1.6277554,0.4788082,1.6986529,1.3979847,0.4206524,1.2315722
pune,nearest,2025-10-08,seasonal,1.2962573,0.8758639,0.3548697,2.3383098,1.7460861,0.35696268,1.1613915
pune,nearest_norepo,2025-10-08,persistence,1.7655796,1.5911641,0.57825655,1.514532,1.3422861,0.4380502,1.2049781
pune,nearest_norepo,2025-10-08,seasonal,1.2962573,0.8544042,0.4098156,2.6092427,1.6722344,0.36651567,1.2014116
pune,p1_greedy,2025-10-08,persistence,1.7655796,1.5890249,0.5908155,1.5108355,1.3248563,0.44556314,1.2044458
pune,p1_greedy,2025-10-08,seasonal,1.2962573,0.84926575,0.4042283,2.5077653,1.6370451,0.37856048,1.1788538
pune,p2_nm,2025-10-08,persistence,1.7655796,1.5921175,0.5800479,1.5138758,1.3408684,0.44921157,1.2069501
pune,p2_nm,2025-10-08,seasonal,1.2962573,0.85906756,0.4149864,2.5329082,1.6459067,0.37476468,1.1873151
pune,p2_wdf,2025-10-08,persistence,1.7655796,1.3797432,0.96729296,1.3766296,1.4045472,0.5420529,1.2393075
pune,p2_wdf,2025-10-08,seasonal,1.2962573,0.7248234,0.695756,2.5958524,1.6064917,0.45820305,1.2295638
pune,nearest,2025-11-15,persistence,1.6996491,1.5674155,0.35289547,1.7360477,1.3416861,0.37315315,1.1784745
pune,nearest,2025-11-15,seasonal,1.7029325,1.1125668,0.32329887,3.362713,2.2180645,0.3551382,1.5124522
pune,nearest_norepo,2025-11-15,persistence,1.6996491,1.5417051,0.4452011,1.5937093,1.2895534,0.39023978,1.1600097
pune,nearest_norepo,2025-11-15,seasonal,1.7029325,1.083687,0.39524347,4.0325365,2.0807793,0.37036538,1.6109239
pune,p1_greedy,2025-11-15,persistence,1.6996491,1.5685992,0.44355264,1.6096816,1.291068,0.3874254,1.1666627
pune,p1_greedy,2025-11-15,seasonal,1.7029325,1.083886,0.39052206,4.0115976,2.0620947,0.37043595,1.6035781
pune,p2_nm,2025-11-15,persistence,1.6996491,1.5420274,0.44335657,1.6155066,1.286554,0.3825587,1.1616087
pune,p2_nm,2025-11-15,seasonal,1.7029325,1.086382,0.39625916,4.0837626,2.0871255,0.36986643,1.6210546
pune,p2_wdf,2025-11-15,persistence,1.6996491,1.2926191,0.86124086,1.4586065,1.4095435,0.46051583,1.1970292
pune,p2_wdf,2025-11-15,seasonal,1.7029325,0.8788818,0.7566678,3.3078356,1.9840175,0.4381435,1.5114131
navimumbai,nearest,2025-10-08,persistence,0.8348795,0.7558237,0.10009788,0.89169544,1.1294081,0.13949555,0.64190006
navimumbai,nearest,2025-10-08,seasonal,0.732148,0.56073594,0.09729919,1.105676,1.186349,0.13378406,0.63599867
navimumbai,nearest_norepo,2025-10-08,persistence,0.8348795,0.7408472,0.119672224,0.7004392,1.0448182,0.14471391,0.5975617
navimumbai,nearest_norepo,2025-10-08,seasonal,0.732148,0.5405142,0.11408532,1.2207149,1.0644084,0.1370071,0.63481295
navimumbai,p1_greedy,2025-10-08,persistence,0.8348795,0.7248887,0.14518768,0.71290827,1.036754,0.13789093,0.5987515
navimumbai,p1_greedy,2025-10-08,seasonal,0.732148,0.5337854,0.12920551,1.2177017,1.0511668,0.13317828,0.6328643
navimumbai,p2_nm,2025-10-08,persistence,0.8348795,0.73589563,0.13126951,0.7028658,1.039735,0.15061724,0.59921044
navimumbai,p2_nm,2025-10-08,seasonal,0.732148,0.5436082,0.11646381,1.251589,1.0622193,0.1422913,0.64138657
navimumbai,p2_wdf,2025-10-08,persistence,0.8348795,0.62147367,0.259654,0.63735193,1.0177863,0.16841868,0.5899274
navimumbai,p2_wdf,2025-10-08,seasonal,0.732148,0.45289046,0.22708873,1.1963425,1.0356499,0.1588995,0.63383645
navimumbai,nearest,2025-11-15,persistence,0.72410417,0.67978233,0.060537346,0.9642332,1.0628948,0.10136347,0.5988192
navimumbai,nearest,2025-11-15,seasonal,0.7249644,0.59527934,0.065951265,1.7444117,1.5523103,0.10230331,0.7975368
navimumbai,nearest_norepo,2025-11-15,persistence,0.72410417,0.6703098,0.06627604,0.7860964,0.952099,0.10282681,0.5502854
navimumbai,nearest_norepo,2025-11-15,seasonal,0.7249644,0.5996253,0.069677085,1.8968747,1.335332,0.10257627,0.7881749
navimumbai,p1_greedy,2025-11-15,persistence,0.72410417,0.6678156,0.0683946,0.77891773,0.956571,0.09990337,0.5492844
navimumbai,p1_greedy,2025-11-15,seasonal,0.7249644,0.60078174,0.07122603,1.8276036,1.3399785,0.1007699,0.77755404
navimumbai,p2_nm,2025-11-15,persistence,0.72410417,0.677062,0.06514192,0.7912585,0.9435785,0.09741735,0.5497604
navimumbai,p2_nm,2025-11-15,seasonal,0.7249644,0.59975845,0.06893445,1.8648843,1.3441038,0.09917646,0.783637
navimumbai,p2_wdf,2025-11-15,persistence,0.72410417,0.54026973,0.2298283,0.66880924,0.92904407,0.12785362,0.5366515
navimumbai,p2_wdf,2025-11-15,seasonal,0.7249644,0.4867627,0.21114628,1.8424184,1.2931283,0.12708089,0.78091687
thane,nearest,2025-10-08,persistence,1.0037364,0.92239094,0.13545547,1.0807997,1.2464626,0.18078959,0.7616058
thane,nearest,2025-10-08,seasonal,0.84393597,0.6311183,0.12417461,1.3251555,1.3374588,0.16938435,0.73853797
thane,nearest_norepo,2025-10-08,persistence,1.0037364,0.89765924,0.16287407,0.8396369,1.1680248,0.18740426,0.7098892
thane,nearest_norepo,2025-10-08,seasonal,0.84393597,0.6130966,0.14573266,1.4276608,1.2018267,0.17569387,0.73465776
thane,p1_greedy,2025-10-08,persistence,1.0037364,0.89050585,0.17141406,0.8441854,1.1630468,0.20405154,0.71282333
thane,p1_greedy,2025-10-08,seasonal,0.84393597,0.6082668,0.14883803,1.4350933,1.2002691,0.18792021,0.73738724
thane,p2_nm,2025-10-08,persistence,1.0037364,0.8962847,0.17128602,0.86599857,1.1463889,0.19571356,0.71323466
thane,p2_nm,2025-10-08,seasonal,0.84393597,0.60742635,0.15022935,1.4431543,1.1906526,0.18272045,0.73635316
thane,p2_wdf,2025-10-08,persistence,1.0037364,0.73362845,0.38018084,0.7708859,1.1270591,0.22061986,0.7060184
thane,p2_wdf,2025-10-08,seasonal,0.84393597,0.4940884,0.31426737,1.6398605,1.1291021,0.20176788,0.77050376
thane,nearest,2025-11-15,persistence,0.9319962,0.87292725,0.093789406,1.1022968,1.176207,0.15711148,0.7223881
thane,nearest,2025-11-15,seasonal,0.9383906,0.7412017,0.09813342,1.8212703,1.7415271,0.1586959,0.9165365
thane,nearest_norepo,2025-11-15,persistence,0.9319962,0.8679231,0.10442813,0.89160556,1.1045477,0.15802875,0.6764216
thane,nearest_norepo,2025-11-15,seasonal,0.9383906,0.7335221,0.10487445,1.8682629,1.56948,0.15774564,0.8953793
thane,p1_greedy,2025-11-15,persistence,0.9319962,0.86347216,0.1112663,0.875296,1.0887738,0.16200216,0.6721344
thane,p1_greedy,2025-11-15,seasonal,0.9383906,0.7318079,0.115304016,1.8897492,1.5458369,0.16129173,0.8970633
thane,p2_nm,2025-11-15,persistence,0.9319962,0.8669692,0.11287521,0.8855497,1.0750307,0.15744206,0.6716439
thane,p2_nm,2025-11-15,seasonal,0.9383906,0.73465645,0.11341482,1.9399743,1.5504462,0.1557556,0.9054396
thane,p2_wdf,2025-11-15,persistence,0.9319962,0.6814213,0.34310696,0.7659673,1.0570062,0.20372726,0.6638709
thane,p2_wdf,2025-11-15,seasonal,0.9383906,0.5791025,0.32149222,2.1243224,1.4302729,0.19961964,0.93220013
arlington,nearest,2025-10-08,persistence,1.5763907,1.4520636,0.21906881,1.2660167,1.6686562,0.35801813,1.0900357
arlington,nearest,2025-10-08,seasonal,1.2248847,0.87600255,0.19370641,1.1862639,1.4402269,0.31773117,0.87313604
arlington,nearest_norepo,2025-10-08,persistence,1.5763907,1.429113,0.25688824,1.0783097,1.5654818,0.3598545,1.0443397
arlington,nearest_norepo,2025-10-08,seasonal,1.2248847,0.87258863,0.21406564,1.4165457,1.3137305,0.31099954,0.8921357
arlington,p1_greedy,2025-10-08,persistence,1.5763907,1.4633555,0.27883443,1.073623,1.5826924,0.3673292,1.0570375
arlington,p1_greedy,2025-10-08,seasonal,1.2248847,0.8754621,0.21965106,1.4085879,1.3122382,0.3257982,0.894437
arlington,p2_nm,2025-10-08,persistence,1.5763907,1.4310584,0.29373765,1.0442027,1.6048516,0.37855998,1.0548002
arlington,p2_nm,2025-10-08,seasonal,1.2248847,0.8684095,0.23465593,1.4089847,1.3021125,0.33199036,0.8951729
arlington,p2_wdf,2025-10-08,persistence,1.5763907,1.3154855,0.50770557,0.8866716,1.6176183,0.41499075,1.0531437
arlington,p2_wdf,2025-10-08,seasonal,1.2248847,0.78706014,0.39959142,1.390764,1.3306878,0.37034518,0.9172222
arlington,nearest,2025-11-15,persistence,1.5547493,1.4059566,0.2612084,1.1806364,1.698221,0.36583325,1.0777675
arlington,nearest,2025-11-15,seasonal,1.5286027,1.0786872,0.23969172,1.4924686,1.7980818,0.3570169,1.0824248
arlington,nearest_norepo,2025-11-15,persistence,1.5547493,1.4176441,0.27951974,1.0474033,1.6208473,0.36378264,1.0473243
arlington,nearest_norepo,2025-11-15,seasonal,1.5286027,1.062565,0.25715598,1.7216889,1.6412715,0.36089087,1.0953625
arlington,p1_greedy,2025-11-15,persistence,1.5547493,1.384857,0.30197185,1.0431597,1.616282,0.37655005,1.0462617
arlington,p1_greedy,2025-11-15,seasonal,1.5286027,1.0384853,0.2754706,1.7069304,1.6151726,0.37683624,1.0902497
arlington,p2_nm,2025-11-15,persistence,1.5547493,1.3990451,0.2816589,1.0553019,1.652669,0.38261077,1.0543392
arlington,p2_nm,2025-11-15,seasonal,1.5286027,1.0668281,0.25544846,1.710995,1.6330626,0.37315252,1.0946816
arlington,p2_wdf,2025-11-15,persistence,1.5547493,1.2750698,0.50028235,0.8395501,1.5928034,0.41879973,1.0302092
arlington,p2_wdf,2025-11-15,seasonal,1.5286027,0.9518956,0.4454324,1.7134506,1.6288674,0.40793264,1.1126969
nagpur,nearest,2025-10-08,persistence,1.910863,1.8102562,0.4553968,1.8418918,1.4677274,0.52907306,1.335868
nagpur,nearest,2025-10-08,seasonal,1.362356,0.95796776,0.3183598,2.7033772,1.7785522,0.42150283,1.2570194
nagpur,nearest_norepo,2025-10-08,persistence,1.910863,1.7570554,0.55424494,1.6673236,1.4035245,0.53295934,1.3043284
nagpur,nearest_norepo,2025-10-08,seasonal,1.362356,0.91786236,0.37764043,2.9912198,1.6772859,0.4270132,1.2922297
nagpur,p1_greedy,2025-10-08,persistence,1.910863,1.7527856,0.5644222,1.6587863,1.4208088,0.5564145,1.31068
nagpur,p1_greedy,2025-10-08,seasonal,1.362356,0.92297506,0.37150353,3.0287578,1.7039088,0.4479811,1.3062471
nagpur,p2_nm,2025-10-08,persistence,1.910863,1.7840604,0.54521656,1.6839701,1.4288251,0.541282,1.3157028
nagpur,p2_nm,2025-10-08,seasonal,1.362356,0.9366754,0.3714556,2.9798386,1.7043477,0.43235603,1.2978382
nagpur,p2_wdf,2025-10-08,persistence,1.910863,1.5030942,1.0501881,1.4892119,1.5122023,0.63504714,1.3501011
nagpur,p2_wdf,2025-10-08,seasonal,1.362356,0.77759683,0.74594194,2.7550821,1.625411,0.51345766,1.296641
nagpur,nearest,2025-11-15,persistence,1.8819382,1.756205,0.33279324,1.7805812,1.4176841,0.42980245,1.2665006
nagpur,nearest,2025-11-15,seasonal,1.8322982,1.2574062,0.30639938,3.6926527,2.2607546,0.40381348,1.6255541
nagpur,nearest_norepo,2025-11-15,persistence,1.8819382,1.7182252,0.3993466,1.6708062,1.385178,0.4619431,1.2529062
nagpur,nearest_norepo,2025-11-15,seasonal,1.8322982,1.2097534,0.35357848,4.0324736,2.1334743,0.42822024,1.6649662
nagpur,p1_greedy,2025-11-15,persistence,1.8819382,1.6838614,0.42340198,1.6942855,1.3652843,0.45848408,1.2512094
nagpur,p1_greedy,2025-11-15,seasonal,1.8322982,1.2154549,0.3709941,3.7833595,2.1164577,0.431319,1.6249806
nagpur,p2_nm,2025-11-15,persistence,1.8819382,1.7035936,0.42483786,1.6784366,1.3807216,0.43657258,1.2510167
nagpur,p2_nm,2025-11-15,seasonal,1.8322982,1.2448045,0.36084992,3.8543367,2.1445825,0.41607165,1.6421572
nagpur,p2_wdf,2025-11-15,persistence,1.8819382,1.4478443,0.95963675,1.5271062,1.4967371,0.56671655,1.3133298
nagpur,p2_wdf,2025-11-15,seasonal,1.8322982,0.9809091,0.86414826,3.5825624,2.0445597,0.5223852,1.6378106
coimbatore,nearest,2025-10-08,persistence,1.0506516,0.9491718,0.21051669,1.4047242,1.0203314,0.17484145,0.80170614
coimbatore,nearest,2025-10-08,seasonal,0.85997427,0.6065708,0.18321587,2.1795406,1.3860991,0.16359077,0.8964986
coimbatore,nearest_norepo,2025-10-08,persistence,1.0506516,0.88865626,0.27467254,1.3108946,0.9523126,0.18687342,0.7773435
coimbatore,nearest_norepo,2025-10-08,seasonal,0.85997427,0.5819745,0.22850823,2.378191,1.2807686,0.1748448,0.9173768
coimbatore,p1_greedy,2025-10-08,persistence,1.0506516,0.9013045,0.2708515,1.294597,0.9440687,0.19592288,0.7762327
coimbatore,p1_greedy,2025-10-08,seasonal,0.85997427,0.58226347,0.22381407,2.3435698,1.2845362,0.17886683,0.9121708
coimbatore,p2_nm,2025-10-08,persistence,1.0506516,0.89904135,0.26360512,1.2896302,0.9602194,0.20001149,0.77719325
coimbatore,p2_nm,2025-10-08,seasonal,0.85997427,0.5897028,0.21012,2.4054878,1.2981808,0.18580912,0.9248791
coimbatore,p2_wdf,2025-10-08,persistence,1.0506516,0.7069474,0.48241776,1.2551965,1.0269341,0.23376329,0.7926517
coimbatore,p2_wdf,2025-10-08,seasonal,0.85997427,0.47175765,0.39106226,2.3347173,1.19411,0.21568623,0.9112179
coimbatore,nearest,2025-11-15,persistence,0.99068934,0.8643285,0.19608323,1.3839036,0.97504514,0.17505136,0.7641835
coimbatore,nearest,2025-11-15,seasonal,0.9967336,0.70984745,0.18756968,2.6397798,1.9004235,0.17077132,1.1008543
coimbatore,nearest_norepo,2025-11-15,persistence,0.99068934,0.84288216,0.23094143,1.2996613,0.90547514,0.18121503,0.74181074
coimbatore,nearest_norepo,2025-11-15,seasonal,0.9967336,0.690855,0.22288588,2.8059335,1.7460669,0.17290203,1.1058961
coimbatore,p1_greedy,2025-11-15,persistence,0.99068934,0.85267544,0.2298314,1.291839,0.9241236,0.16773489,0.7428157
coimbatore,p1_greedy,2025-11-15,seasonal,0.9967336,0.69549793,0.2199669,2.8067906,1.75633,0.16378106,1.1065167
coimbatore,p2_nm,2025-11-15,persistence,0.99068934,0.86899877,0.22165577,1.2955884,0.91676915,0.17872618,0.74540454
coimbatore,p2_nm,2025-11-15,seasonal,0.9967336,0.70157915,0.20577374,2.6938348,1.7567418,0.17366855,1.0880553
coimbatore,p2_wdf,2025-11-15,persistence,0.99068934,0.6676173,0.46723452,1.2227811,0.9852703,0.21437675,0.75799495
coimbatore,p2_wdf,2025-11-15,seasonal,0.9967336,0.5498429,0.4168329,2.5967157,1.6003152,0.21070781,1.061858
chandigarh,nearest,2025-10-08,persistence,0.6622813,0.60357296,0.07499452,0.9156438,0.96723336,0.10465107,0.5547295
chandigarh,nearest,2025-10-08,seasonal,0.60028696,0.46293542,0.07430392,1.2478882,1.1309708,0.102742165,0.603188
chandigarh,nearest_norepo,2025-10-08,persistence,0.6622813,0.59446865,0.08433594,0.75679094,0.89554846,0.109204955,0.51710504
chandigarh,nearest_norepo,2025-10-08,seasonal,0.60028696,0.4588386,0.08352622,1.3114197,0.9907748,0.10484566,0.5916154
chandigarh,p1_greedy,2025-10-08,persistence,0.6622813,0.5893246,0.09066412,0.7620044,0.88929373,0.11117514,0.5174572
chandigarh,p1_greedy,2025-10-08,seasonal,0.60028696,0.45279837,0.0857864,1.3399448,0.9952951,0.10704113,0.5968588
chandigarh,p2_nm,2025-10-08,persistence,0.6622813,0.59187955,0.09374247,0.7555254,0.87521684,0.10637185,0.51416963
chandigarh,p2_nm,2025-10-08,seasonal,0.60028696,0.44824216,0.090226784,1.3745635,0.99401104,0.10293964,0.6017117
chandigarh,p2_wdf,2025-10-08,persistence,0.6622813,0.46233448,0.24150611,0.674124,0.84334457,0.13761343,0.503534
chandigarh,p2_wdf,2025-10-08,seasonal,0.60028696,0.363113,0.21104988,1.4419509,0.9338939,0.13010047,0.6133992
chandigarh,nearest,2025-11-15,persistence,0.5808915,0.54931843,0.045455515,0.9086468,0.8936664,0.08317021,0.5101915
chandigarh,nearest,2025-11-15,seasonal,0.583581,0.49022725,0.049633015,1.7450606,1.3597357,0.084873475,0.7188518
chandigarh,nearest_norepo,2025-11-15,persistence,0.5808915,0.5363181,0.06283169,0.739695,0.79938847,0.08535966,0.46741405
chandigarh,nearest_norepo,2025-11-15,seasonal,0.583581,0.47799742,0.06505567,1.8421606,1.172206,0.08660344,0.70460075
chandigarh,p1_greedy,2025-11-15,persistence,0.5808915,0.54582316,0.05202387,0.7571427,0.8089706,0.08306438,0.4713194
chandigarh,p1_greedy,2025-11-15,seasonal,0.583581,0.48551977,0.05563247,1.7924745,1.1777906,0.084882125,0.69664675
chandigarh,p2_nm,2025-11-15,persistence,0.5808915,0.53877366,0.059934486,0.75068414,0.78811955,0.08519125,0.46726575
chandigarh,p2_nm,2025-11-15,seasonal,0.583581,0.47948843,0.062427342,1.8207052,1.1647992,0.0873768,0.6997296
chandigarh,p2_wdf,2025-11-15,persistence,0.5808915,0.41157737,0.20192918,0.665639,0.7658731,0.10889306,0.45580056
chandigarh,p2_wdf,2025-11-15,seasonal,0.583581,0.37634456,0.185779,1.8783002,1.1148155,0.10717749,0.7076662
pittsburgh,nearest,2025-10-08,persistence,0.50249195,0.4441534,0.06681661,0.42035282,0.78503,0.099607356,0.38640872
pittsburgh,nearest,2025-10-08,seasonal,0.4607803,0.36020005,0.065783225,0.6247895,0.8155815,0.09795113,0.40418097
pittsburgh,nearest_norepo,2025-10-08,persistence,0.50249195,0.43913546,0.073270895,0.3394516,0.72053707,0.103905044,0.36313197
pittsburgh,nearest_norepo,2025-10-08,seasonal,0.4607803,0.35923895,0.070702955,0.6797421,0.7322838,0.10193758,0.40078095
pittsburgh,p1_greedy,2025-10-08,persistence,0.50249195,0.43302724,0.08054473,0.33981124,0.72650397,0.114780895,0.36619332
pittsburgh,p1_greedy,2025-10-08,seasonal,0.4607803,0.3533065,0.07787687,0.6663471,0.7343032,0.11139483,0.40066814
pittsburgh,p2_nm,2025-10-08,persistence,0.50249195,0.44126412,0.07516923,0.33692,0.73014754,0.11572974,0.36695376
pittsburgh,p2_nm,2025-10-08,seasonal,0.4607803,0.3562575,0.07411638,0.6812962,0.74919224,0.1110145,0.40544286
pittsburgh,p2_wdf,2025-10-08,persistence,0.50249195,0.38744774,0.13389708,0.29021856,0.6992099,0.11452815,0.35463223
pittsburgh,p2_wdf,2025-10-08,seasonal,0.4607803,0.3191157,0.123902954,0.70838004,0.7508499,0.11102958,0.4123431
pittsburgh,nearest,2025-11-15,persistence,0.52276343,0.4781329,0.0592384,0.4206479,0.8151239,0.08636007,0.39704442
pittsburgh,nearest,2025-11-15,seasonal,0.5229213,0.43707284,0.06083794,0.77672625,1.045745,0.0880421,0.48855758
pittsburgh,nearest_norepo,2025-11-15,persistence,0.52276343,0.46212864,0.0735045,0.3404206,0.76898706,0.09448009,0.3770474
pittsburgh,nearest_norepo,2025-11-15,seasonal,0.5229213,0.42697522,0.07245719,0.8551444,0.9832555,0.09514019,0.49264896
pittsburgh,p1_greedy,2025-11-15,persistence,0.52276343,0.46412334,0.07609512,0.35684162,0.77399635,0.10127916,0.3825165
pittsburgh,p1_greedy,2025-11-15,seasonal,0.5229213,0.42969704,0.07490906,0.8545268,0.98396164,0.10163534,0.49460855
pittsburgh,p2_nm,2025-11-15,persistence,0.52276343,0.4673568,0.07184459,0.34898576,0.7751216,0.09692874,0.3805002
pittsburgh,p2_nm,2025-11-15,seasonal,0.5229213,0.43011695,0.07139228,0.856684,0.98386633,0.09759206,0.49376214
pittsburgh,p2_wdf,2025-11-15,persistence,0.52276343,0.4089507,0.13414611,0.29524526,0.7458928,0.09927034,0.36771145
pittsburgh,p2_wdf,2025-11-15,seasonal,0.5229213,0.38129127,0.1269893,0.83137333,0.9934361,0.09941974,0.49257186
portland,nearest,2025-10-08,persistence,1.5324832,1.3825618,0.25967726,1.1849222,1.4831214,0.38462916,1.0378991
portland,nearest,2025-10-08,seasonal,1.1505408,0.7881707,0.20997947,1.173638,1.360632,0.32619023,0.8348586
portland,nearest_norepo,2025-10-08,persistence,1.5324832,1.3792968,0.3248466,0.9541857,1.4402213,0.4164801,1.007919
portland,nearest_norepo,2025-10-08,seasonal,1.1505408,0.78036684,0.24215794,1.2322162,1.2385948,0.3450792,0.8314927
portland,p1_greedy,2025-10-08,persistence,1.5324832,1.3877455,0.33140093,0.9358362,1.421288,0.43022105,1.0064958
portland,p1_greedy,2025-10-08,seasonal,1.1505408,0.783936,0.25058886,1.2028842,1.2392163,0.35574767,0.83048564
portland,p2_nm,2025-10-08,persistence,1.5324832,1.3730911,0.3388313,0.9682688,1.4184911,0.41592288,1.0078481
portland,p2_nm,2025-10-08,seasonal,1.1505408,0.77810466,0.2607917,1.2628163,1.2384598,0.34605432,0.83946115
portland,p2_wdf,2025-10-08,persistence,1.5324832,1.2655798,0.54901403,0.8013842,1.4604431,0.4431487,1.0086755
portland,p2_wdf,2025-10-08,seasonal,1.1505408,0.71075815,0.42082503,1.3182926,1.243723,0.3666619,0.8684669
portland,nearest,2025-11-15,persistence,1.5512464,1.43284,0.24279732,1.1616763,1.514253,0.4016969,1.0507517
portland,nearest,2025-11-15,seasonal,1.5430532,1.0593063,0.22877482,1.4373672,1.7197341,0.3855916,1.0623045
portland,nearest_norepo,2025-11-15,persistence,1.5512464,1.3809592,0.32313168,0.96211326,1.4872245,0.42050272,1.0208629
portland,nearest_norepo,2025-11-15,seasonal,1.5430532,1.0226367,0.29065657,1.5649179,1.5393088,0.40940282,1.0616627
portland,p1_greedy,2025-11-15,persistence,1.5512464,1.383058,0.33279616,0.9499083,1.4791745,0.4395365,1.02262
portland,p1_greedy,2025-11-15,seasonal,1.5430532,1.0221545,0.29093143,1.5600083,1.5339814,0.43367624,1.0639675
portland,p2_nm,2025-11-15,persistence,1.5512464,1.3903468,0.31389827,0.975651,1.4609181,0.4321866,1.0207078
portland,p2_nm,2025-11-15,seasonal,1.5430532,1.0319276,0.2811753,1.5831194,1.5393519,0.42091945,1.0665911
portland,p2_wdf,2025-11-15,persistence,1.5512464,1.2841809,0.56110513,0.75370073,1.4885582,0.46737415,1.0176944
portland,p2_wdf,2025-11-15,seasonal,1.5430532,0.93351763,0.47757313,1.5715499,1.6075249,0.45104045,1.0973765
panaji,nearest,2025-10-08,persistence,0.39377013,0.3376954,0.065190144,0.5704498,0.6010436,0.053213198,0.3368937
panaji,nearest,2025-10-08,seasonal,0.368686,0.28863978,0.06289605,1.1116208,0.76556724,0.051344868,0.44145915
panaji,nearest_norepo,2025-10-08,persistence,0.39377013,0.33205947,0.069716066,0.48354894,0.5474055,0.05475238,0.3135421
panaji,nearest_norepo,2025-10-08,seasonal,0.368686,0.28104421,0.0670647,1.1764934,0.6727681,0.054129586,0.4366977
panaji,p1_greedy,2025-10-08,persistence,0.39377013,0.33467546,0.06590743,0.5071222,0.56110513,0.06539204,0.32132873
panaji,p1_greedy,2025-10-08,seasonal,0.368686,0.2843604,0.064503536,1.133733,0.6851684,0.061587635,0.4330065
panaji,p2_nm,2025-10-08,persistence,0.39377013,0.32740197,0.07049497,0.48900244,0.53732,0.062048793,0.3133397
panaji,p2_nm,2025-10-08,seasonal,0.368686,0.2836908,0.06854299,1.1562041,0.6713117,0.06016596,0.4347669
panaji,p2_wdf,2025-10-08,persistence,0.39377013,0.27042636,0.13453051,0.45670745,0.5257956,0.08264089,0.31064516
panaji,p2_wdf,2025-10-08,seasonal,0.368686,0.24224004,0.121574834,1.0306258,0.66094506,0.07864911,0.41712013
panaji,nearest,2025-11-15,persistence,0.35526443,0.30765027,0.048473958,0.60960084,0.5992786,0.0592568,0.3299208
panaji,nearest,2025-11-15,seasonal,0.35299098,0.28834325,0.04775697,1.4501393,0.85030836,0.05906003,0.50809985
panaji,nearest_norepo,2025-11-15,persistence,0.35526443,0.2971322,0.0589003,0.5355042,0.49335077,0.05858815,0.29979
panaji,nearest_norepo,2025-11-15,seasonal,0.35299098,0.2791829,0.0594214,1.5864885,0.6936583,0.058027808,0.50496167
panaji,p1_greedy,2025-11-15,persistence,0.35526443,0.2972682,0.06285348,0.5229751,0.5080305,0.06050962,0.30115017
panaji,p1_greedy,2025-11-15,seasonal,0.35299098,0.27543452,0.06258015,1.5521494,0.7035103,0.059644192,0.5010516
panaji,p2_nm,2025-11-15,persistence,0.35526443,0.27910453,0.075928636,0.5260908,0.4666695,0.06210035,0.29419306
panaji,p2_nm,2025-11-15,seasonal,0.35299098,0.267581,0.07435636,1.629197,0.6784259,0.0615328,0.5106806
panaji,p2_wdf,2025-11-15,persistence,0.35526443,0.2389899,0.12267525,0.5017412,0.46530604,0.06602776,0.29166743
panaji,p2_wdf,2025-11-15,seasonal,0.35299098,0.23023222,0.1127975,1.6466631,0.65101963,0.063498884,0.5095337
udaipur,nearest,2025-10-08,persistence,0.3698245,0.32816336,0.045110747,0.526122,0.6269268,0.069702946,0.32764173
udaipur,nearest,2025-10-08,seasonal,0.34263673,0.27730775,0.045921072,0.978,0.7734886,0.068854615,0.41436812
udaipur,nearest_norepo,2025-10-08,persistence,0.3698245,0.32506454,0.044609256,0.43703085,0.55177283,0.068873405,0.29952922
udaipur,nearest_norepo,2025-10-08,seasonal,0.34263673,0.2759928,0.045363627,1.0498164,0.64171857,0.06926044,0.4041314
udaipur,p1_greedy,2025-10-08,persistence,0.3698245,0.32554886,0.046975702,0.44257095,0.5673285,0.06867492,0.30348724
udaipur,p1_greedy,2025-10-08,seasonal,0.34263673,0.27400276,0.04789238,1.0235761,0.6555324,0.067478165,0.40185308
udaipur,p2_nm,2025-10-08,persistence,0.3698245,0.32333648,0.050222643,0.43681678,0.56107527,0.069748476,0.30183738
udaipur,p2_nm,2025-10-08,seasonal,0.34263673,0.2722114,0.049797162,1.0111458,0.6434347,0.06817193,0.39789963
udaipur,p2_wdf,2025-10-08,persistence,0.3698245,0.26205152,0.11713125,0.38208947,0.5168393,0.08805483,0.28933182
udaipur,p2_wdf,2025-10-08,seasonal,0.34263673,0.2261189,0.104263276,1.061405,0.63534504,0.085125886,0.40914914
udaipur,nearest,2025-11-15,persistence,0.32535943,0.29974496,0.028391384,0.51730204,0.54039586,0.04871816,0.29331866
udaipur,nearest,2025-11-15,seasonal,0.3218621,0.28167614,0.030858416,1.3672081,0.8331447,0.051296085,0.48100758
udaipur,nearest_norepo,2025-11-15,persistence,0.32535943,0.29121172,0.033570796,0.43044546,0.48705706,0.0529191,0.27009395
udaipur,nearest_norepo,2025-11-15,seasonal,0.3218621,0.27535492,0.035443094,1.38164,0.7074008,0.05432979,0.4626718
udaipur,p1_greedy,2025-11-15,persistence,0.32535943,0.29178393,0.03431318,0.45246747,0.4892493,0.048368476,0.2735903
udaipur,p1_greedy,2025-11-15,seasonal,0.3218621,0.27518445,0.03535165,1.4586562,0.7098612,0.050092466,0.47516802
udaipur,p2_nm,2025-11-15,persistence,0.32535943,0.28996724,0.035928275,0.43790397,0.481685,0.051301066,0.27035752
udaipur,p2_nm,2025-11-15,seasonal,0.3218621,0.27539703,0.03687643,1.4768567,0.7061115,0.05319959,0.4783839
udaipur,p2_wdf,2025-11-15,persistence,0.32535943,0.21574825,0.11941509,0.39358562,0.43061304,0.066060364,0.25846362
udaipur,p2_wdf,2025-11-15,seasonal,0.3218621,0.20932241,0.10873383,1.4700847,0.65758425,0.06550469,0.472182
puducherry,nearest,2025-10-08,persistence,0.46559063,0.42248103,0.04736621,0.5203082,0.7237643,0.07121269,0.37512052
puducherry,nearest,2025-10-08,seasonal,0.42188412,0.34879515,0.048172507,0.841876,0.76702493,0.07251029,0.4167105
puducherry,nearest_norepo,2025-10-08,persistence,0.46559063,0.43039453,0.043907586,0.46054634,0.6672048,0.07124808,0.356482
puducherry,nearest_norepo,2025-10-08,seasonal,0.42188412,0.35774675,0.04577118,0.94313973,0.69532835,0.07186203,0.422622
puducherry,p1_greedy,2025-10-08,persistence,0.46559063,0.41120046,0.06530839,0.46380645,0.6434297,0.07575163,0.3541812
puducherry,p1_greedy,2025-10-08,seasonal,0.42188412,0.3406421,0.06369949,0.9394434,0.6731974,0.07545742,0.419054
puducherry,p2_nm,2025-10-08,persistence,0.46559063,0.4144145,0.054617275,0.4504406,0.662254,0.0735508,0.35347795
puducherry,p2_nm,2025-10-08,seasonal,0.42188412,0.350633,0.055718947,0.92305875,0.6836379,0.07657078,0.4185839
puducherry,p2_wdf,2025-10-08,persistence,0.46559063,0.37426376,0.100900345,0.4222914,0.64738804,0.07558857,0.34767044
puducherry,p2_wdf,2025-10-08,seasonal,0.42188412,0.3114172,0.09288051,0.901225,0.6806489,0.07629844,0.41405904
puducherry,nearest,2025-11-15,persistence,0.386131,0.35205507,0.039941188,0.5215296,0.6174402,0.0525517,0.32827482
puducherry,nearest,2025-11-15,seasonal,0.39978603,0.33499348,0.04198308,1.0912044,0.8329852,0.056782596,0.4596224
puducherry,nearest_norepo,2025-11-15,persistence,0.386131,0.35550246,0.038468204,0.46089128,0.5482786,0.054680374,0.30732533
puducherry,nearest_norepo,2025-11-15,seasonal,0.39978603,0.3348122,0.042318434,1.2713381,0.71397716,0.057367843,0.46993327
puducherry,p1_greedy,2025-11-15,persistence,0.386131,0.35454407,0.03484651,0.4701931,0.5555006,0.056335002,0.3095917
puducherry,p1_greedy,2025-11-15,seasonal,0.39978603,0.33768126,0.038550563,1.3111051,0.7125275,0.060593195,0.47670725
puducherry,p2_nm,2025-11-15,persistence,0.386131,0.3457793,0.045837797,0.4582166,0.5397291,0.061548293,0.30620703
puducherry,p2_nm,2025-11-15,seasonal,0.39978603,0.3288796,0.047193784,1.3694938,0.70374537,0.06416614,0.48554412
puducherry,p2_wdf,2025-11-15,persistence,0.386131,0.31739518,0.08094027,0.4102408,0.55817103,0.06546232,0.30305675
puducherry,p2_wdf,2025-11-15,seasonal,0.39978603,0.30457896,0.07796098,1.208568,0.7343075,0.06703956,0.46537352
boulder,nearest,2025-10-08,persistence,0.5169961,0.46226606,0.074660815,0.2959946,0.77229357,0.13766679,0.37664628
boulder,nearest,2025-10-08,seasonal,0.48109633,0.37979847,0.07671879,0.4059497,0.67595947,0.13757966,0.35951707
boulder,nearest_norepo,2025-10-08,persistence,0.5169961,0.45935458,0.07277969,0.27089128,0.7298066,0.13830806,0.36468938
boulder,nearest_norepo,2025-10-08,seasonal,0.48109633,0.37472197,0.07528344,0.47175547,0.62512094,0.14121643,0.36153245
boulder,p1_greedy,2025-10-08,persistence,0.5169961,0.44860747,0.08893963,0.27052826,0.7199468,0.14897047,0.3656648
boulder,p1_greedy,2025-10-08,seasonal,0.48109633,0.36866626,0.08726764,0.4847512,0.62909544,0.14587878,0.36612594
boulder,p2_nm,2025-10-08,persistence,0.5169961,0.45302647,0.07837945,0.27425197,0.7261621,0.14696535,0.36596358
boulder,p2_nm,2025-10-08,seasonal,0.48109633,0.37601689,0.0793112,0.46554244,0.6280862,0.14613639,0.36269823
boulder,p2_wdf,2025-10-08,persistence,0.5169961,0.42396194,0.11127247,0.21719034,0.7363636,0.14051029,0.35771582
boulder,p2_wdf,2025-10-08,seasonal,0.48109633,0.34937182,0.1076734,0.42723313,0.6681735,0.14013693,0.36228085
boulder,nearest,2025-11-15,persistence,0.51668507,0.43863487,0.08774617,0.29055348,0.71064574,0.14256379,0.36447152
boulder,nearest,2025-11-15,seasonal,0.51989454,0.40901494,0.087963656,0.46603638,0.72599477,0.1552574,0.39402696
boulder,nearest_norepo,2025-11-15,persistence,0.51668507,0.4384781,0.08514805,0.26640978,0.67273504,0.12595676,0.3509021
boulder,nearest_norepo,2025-11-15,seasonal,0.51989454,0.40741318,0.08693085,0.52892256,0.69644076,0.14156185,0.3968606
boulder,p1_greedy,2025-11-15,persistence,0.51668507,0.42650917,0.09487949,0.2600992,0.6838006,0.14358197,0.35425925
boulder,p1_greedy,2025-11-15,seasonal,0.51989454,0.39697078,0.096976206,0.5081158,0.71479213,0.15704376,0.39896557
boulder,p2_nm,2025-11-15,persistence,0.51668507,0.43696144,0.08641917,0.26618537,0.6930467,0.14763585,0.3578223
boulder,p2_nm,2025-11-15,seasonal,0.51989454,0.40630218,0.08812896,0.5183827,0.7003398,0.15761258,0.39844346
boulder,p2_wdf,2025-11-15,persistence,0.51668507,0.41256124,0.11725863,0.21935378,0.69772124,0.14721061,0.35179844
boulder,p2_wdf,2025-11-15,seasonal,0.51989454,0.38348237,0.11401736,0.4958466,0.75528985,0.1582839,0.40446913
annarbor,nearest,2025-10-08,persistence,0.47550634,0.44225702,0.04245318,0.49119538,0.73534703,0.080724865,0.37791398
annarbor,nearest,2025-10-08,seasonal,0.44861996,0.38120845,0.04311093,0.78745663,0.6897321,0.08160727,0.4052892
annarbor,nearest_norepo,2025-10-08,persistence,0.47550634,0.43978664,0.049641103,0.40597934,0.67923075,0.085460134,0.35593405
annarbor,nearest_norepo,2025-10-08,seasonal,0.44861996,0.37899077,0.04752484,0.84709126,0.61164194,0.08383376,0.4029504
annarbor,p1_greedy,2025-10-08,persistence,0.47550634,0.42777795,0.059376393,0.39890978,0.67614776,0.095314,0.35550538
annarbor,p1_greedy,2025-10-08,seasonal,0.44861996,0.36675864,0.054763738,0.83575034,0.59827256,0.09514393,0.3998849
annarbor,p2_nm,2025-10-08,persistence,0.47550634,0.43257615,0.056355,0.4058325,0.67086184,0.08741105,0.3547572
annarbor,p2_nm,2025-10-08,seasonal,0.44861996,0.36997262,0.053160634,0.8604042,0.60603523,0.088163026,0.4043926
annarbor,p2_wdf,2025-10-08,persistence,0.47550634,0.39670095,0.09957743,0.33414218,0.7006748,0.09793823,0.35075668
annarbor,p2_wdf,2025-10-08,seasonal,0.44861996,0.3357515,0.09045287,0.8343106,0.65912354,0.09575999,0.4106697
annarbor,nearest,2025-11-15,persistence,0.48557988,0.45516863,0.03670277,0.4720256,0.7581345,0.076094255,0.3806176
annarbor,nearest,2025-11-15,seasonal,0.4815227,0.41490048,0.040008094,0.8411751,0.8270739,0.082647845,0.44788802
annarbor,nearest_norepo,2025-11-15,persistence,0.48557988,0.45247126,0.037299193,0.4211035,0.6929245,0.07598954,0.36089465
annarbor,nearest_norepo,2025-11-15,seasonal,0.4815227,0.41567114,0.04084354,0.8975651,0.746834,0.08131873,0.4439592
annarbor,p1_greedy,2025-11-15,persistence,0.48557988,0.44555795,0.049609542,0.40539455,0.6683606,0.07815978,0.35544372
annarbor,p1_greedy,2025-11-15,seasonal,0.4815227,0.4064667,0.051906303,0.9423938,0.726005,0.08285716,0.44852528
annarbor,p2_nm,2025-11-15,persistence,0.48557988,0.4393083,0.04862217,0.41761994,0.6675685,0.08621275,0.3574852
annarbor,p2_nm,2025-11-15,seasonal,0.4815227,0.4115333,0.050723504,0.9459918,0.72058594,0.08980657,0.45002732
annarbor,p2_wdf,2025-11-15,persistence,0.48557988,0.39577255,0.10377785,0.32403147,0.6911871,0.087113224,0.3479103
annarbor,p2_wdf,2025-11-15,seasonal,0.4815227,0.36572877,0.098543264,0.94309175,0.79453593,0.09133487,0.46245953
sf,nearest,2025-10-08,glm,0.5979476,0.48486212,0.17788213,0.81181914,0.9380651,0.24348603,0.5423437
sf,nearest_norepo,2025-10-08,glm,0.6171223,0.47045368,0.17655696,0.68020487,0.8858369,0.23020999,0.5100641
sf,p1_greedy,2025-10-08,glm,0.61754036,0.4718532,0.17986892,0.67817277,0.883149,0.23553623,0.5110201
sf,p2_nm,2025-10-08,glm,0.616965,0.47142375,0.17977317,0.6855444,0.8823486,0.2330151,0.5115116
sf,p2_wdf,2025-10-08,glm,0.6165139,0.4264722,0.2544049,0.7024224,0.9098191,0.24297012,0.52543384
sf,nearest,2025-11-15,glm,0.6124068,0.5044298,0.1935056,0.79785234,0.9357036,0.2663581,0.55170935
sf,nearest_norepo,2025-11-15,glm,0.63089293,0.48933846,0.19086191,0.6592742,0.8871266,0.25416452,0.51860976
sf,p1_greedy,2025-11-15,glm,0.6312903,0.4903442,0.19234446,0.66043794,0.88638,0.25586718,0.51944405
sf,p2_nm,2025-11-15,glm,0.63108397,0.4907461,0.19181018,0.66111135,0.8859051,0.25651905,0.5195293
sf,p2_wdf,2025-11-15,glm,0.6302855,0.45227417,0.25171834,0.66823876,0.9285547,0.26502204,0.53268224
pune,nearest,2025-10-08,glm,0.7219505,0.5432819,0.29509446,1.4504236,1.3199252,0.29517856,0.77097565
pune,nearest_norepo,2025-10-08,glm,0.7318201,0.53201467,0.31428087,1.3907019,1.219594,0.28893605,0.74622464
pune,p1_greedy,2025-10-08,glm,0.731647,0.5307872,0.31744456,1.3870531,1.2139406,0.29118308,0.74534255
pune,p2_nm,2025-10-08,glm,0.7316071,0.5286397,0.31480473,1.3854504,1.2178357,0.29262578,0.7451606
pune,p2_wdf,2025-10-08,glm,0.7268077,0.49317008,0.4181596,1.3983854,1.1650709,0.31346902,0.7525105
pune,nearest,2025-11-15,glm,0.6898553,0.52846396,0.2750187,1.5756673,1.2669067,0.29600754,0.77198654
pune,nearest_norepo,2025-11-15,glm,0.69927263,0.51661307,0.29009342,1.4835176,1.1649852,0.28681785,0.7402167
pune,p1_greedy,2025-11-15,glm,0.69961077,0.5147061,0.28943545,1.5090445,1.163534,0.28648347,0.74380237
pune,p2_nm,2025-11-15,glm,0.69925475,0.513926,0.2905789,1.5138397,1.1601596,0.2855702,0.7438882
pune,p2_wdf,2025-11-15,glm,0.69240606,0.4788824,0.3932627,1.4953195,1.1218332,0.2981552,0.74664325
navimumbai,nearest,2025-10-08,glm,0.40217245,0.3233493,0.18923588,0.6725154,0.6941472,0.22654684,0.4179945
navimumbai,nearest_norepo,2025-10-08,glm,0.40902779,0.31675297,0.19014183,0.60933524,0.64744437,0.21853298,0.39853922
navimumbai,p1_greedy,2025-10-08,glm,0.4079186,0.3117978,0.19527653,0.63426965,0.6380143,0.2148184,0.40034923
navimumbai,p2_nm,2025-10-08,glm,0.40839735,0.3142452,0.19259007,0.6123102,0.6410357,0.21932526,0.397984
navimumbai,p2_wdf,2025-10-08,glm,0.40555575,0.29570907,0.22211279,0.65331954,0.6358773,0.21962169,0.40536603
navimumbai,nearest,2025-11-15,glm,0.37582797,0.31996608,0.1954365,0.7430721,0.64572394,0.23737063,0.41956618
navimumbai,nearest_norepo,2025-11-15,glm,0.38393703,0.31086078,0.19318657,0.7124245,0.590997,0.22625418,0.40294334
navimumbai,p1_greedy,2025-11-15,glm,0.3838643,0.31201023,0.19340564,0.71505827,0.589435,0.22558318,0.40322605
navimumbai,p2_nm,2025-11-15,glm,0.38373837,0.31420115,0.19263713,0.71402985,0.58877856,0.22488949,0.40304577
navimumbai,p2_wdf,2025-11-15,glm,0.37913826,0.28701347,0.22594753,0.71592546,0.5792172,0.22604118,0.40221384
thane,nearest,2025-10-08,glm,0.44845104,0.35686943,0.18776481,0.81159747,0.8195167,0.22320174,0.47456685
thane,nearest_norepo,2025-10-08,glm,0.4596717,0.34639883,0.18996254,0.7467479,0.7646309,0.21541408,0.45380434
thane,p1_greedy,2025-10-08,glm,0.45982033,0.34629843,0.1923155,0.7535487,0.76517224,0.21876135,0.4559861
thane,p2_nm,2025-10-08,glm,0.4594135,0.34536734,0.19158727,0.76476544,0.7577727,0.21689974,0.45596763
thane,p2_wdf,2025-10-08,glm,0.45500708,0.31722796,0.24396269,0.7997799,0.7405356,0.21749459,0.46233463
thane,nearest,2025-11-15,glm,0.43015555,0.35546893,0.19275382,0.8432593,0.76720977,0.23715892,0.47100106
thane,nearest_norepo,2025-11-15,glm,0.44204298,0.34755307,0.19105619,0.7747084,0.71748555,0.226431,0.4498795
thane,p1_greedy,2025-11-15,glm,0.44170466,0.34613955,0.19251265,0.76911855,0.71568286,0.22640926,0.44859457
thane,p2_nm,2025-11-15,glm,0.44120887,0.345205,0.19292486,0.7677802,0.7117288,0.22521313,0.44734347
thane,p2_wdf,2025-11-15,glm,0.435347,0.31433016,0.24390364,0.81547093,0.68679976,0.22908983,0.45415688
arlington,nearest,2025-10-08,glm,0.6373673,0.4970252,0.2622912,0.81644857,1.0286,0.3266593,0.5947319
arlington,nearest_norepo,2025-10-08,glm,0.6531676,0.48863542,0.26290837,0.7928283,0.95009285,0.31050268,0.5763559
arlington,p1_greedy,2025-10-08,glm,0.65283006,0.48577085,0.26682714,0.7957116,0.9575584,0.3154147,0.5790188
arlington,p2_nm,2025-10-08,glm,0.6528157,0.48961928,0.26843,0.7930099,0.95383805,0.31581524,0.5789214
arlington,p2_wdf,2025-10-08,glm,0.6510216,0.4729415,0.31374595,0.78528565,0.971121,0.32368317,0.58629984
arlington,nearest,2025-11-15,glm,0.64038193,0.50097114,0.2895401,0.7759507,0.9878306,0.35324764,0.59132034
arlington,nearest_norepo,2025-11-15,glm,0.6530495,0.49203676,0.28698033,0.7651642,0.936711,0.33846077,0.57873374
arlington,p1_greedy,2025-11-15,glm,0.653446,0.48719224,0.29279187,0.771394,0.9295382,0.34120494,0.5792612
arlington,p2_nm,2025-11-15,glm,0.6537656,0.49209365,0.28800517,0.76442146,0.94024056,0.34242564,0.58015865
arlington,p2_wdf,2025-11-15,glm,0.6513368,0.4792798,0.33178666,0.73946553,0.9378867,0.34745157,0.58120114
nagpur,nearest,2025-10-08,glm,0.7909203,0.6164309,0.31494084,1.6898142,1.3576474,0.34324428,0.85216624
nagpur,nearest_norepo,2025-10-08,glm,0.7938089,0.606633,0.33242175,1.5948428,1.2514434,0.33224836,0.8185663
nagpur,p1_greedy,2025-10-08,glm,0.7943856,0.5989504,0.33417723,1.5975738,1.2552031,0.33916473,0.81990916
nagpur,p2_nm,2025-10-08,glm,0.7937063,0.6026976,0.32917866,1.602187,1.2620422,0.33505622,0.82081133
nagpur,p2_wdf,2025-10-08,glm,0.7894219,0.558701,0.46089855,1.5581168,1.2226353,0.3531377,0.82381845
nagpur,nearest,2025-11-15,glm,0.7518807,0.5893248,0.29947275,1.7252183,1.2591053,0.33483005,0.8266387
nagpur,nearest_norepo,2025-11-15,glm,0.7650479,0.5763951,0.30700517,1.6411784,1.1891658,0.32845044,0.80120707
nagpur,p1_greedy,2025-11-15,glm,0.76486653,0.57702434,0.31079963,1.6753573,1.1807544,0.3275867,0.80606484
nagpur,p2_nm,2025-11-15,glm,0.7644192,0.57934237,0.30881175,1.6610491,1.1866972,0.32467937,0.8041665
nagpur,p2_wdf,2025-11-15,glm,0.75951713,0.541138,0.44131193,1.6008482,1.1564708,0.34391952,0.8072009
coimbatore,nearest,2025-10-08,glm,0.47276166,0.3540221,0.22380672,1.34878,0.8458697,0.22968632,0.57915443
coimbatore,nearest_norepo,2025-10-08,glm,0.48064482,0.34407017,0.23562,1.2955458,0.80127394,0.22501248,0.56369454
coimbatore,p1_greedy,2025-10-08,glm,0.48093626,0.34284303,0.23428547,1.3060378,0.8002183,0.227201,0.5652536
coimbatore,p2_nm,2025-10-08,glm,0.4819906,0.34501183,0.23213668,1.2971213,0.807599,0.22897603,0.56547254
coimbatore,p2_wdf,2025-10-08,glm,0.4745447,0.31918177,0.28615412,1.3095943,0.7689419,0.23130438,0.5649535
coimbatore,nearest,2025-11-15,glm,0.45868695,0.34299472,0.23305537,1.3500755,0.7990306,0.24750566,0.5718914
coimbatore,nearest_norepo,2025-11-15,glm,0.4640083,0.33743283,0.23780909,1.2893276,0.7600249,0.2406992,0.5548837
coimbatore,p1_greedy,2025-11-15,glm,0.46425888,0.33734983,0.23836336,1.2875531,0.763335,0.23855479,0.5549025
coimbatore,p2_nm,2025-11-15,glm,0.46462408,0.33975968,0.23592195,1.2884492,0.76739883,0.24139237,0.55625767
coimbatore,p2_wdf,2025-11-15,glm,0.4555716,0.31078258,0.2894115,1.2778513,0.7300005,0.24260058,0.55103636
chandigarh,nearest,2025-10-08,glm,0.35527351,0.29106078,0.17428307,0.7392738,0.6315572,0.21099487,0.40040722
chandigarh,nearest_norepo,2025-10-08,glm,0.36303958,0.28407347,0.17387961,0.71149606,0.5813771,0.20206375,0.38598827
chandigarh,p1_greedy,2025-10-08,glm,0.36312303,0.2831111,0.1748871,0.7159919,0.57924616,0.202491,0.38647506
chandigarh,p2_nm,2025-10-08,glm,0.36259422,0.28254232,0.17553753,0.71240693,0.57763,0.20093554,0.38527444
chandigarh,p2_wdf,2025-10-08,glm,0.3571814,0.26164883,0.20867755,0.7238469,0.5561669,0.20332685,0.3851414
chandigarh,nearest,2025-11-15,glm,0.33769676,0.2900198,0.18213369,0.7723673,0.57582176,0.22308588,0.39685416
chandigarh,nearest_norepo,2025-11-15,glm,0.34379953,0.27983698,0.18286435,0.72191197,0.52400464,0.21223058,0.37744138
chandigarh,p1_greedy,2025-11-15,glm,0.34448004,0.28159785,0.18115272,0.74268746,0.52858603,0.21304138,0.38192424
chandigarh,p2_nm,2025-11-15,glm,0.34362277,0.2799703,0.18216781,0.7320855,0.5226659,0.21239759,0.3788183
chandigarh,p2_wdf,2025-11-15,glm,0.33781588,0.2592318,0.2113627,0.74510366,0.5074989,0.2111673,0.3786967
pittsburgh,nearest,2025-10-08,glm,0.3215553,0.26680836,0.17211808,0.36930278,0.45862666,0.21159266,0.30000064
pittsburgh,nearest_norepo,2025-10-08,glm,0.32280922,0.26132113,0.1722292,0.36886582,0.43223238,0.20617269,0.29393843
pittsburgh,p1_greedy,2025-10-08,glm,0.3230169,0.26077586,0.1742252,0.3658009,0.4348312,0.20917343,0.29463723
pittsburgh,p2_nm,2025-10-08,glm,0.32385212,0.26231787,0.17318833,0.36564472,0.43792295,0.2099322,0.29547635
pittsburgh,p2_wdf,2025-10-08,glm,0.321275,0.25131795,0.18411443,0.36007515,0.43801576,0.20680963,0.29360133
pittsburgh,nearest,2025-11-15,glm,0.34004477,0.28665432,0.18900928,0.37382147,0.4643122,0.23173933,0.31426355
pittsburgh,nearest_norepo,2025-11-15,glm,0.33952546,0.2809117,0.19000381,0.36538965,0.45029998,0.2283795,0.309085
pittsburgh,p1_greedy,2025-11-15,glm,0.33971888,0.28010112,0.19056992,0.3683503,0.450588,0.23006986,0.3098997
pittsburgh,p2_nm,2025-11-15,glm,0.33964524,0.28192133,0.1897328,0.36876348,0.451125,0.22875243,0.30999005
pittsburgh,p2_wdf,2025-11-15,glm,0.3369202,0.27060908,0.20110618,0.35978284,0.45165613,0.2264968,0.30776188
portland,nearest,2025-10-08,glm,0.6342384,0.49157864,0.25310427,0.77595204,0.9701048,0.31510597,0.57334733
portland,nearest_norepo,2025-10-08,glm,0.6486705,0.47878453,0.26038632,0.72042,0.91384435,0.30826387,0.5550616
portland,p1_greedy,2025-10-08,glm,0.6483073,0.47883794,0.26334396,0.7182075,0.91114026,0.31240293,0.5553733
portland,p2_nm,2025-10-08,glm,0.6477795,0.4759395,0.2667135,0.7318126,0.90895,0.30728784,0.5564138
portland,p2_wdf,2025-10-08,glm,0.64659405,0.4628272,0.31316194,0.74180603,0.9247207,0.30956915,0.5664465
portland,nearest,2025-11-15,glm,0.6461948,0.5076094,0.27242032,0.77052295,0.9719529,0.3442729,0.58549553
portland,nearest_norepo,2025-11-15,glm,0.6562115,0.4873753,0.27946195,0.722725,0.91466403,0.33338326,0.5656368
portland,p1_greedy,2025-11-15,glm,0.65758216,0.49162465,0.28192812,0.7220998,0.91910875,0.33843666,0.5684633
portland,p2_nm,2025-11-15,glm,0.65658087,0.48986655,0.27911013,0.7369462,0.91254115,0.3355325,0.5684295
portland,p2_wdf,2025-11-15,glm,0.65505403,0.47999284,0.32667276,0.72517335,0.92382336,0.33947417,0.57503176
panaji,nearest,2025-10-08,glm,0.275726,0.2477014,0.20978688,0.5501191,0.38520837,0.23449598,0.31717294
panaji,nearest_norepo,2025-10-08,glm,0.27891874,0.24411573,0.20999447,0.54353774,0.36218196,0.22937143,0.31135336
panaji,p1_greedy,2025-10-08,glm,0.2794605,0.24617678,0.20952235,0.5501985,0.36215788,0.23174532,0.31321022
panaji,p2_nm,2025-10-08,glm,0.27881792,0.24396057,0.21038078,0.5416163,0.35634124,0.23033084,0.31024128
panaji,p2_wdf,2025-10-08,glm,0.27629158,0.23268214,0.22248638,0.5444492,0.34615526,0.23278455,0.30914152
panaji,nearest,2025-11-15,glm,0.2716009,0.2534936,0.22629483,0.6022147,0.36707842,0.25767326,0.32972595
panaji,nearest_norepo,2025-11-15,glm,0.2725094,0.24747929,0.22815078,0.591743,0.32199797,0.24890627,0.31846443
panaji,p1_greedy,2025-11-15,glm,0.27243257,0.24772714,0.22782007,0.5918321,0.3257929,0.24917419,0.31912982
panaji,p2_nm,2025-11-15,glm,0.27153927,0.24311063,0.23076828,0.59531343,0.31278592,0.24828425,0.31696695
panaji,p2_wdf,2025-11-15,glm,0.26955646,0.2364649,0.2390374,0.5986737,0.30958676,0.24716793,0.31674787
udaipur,nearest,2025-10-08,glm,0.27188563,0.24574187,0.18426202,0.49419403,0.40292433,0.2218913,0.3034832
udaipur,nearest_norepo,2025-10-08,glm,0.2747303,0.2411242,0.18307751,0.48540702,0.3652716,0.21390373,0.29391906
udaipur,p1_greedy,2025-10-08,glm,0.2748137,0.24099007,0.18334989,0.48784482,0.36914024,0.21393922,0.295013
udaipur,p2_nm,2025-10-08,glm,0.27451172,0.24007964,0.1839938,0.4817403,0.3646413,0.21374612,0.2931188
udaipur,p2_wdf,2025-10-08,glm,0.27157068,0.22981748,0.19662598,0.4801957,0.3586448,0.2158198,0.2921124
udaipur,nearest,2025-11-15,glm,0.2632847,0.25099027,0.19801044,0.50865984,0.36593205,0.23815578,0.3041722
udaipur,nearest_norepo,2025-11-15,glm,0.2649638,0.24459593,0.19849655,0.4897314,0.3349671,0.23094974,0.29395077
udaipur,p1_greedy,2025-11-15,glm,0.26509416,0.24397016,0.19832107,0.50718695,0.3350478,0.22978304,0.29656723
udaipur,p2_nm,2025-11-15,glm,0.2651765,0.24422134,0.19849892,0.49710315,0.3345557,0.23066637,0.295037
udaipur,p2_wdf,2025-11-15,glm,0.25931486,0.22837141,0.21322405,0.50044495,0.31575936,0.22768423,0.29079983
puducherry,nearest,2025-10-08,glm,0.30133244,0.27597082,0.22372192,0.43328223,0.41124806,0.26165748,0.31786883
puducherry,nearest_norepo,2025-10-08,glm,0.30393973,0.27340746,0.22116786,0.44267663,0.38520917,0.25400627,0.3134012
puducherry,p1_greedy,2025-10-08,glm,0.30321375,0.2705378,0.22492133,0.4519714,0.37625238,0.25275412,0.31327513
puducherry,p2_nm,2025-10-08,glm,0.30371976,0.27016392,0.22321656,0.44308037,0.38199717,0.2537982,0.31266263
puducherry,p2_wdf,2025-10-08,glm,0.3027862,0.26314163,0.23170197,0.4378036,0.38318408,0.25352407,0.3120236
puducherry,nearest,2025-11-15,glm,0.29300317,0.27510324,0.24156144,0.4756948,0.37337285,0.28025076,0.32316437
puducherry,nearest_norepo,2025-11-15,glm,0.2880073,0.26842174,0.23924689,0.48387653,0.33265337,0.26978263,0.31366476
puducherry,p1_greedy,2025-11-15,glm,0.28881902,0.269882,0.2393174,0.4849688,0.3377582,0.2715776,0.31538716
puducherry,p2_nm,2025-11-15,glm,0.28772268,0.2688185,0.24036981,0.48435745,0.33077446,0.27119362,0.31387275
puducherry,p2_wdf,2025-11-15,glm,0.28827357,0.26616293,0.24688715,0.4624484,0.3420489,0.27339256,0.31320223
boulder,nearest,2025-10-08,glm,0.3323418,0.28516895,0.22438332,0.24637592,0.38314146,0.2752755,0.29111448
boulder,nearest_norepo,2025-10-08,glm,0.3318691,0.2833251,0.22286178,0.25466505,0.3660704,0.27127323,0.28834412
boulder,p1_greedy,2025-10-08,glm,0.33152097,0.28138617,0.22654295,0.2567579,0.36572495,0.2722866,0.2890366
boulder,p2_nm,2025-10-08,glm,0.33257738,0.2840497,0.22525923,0.25248733,0.36807716,0.27326137,0.2892854
boulder,p2_wdf,2025-10-08,glm,0.33193117,0.27900153,0.23012508,0.23489137,0.3770761,0.27321273,0.28770635
boulder,nearest,2025-11-15,glm,0.33598128,0.29426387,0.24910554,0.25703007,0.3570877,0.30112365,0.29909867
boulder,nearest_norepo,2025-11-15,glm,0.33585396,0.2927946,0.24718353,0.26156595,0.34815413,0.29308784,0.29643998
boulder,p1_greedy,2025-11-15,glm,0.33655414,0.29184788,0.24959764,0.2568327,0.35118803,0.2978652,0.2973143
boulder,p2_nm,2025-11-15,glm,0.33672914,0.29369932,0.24829614,0.25945225,0.35226497,0.29872394,0.2981943
boulder,p2_wdf,2025-11-15,glm,0.33669692,0.2890225,0.25244695,0.24504201,0.36104473,0.3006203,0.2974789
annarbor,nearest,2025-10-08,glm,0.3148087,0.27472028,0.19402231,0.41060388,0.38564745,0.23414044,0.30232385
annarbor,nearest_norepo,2025-10-08,glm,0.3148966,0.2702666,0.19447775,0.4000221,0.36318097,0.22841664,0.29521012
annarbor,p1_greedy,2025-10-08,glm,0.31437492,0.2692523,0.1964722,0.39743546,0.3610925,0.23004109,0.29477808
annarbor,p2_nm,2025-10-08,glm,0.3140547,0.26914078,0.19579533,0.4036865,0.3602144,0.22820121,0.29518214
annarbor,p2_wdf,2025-10-08,glm,0.31486392,0.26264736,0.20297402,0.37966594,0.38144958,0.23300222,0.29576716
annarbor,nearest,2025-11-15,glm,0.32187894,0.28909254,0.21406877,0.39185688,0.38646042,0.2602376,0.31059918
annarbor,nearest_norepo,2025-11-15,glm,0.32127452,0.28554776,0.2127719,0.3942466,0.36159235,0.2523333,0.30462772
annarbor,p1_greedy,2025-11-15,glm,0.32053307,0.28330812,0.21478043,0.3928636,0.35697043,0.2520754,0.30342185
annarbor,p2_nm,2025-11-15,glm,0.32078126,0.28248954,0.21479967,0.39815348,0.35607013,0.2531702,0.30424404
annarbor,p2_wdf,2025-11-15,glm,0.3207204,0.27646887,0.22336745,0.37238398,0.37440798,0.2550616,0.30373505
sf,nearest,2025-10-08,mlp,0.5558757,0.3914237,0.059846487,0.7407057,0.8614739,0.14311028,0.45873928
sf,nearest_norepo,2025-10-08,mlp,0.5936419,0.3823709,0.06870852,0.6046861,0.8217039,0.14277524,0.43564776
sf,p1_greedy,2025-10-08,mlp,0.59354496,0.38457584,0.07316957,0.599732,0.8209668,0.15062892,0.43710303
sf,p2_nm,2025-10-08,mlp,0.5932051,0.3835914,0.073995985,0.60513484,0.8194133,0.14707765,0.43706968
sf,p2_wdf,2025-10-08,mlp,0.5933951,0.32134968,0.20478418,0.5911588,0.85239583,0.17030552,0.45556486
sf,nearest,2025-11-15,mlp,0.5712798,0.39954257,0.05198318,0.72933495,0.8551085,0.14456673,0.45863596
sf,nearest_norepo,2025-11-15,mlp,0.60751605,0.3923093,0.060227763,0.5925982,0.8171276,0.14767985,0.43624315
sf,p1_greedy,2025-11-15,mlp,0.6075196,0.39480022,0.062580384,0.59612083,0.8215357,0.15011385,0.43877843
sf,p2_nm,2025-11-15,mlp,0.60724777,0.39686832,0.06278507,0.59425855,0.8213085,0.15180491,0.43904552
sf,p2_wdf,2025-11-15,mlp,0.6077165,0.34113035,0.18461418,0.5641629,0.8737814,0.17394993,0.45755923
pune,nearest,2025-10-08,mlp,0.6641406,0.44685465,0.21719834,1.3178744,1.148363,0.2034992,0.66632175
pune,nearest_norepo,2025-10-08,mlp,0.69746906,0.44060308,0.24837048,1.2311671,1.1102731,0.21113154,0.6565024
pune,p1_greedy,2025-10-08,mlp,0.6974751,0.4416646,0.25168678,1.2434623,1.1059994,0.21387292,0.65902686
pune,p2_nm,2025-10-08,mlp,0.6976651,0.4379026,0.24751106,1.2385694,1.1110933,0.21526669,0.65800136
pune,p2_wdf,2025-10-08,mlp,0.69794726,0.3922331,0.3792041,1.2950456,1.072731,0.25312975,0.6817152
pune,nearest,2025-11-15,mlp,0.62207067,0.41977194,0.17014779,1.4505012,1.0999502,0.17950834,0.65699166
pune,nearest_norepo,2025-11-15,mlp,0.6613897,0.41456896,0.2031287,1.3308958,1.0618972,0.18681087,0.6431152
pune,p1_greedy,2025-11-15,mlp,0.661016,0.41240284,0.20275053,1.348051,1.0594764,0.18599139,0.644948
pune,p2_nm,2025-11-15,mlp,0.6613518,0.41214493,0.20379771,1.3561052,1.060485,0.18459405,0.6464131
pune,p2_wdf,2025-11-15,mlp,0.66099244,0.36734685,0.34996983,1.4177388,1.0354692,0.21534929,0.67447776
navimumbai,nearest,2025-10-08,mlp,0.3251844,0.1847813,0.057106767,0.58487785,0.598981,0.08214974,0.30551353
navimumbai,nearest_norepo,2025-10-08,mlp,0.35566413,0.18763973,0.06615757,0.5077622,0.56298184,0.08742179,0.29460454
navimumbai,p1_greedy,2025-10-08,mlp,0.35587916,0.18064216,0.079004206,0.52985585,0.5530121,0.08407779,0.29707858
navimumbai,p2_nm,2025-10-08,mlp,0.35577393,0.18383954,0.07184636,0.5086147,0.5556381,0.090278536,0.29433185
navimumbai,p2_wdf,2025-10-08,mlp,0.3561751,0.15868661,0.13539566,0.53321314,0.55211765,0.09967271,0.3058768
navimumbai,nearest,2025-11-15,mlp,0.2821426,0.17055564,0.039332833,0.6474901,0.55071205,0.06378019,0.29233557
navimumbai,nearest_norepo,2025-11-15,mlp,0.32060054,0.16724512,0.043207426,0.6034514,0.5103558,0.06694427,0.28530076
navimumbai,p1_greedy,2025-11-15,mlp,0.32064974,0.16966243,0.044138823,0.60507196,0.509728,0.065750375,0.28583357
navimumbai,p2_nm,2025-11-15,mlp,0.32035592,0.17567445,0.042092033,0.6049791,0.50930667,0.064427875,0.28613934
navimumbai,p2_wdf,2025-11-15,mlp,0.32065284,0.1360876,0.12393666,0.58859915,0.4939627,0.08091718,0.2906927
thane,nearest,2025-10-08,mlp,0.38050562,0.23287798,0.07546678,0.7212442,0.727987,0.10181051,0.37331533
thane,nearest_norepo,2025-10-08,mlp,0.41497383,0.2304471,0.08521809,0.6428446,0.68573606,0.107550785,0.36112845
thane,p1_greedy,2025-10-08,mlp,0.41502517,0.23210064,0.08875475,0.6483178,0.6848855,0.11403002,0.36385235
thane,p2_nm,2025-10-08,mlp,0.41501322,0.23016001,0.088515535,0.66232836,0.6788139,0.11158605,0.36440286
thane,p2_wdf,2025-10-08,mlp,0.41495723,0.19790027,0.1819937,0.68269765,0.6598093,0.12349623,0.3768091
thane,nearest,2025-11-15,mlp,0.35178703,0.21756865,0.056337427,0.74144006,0.6730166,0.091772325,0.35532033
thane,nearest_norepo,2025-11-15,mlp,0.39039144,0.21941635,0.061065115,0.6746324,0.63554245,0.09512964,0.34602955
thane,p1_greedy,2025-11-15,mlp,0.3900832,0.21817982,0.06492205,0.6698938,0.6349513,0.096540004,0.3457617
thane,p2_nm,2025-11-15,mlp,0.39023575,0.21636972,0.06691524,0.6696569,0.630436,0.0940891,0.3446171
thane,p2_wdf,2025-11-15,mlp,0.3899389,0.18095814,0.1659026,0.6958312,0.6023664,0.11712121,0.35868642
arlington,nearest,2025-10-08,mlp,0.5837509,0.3656435,0.11416317,0.71432936,0.9117442,0.18044427,0.4783459
arlington,nearest_norepo,2025-10-08,mlp,0.62103504,0.37453967,0.12912327,0.70038545,0.86597186,0.18060985,0.47861087
arlington,p1_greedy,2025-10-08,mlp,0.620701,0.37042806,0.13404208,0.700226,0.87622017,0.18664923,0.4813778
arlington,p2_nm,2025-10-08,mlp,0.6213253,0.370096,0.13814141,0.6954494,0.8731735,0.19065696,0.48147377
arlington,p2_wdf,2025-10-08,mlp,0.61953425,0.33854556,0.22388066,0.682392,0.88840795,0.20801048,0.49346182
arlington,nearest,2025-11-15,mlp,0.5870715,0.3586839,0.12663983,0.68835974,0.88407177,0.18304919,0.47131264
arlington,nearest_norepo,2025-11-15,mlp,0.6190379,0.3609285,0.13351822,0.6889389,0.8590184,0.18345411,0.47414932
arlington,p1_greedy,2025-11-15,mlp,0.6190635,0.357185,0.14353055,0.69365263,0.8539066,0.18914644,0.4760808
arlington,p2_nm,2025-11-15,mlp,0.61944324,0.35856724,0.13502988,0.6875529,0.862652,0.19003558,0.4755468
arlington,p2_wdf,2025-11-15,mlp,0.61940795,0.33711863,0.22771665,0.6508683,0.85914266,0.2075188,0.48362884
nagpur,nearest,2025-10-08,mlp,0.7215489,0.5062839,0.20671819,1.5158828,1.1765578,0.23519224,0.7270306
nagpur,nearest_norepo,2025-10-08,mlp,0.76172024,0.5008662,0.24183309,1.4104748,1.138634,0.2409658,0.71574897
nagpur,p1_greedy,2025-10-08,mlp,0.76210654,0.49711815,0.2420211,1.4008535,1.1406683,0.25026807,0.7155059
nagpur,p2_nm,2025-10-08,mlp,0.7615163,0.49898672,0.23595823,1.4020535,1.1450897,0.24507257,0.71477944
nagpur,p2_wdf,2025-10-08,mlp,0.7620594,0.4455917,0.41466805,1.4461193,1.1168629,0.28144622,0.7444579
nagpur,nearest,2025-11-15,mlp,0.68965477,0.4719418,0.16351111,1.5680183,1.1071568,0.20420508,0.70074797
nagpur,nearest_norepo,2025-11-15,mlp,0.7356531,0.46839598,0.18719706,1.4697067,1.0912194,0.21660508,0.69479626
nagpur,p1_greedy,2025-11-15,mlp,0.7357699,0.468747,0.19588166,1.4875797,1.0838275,0.21614772,0.69799227
nagpur,p2_nm,2025-11-15,mlp,0.7355388,0.47381613,0.19265574,1.4798938,1.0876014,0.20916517,0.6964452
nagpur,p2_wdf,2025-11-15,mlp,0.7364056,0.42071542,0.39069012,1.4941454,1.0591077,0.25568748,0.72612524
coimbatore,nearest,2025-10-08,mlp,0.40791652,0.23225185,0.112367176,1.2472186,0.75037843,0.09861881,0.47479188
coimbatore,nearest_norepo,2025-10-08,mlp,0.43055326,0.23079523,0.13711971,1.1790019,0.7138792,0.10469139,0.46600685
coimbatore,p1_greedy,2025-10-08,mlp,0.43032193,0.22871546,0.13490571,1.1781373,0.71211326,0.10733884,0.4652554
coimbatore,p2_nm,2025-10-08,mlp,0.43082803,0.23010837,0.12814306,1.173182,0.71851605,0.110525206,0.4652171
coimbatore,p2_wdf,2025-10-08,mlp,0.43079668,0.20002629,0.2171501,1.2193656,0.6824176,0.1252579,0.47916904
coimbatore,nearest,2025-11-15,mlp,0.38429207,0.21252035,0.10230301,1.2582774,0.70782834,0.09776961,0.46049845
coimbatore,nearest_norepo,2025-11-15,mlp,0.40483978,0.21011852,0.11755932,1.2002815,0.6751992,0.10138648,0.45156416
coimbatore,p1_greedy,2025-11-15,mlp,0.4048445,0.21039458,0.11808211,1.1992247,0.6825114,0.096512936,0.45192838
coimbatore,p2_nm,2025-11-15,mlp,0.40446526,0.21066268,0.11176845,1.1989038,0.68161565,0.100531094,0.45132446
coimbatore,p2_wdf,2025-11-15,mlp,0.4049865,0.18479992,0.20583723,1.1924888,0.6431643,0.11821236,0.45824817
chandigarh,nearest,2025-10-08,mlp,0.2622637,0.14367399,0.0468878,0.6376203,0.53036773,0.064949416,0.28096047
chandigarh,nearest_norepo,2025-10-08,mlp,0.29461652,0.14525066,0.051500764,0.5984614,0.4890265,0.06944015,0.274716
chandigarh,p1_greedy,2025-10-08,mlp,0.294884,0.14325665,0.05382184,0.6046738,0.48610336,0.06997992,0.27545324
chandigarh,p2_nm,2025-10-08,mlp,0.2949133,0.1437262,0.054832913,0.5981289,0.4837883,0.06787946,0.2738782
chandigarh,p2_wdf,2025-10-08,mlp,0.2946707,0.12121829,0.12325564,0.601761,0.46551934,0.0846924,0.28185287
chandigarh,nearest,2025-11-15,mlp,0.2338958,0.13262261,0.031625666,0.66584677,0.47535092,0.053416632,0.26545972
chandigarh,nearest_norepo,2025-11-15,mlp,0.26693642,0.13129897,0.04133016,0.6043566,0.4321479,0.05665751,0.2554546
chandigarh,p1_greedy,2025-11-15,mlp,0.26657414,0.13054658,0.03601989,0.62728274,0.43794858,0.055736806,0.25901812
chandigarh,p2_nm,2025-11-15,mlp,0.26675808,0.13131079,0.038902253,0.6138269,0.43104178,0.056777947,0.25643626
chandigarh,p2_wdf,2025-11-15,mlp,0.26660517,0.10655335,0.10909398,0.6195232,0.41339254,0.06945056,0.26410314
pittsburgh,nearest,2025-10-08,mlp,0.2260836,0.108943,0.03786695,0.2739051,0.34977922,0.06475914,0.1768895
pittsburgh,nearest_norepo,2025-10-08,mlp,0.23843497,0.10824392,0.041328005,0.25555184,0.33309653,0.067030825,0.17394768
pittsburgh,p1_greedy,2025-10-08,mlp,0.23851587,0.107507445,0.04540024,0.25269908,0.33518425,0.07180335,0.17518502
pittsburgh,p2_nm,2025-10-08,mlp,0.23861217,0.108081855,0.042460654,0.2533131,0.33929163,0.072082065,0.17564024
pittsburgh,p2_wdf,2025-10-08,mlp,0.23874299,0.09402476,0.07252203,0.23908682,0.33959517,0.07331864,0.17621505
pittsburgh,nearest,2025-11-15,mlp,0.24293771,0.11461049,0.036918905,0.28093758,0.35158053,0.059187666,0.1810288
pittsburgh,nearest_norepo,2025-11-15,mlp,0.24817646,0.111192524,0.04178738,0.25670397,0.3470322,0.062427368,0.17788666
pittsburgh,p1_greedy,2025-11-15,mlp,0.24842082,0.109717004,0.043608725,0.2633809,0.34576985,0.06600405,0.17948355
pittsburgh,p2_nm,2025-11-15,mlp,0.24825554,0.112915605,0.041673895,0.2600956,0.3485779,0.06346476,0.17916387
pittsburgh,p2_wdf,2025-11-15,mlp,0.24823073,0.09954274,0.07566395,0.24319057,0.35187492,0.06528496,0.18063132
portland,nearest,2025-10-08,mlp,0.5658246,0.362925,0.1217313,0.6673106,0.86276656,0.18608081,0.46110645
portland,nearest_norepo,2025-10-08,mlp,0.59800875,0.35905528,0.14556287,0.62772185,0.82148033,0.19846222,0.4583819
portland,p1_greedy,2025-10-08,mlp,0.5978596,0.36358696,0.14833283,0.6243581,0.8211808,0.20638184,0.46028337
portland,p2_nm,2025-10-08,mlp,0.5975489,0.3594958,0.15675065,0.63771766,0.8175156,0.19865483,0.46128058
portland,p2_wdf,2025-10-08,mlp,0.59746516,0.3338165,0.2382744,0.634578,0.83500147,0.20939898,0.47475576
portland,nearest,2025-11-15,mlp,0.5727273,0.36598986,0.11755222,0.66691405,0.8606652,0.19566102,0.4632516
portland,nearest_norepo,2025-11-15,mlp,0.60348976,0.35968348,0.14598238,0.63795,0.8217372,0.20678298,0.4626043
portland,p1_greedy,2025-11-15,mlp,0.6038934,0.3643449,0.14901277,0.6376439,0.82642466,0.21490131,0.4660368
portland,p2_nm,2025-11-15,mlp,0.60326743,0.3630383,0.1430208,0.64968103,0.81793886,0.21106882,0.4646692
portland,p2_wdf,2025-11-15,mlp,0.6038328,0.33938918,0.23205394,0.62110895,0.8333497,0.22211348,0.47530797
panaji,nearest,2025-10-08,mlp,0.17673625,0.08505529,0.03831306,0.43056262,0.29519758,0.036078062,0.1769905
panaji,nearest_norepo,2025-10-08,mlp,0.1937336,0.083308466,0.040767282,0.40344504,0.282236,0.03800552,0.17358263
panaji,p1_greedy,2025-10-08,mlp,0.19404694,0.08950891,0.03813212,0.41719347,0.2800301,0.043714546,0.17710435
panaji,p2_nm,2025-10-08,mlp,0.19386517,0.084269784,0.040811885,0.4053992,0.2776689,0.042159628,0.1740291
panaji,p2_wdf,2025-10-08,mlp,0.19392557,0.06668964,0.072723985,0.39866567,0.26565027,0.05330355,0.1751598
panaji,nearest,2025-11-15,mlp,0.16334686,0.07900645,0.030818664,0.4723101,0.28076527,0.04075879,0.17783435
panaji,nearest_norepo,2025-11-15,mlp,0.18046218,0.08162828,0.03911422,0.45134723,0.24921158,0.0417874,0.17392515
panaji,p1_greedy,2025-11-15,mlp,0.18064235,0.07915225,0.037709363,0.44462347,0.25014484,0.042650767,0.17248718
panaji,p2_nm,2025-11-15,mlp,0.18060127,0.07612995,0.045178525,0.44843274,0.23777974,0.044280726,0.17206717
panaji,p2_wdf,2025-11-15,mlp,0.18063785,0.06471385,0.071908586,0.4463469,0.23816533,0.045977052,0.17462492
udaipur,nearest,2025-10-08,mlp,0.16382878,0.078898095,0.0261021,0.37784702,0.29511866,0.0451386,0.16448887
udaipur,nearest_norepo,2025-10-08,mlp,0.18539792,0.0806671,0.027628182,0.35261092,0.26978827,0.047424145,0.16058609
udaipur,p1_greedy,2025-10-08,mlp,0.18550508,0.08058177,0.028301228,0.35757384,0.27159983,0.04716035,0.16178702
udaipur,p2_nm,2025-10-08,mlp,0.18569711,0.079161905,0.028994206,0.34918687,0.26599923,0.047335856,0.15939586
udaipur,p2_wdf,2025-10-08,mlp,0.18578972,0.06515086,0.06418236,0.33666268,0.26732436,0.0586986,0.16296808
udaipur,nearest,2025-11-15,mlp,0.1457581,0.07354884,0.018350499,0.38626546,0.2598196,0.03278597,0.15275474
udaipur,nearest_norepo,2025-11-15,mlp,0.16590466,0.07230455,0.02225124,0.35401127,0.23741186,0.03734862,0.14820535
udaipur,p1_greedy,2025-11-15,mlp,0.16586521,0.07051928,0.022813175,0.37523794,0.23833758,0.034415796,0.15119816
udaipur,p2_nm,2025-11-15,mlp,0.16590098,0.07089694,0.022795616,0.3609212,0.24038883,0.03627254,0.14952935
udaipur,p2_wdf,2025-11-15,mlp,0.16564709,0.05396275,0.06750511,0.35592848,0.22368395,0.04532494,0.15200871
puducherry,nearest,2025-10-08,mlp,0.20322953,0.10231709,0.030061005,0.34279332,0.31843677,0.04825784,0.1741826
puducherry,nearest_norepo,2025-10-08,mlp,0.21917854,0.10611731,0.027421864,0.33879393,0.3071684,0.048284445,0.17449407
puducherry,p1_greedy,2025-10-08,mlp,0.21942267,0.10788013,0.037009604,0.3463133,0.30110168,0.0505043,0.17703861
puducherry,p2_nm,2025-10-08,mlp,0.21900214,0.09980427,0.032414068,0.3379305,0.30392584,0.049054857,0.1736886
puducherry,p2_wdf,2025-10-08,mlp,0.21967897,0.08916368,0.058589607,0.32709292,0.30347896,0.05146081,0.17491083
puducherry,nearest,2025-11-15,mlp,0.19387792,0.094943285,0.026023656,0.37316465,0.29587668,0.03771063,0.17026614
puducherry,nearest_norepo,2025-11-15,mlp,0.19368595,0.08856802,0.024073008,0.3620763,0.25359556,0.03834286,0.16005695
puducherry,p1_greedy,2025-11-15,mlp,0.19411999,0.09187854,0.023509005,0.3673424,0.25875646,0.039919134,0.1625876
puducherry,p2_nm,2025-11-15,mlp,0.19428933,0.097129375,0.027598847,0.35875988,0.2573383,0.041883104,0.16283314
puducherry,p2_wdf,2025-11-15,mlp,0.1938703,0.08364067,0.04849679,0.33531806,0.2624715,0.045175582,0.16149549
boulder,nearest,2025-10-08,mlp,0.24331672,0.105571985,0.03651124,0.1868523,0.30771342,0.0846647,0.16077173
boulder,nearest_norepo,2025-10-08,mlp,0.24664237,0.107481465,0.03181379,0.18687756,0.29506463,0.085778765,0.1589431
boulder,p1_greedy,2025-10-08,mlp,0.24710125,0.102834545,0.0433151,0.18717174,0.29081896,0.089393705,0.16010588
boulder,p2_nm,2025-10-08,mlp,0.24684092,0.10760205,0.03972521,0.18625295,0.2925195,0.08851712,0.16024296
boulder,p2_wdf,2025-10-08,mlp,0.24613978,0.09737235,0.055867564,0.15754668,0.3043019,0.08676639,0.1579991
boulder,nearest,2025-11-15,mlp,0.2416678,0.10692808,0.038260974,0.19041337,0.28169984,0.09156348,0.15842225
boulder,nearest_norepo,2025-11-15,mlp,0.24729805,0.111152306,0.03733729,0.18899785,0.28061044,0.083228864,0.15810414
boulder,p1_greedy,2025-11-15,mlp,0.24721046,0.105635405,0.042931147,0.18446511,0.2776066,0.09101118,0.15814331
boulder,p2_nm,2025-11-15,mlp,0.24730538,0.109108694,0.03974514,0.18791762,0.28253734,0.09263518,0.1598749
boulder,p2_wdf,2025-11-15,mlp,0.24744871,0.09297026,0.055032168,0.1645364,0.28504267,0.09260006,0.15627171
annarbor,nearest,2025-10-08,mlp,0.22184329,0.11018956,0.025627913,0.32766485,0.30459714,0.05356544,0.17391469
annarbor,nearest_norepo,2025-10-08,mlp,0.23264045,0.1126909,0.029568227,0.30182472,0.2917492,0.057172712,0.17094104
annarbor,p1_greedy,2025-10-08,mlp,0.23238425,0.11266763,0.03461667,0.29848528,0.28953734,0.060856525,0.17142463
annarbor,p2_nm,2025-10-08,mlp,0.23237196,0.11181478,0.03385088,0.30448633,0.29070285,0.05685702,0.17168063
annarbor,p2_wdf,2025-10-08,mlp,0.23226918,0.09210426,0.05569047,0.2699803,0.30852947,0.06430228,0.17047934
annarbor,nearest,2025-11-15,mlp,0.22492,0.11162725,0.023861041,0.31298336,0.30885398,0.05398034,0.17270434
annarbor,nearest_norepo,2025-11-15,mlp,0.23478028,0.11669013,0.025315862,0.30367607,0.29127982,0.05325653,0.17083311
annarbor,p1_greedy,2025-11-15,mlp,0.23452522,0.113421164,0.0313879,0.29839823,0.28770378,0.05423233,0.16994476
annarbor,p2_nm,2025-11-15,mlp,0.2347169,0.11363439,0.031066563,0.30504876,0.28780422,0.058826294,0.17184953
annarbor,p2_wdf,2025-11-15,mlp,0.23473282,0.09573728,0.061347466,0.26370466,0.3036401,0.059617486,0.16979665
sf,nearest,2025-10-08,gru,0.5554074,0.38181096,0.05849782,0.7236625,0.8571633,0.14328946,0.45330524
sf,nearest_norepo,2025-10-08,gru,0.59266776,0.37241313,0.06734512,0.60425156,0.8187166,0.14288725,0.4330469
sf,p1_greedy,2025-10-08,gru,0.5927026,0.37450054,0.07213565,0.5999747,0.81891644,0.15065035,0.43481338
sf,p2_nm,2025-10-08,gru,0.59254557,0.37394473,0.07302994,0.60506815,0.8175373,0.14717366,0.43488324
sf,p2_wdf,2025-10-08,gru,0.5925366,0.29982862,0.20516807,0.58972204,0.85006577,0.1700619,0.4512305
sf,nearest,2025-11-15,gru,0.57006335,0.3899438,0.051242918,0.7126476,0.8521234,0.14462039,0.45344028
sf,nearest_norepo,2025-11-15,gru,0.60572004,0.38295278,0.05952553,0.59211093,0.81419295,0.14733234,0.43363914
sf,p1_greedy,2025-11-15,gru,0.6058322,0.38528544,0.062204756,0.59634423,0.8190091,0.14981128,0.4364145
sf,p2_nm,2025-11-15,gru,0.60587716,0.38732186,0.061881308,0.5945053,0.81837505,0.15153117,0.43658197
sf,p2_wdf,2025-11-15,gru,0.6057483,0.32002684,0.18434869,0.56115395,0.8702028,0.1734247,0.45248422
pune,nearest,2025-10-08,gru,0.6587805,0.42627096,0.21706526,1.3068889,1.1471266,0.20248972,0.6597703
pune,nearest_norepo,2025-10-08,gru,0.69677454,0.42006725,0.24674411,1.2318342,1.1101625,0.21111521,0.652783
pune,p1_greedy,2025-10-08,gru,0.69710714,0.4192693,0.24975157,1.244938,1.1053373,0.21407549,0.6550798
pune,p2_nm,2025-10-08,gru,0.6971897,0.4164187,0.24528027,1.2401855,1.1106849,0.2159921,0.65429187
pune,p2_wdf,2025-10-08,gru,0.6979146,0.35742986,0.38028032,1.295709,1.0687697,0.25535426,0.6759096
pune,nearest,2025-11-15,gru,0.61602545,0.40572098,0.16851857,1.4421709,1.0991199,0.17806211,0.651603
pune,nearest_norepo,2025-11-15,gru,0.65879416,0.39654195,0.20075601,1.3318769,1.0614798,0.18610303,0.6392586
pune,p1_greedy,2025-11-15,gru,0.65843946,0.39349043,0.20058309,1.3495297,1.0586865,0.18551844,0.6410413
pune,p2_nm,2025-11-15,gru,0.6585811,0.39461684,0.20189418,1.3579919,1.060416,0.18410046,0.64293337
pune,p2_wdf,2025-11-15,gru,0.65904087,0.33337057,0.34787354,1.4180676,1.0306509,0.21541792,0.6674035
navimumbai,nearest,2025-10-08,gru,0.3259076,0.17859061,0.05683954,0.57194066,0.5952844,0.08225319,0.30180266
navimumbai,nearest_norepo,2025-10-08,gru,0.35565704,0.17877759,0.06568671,0.5075002,0.56118083,0.08746698,0.29271153
navimumbai,p1_greedy,2025-10-08,gru,0.3562027,0.17328225,0.07841418,0.5296231,0.55166996,0.08435285,0.29559085
navimumbai,p2_nm,2025-10-08,gru,0.35573053,0.17620392,0.07139206,0.5081138,0.5541407,0.09051942,0.2926834
navimumbai,p2_wdf,2025-10-08,gru,0.35634595,0.14535515,0.1344287,0.5329196,0.54998934,0.09930154,0.30305672
navimumbai,nearest,2025-11-15,gru,0.28181416,0.16670415,0.038970955,0.6331743,0.5471795,0.06353182,0.2885625
navimumbai,nearest_norepo,2025-11-15,gru,0.3195351,0.16301948,0.042931233,0.6034702,0.50837415,0.06671868,0.28400818
navimumbai,p1_greedy,2025-11-15,gru,0.3197307,0.16413522,0.04380758,0.60501206,0.50750935,0.065585285,0.2842967
navimumbai,p2_nm,2025-11-15,gru,0.31954697,0.17069769,0.0417842,0.60502076,0.5076301,0.064374276,0.28484234
navimumbai,p2_wdf,2025-11-15,gru,0.32009894,0.1248966,0.123604946,0.5875874,0.49081096,0.08043524,0.2879057
thane,nearest,2025-10-08,gru,0.3796436,0.225773,0.074901514,0.71132874,0.7248567,0.10143581,0.36965656
thane,nearest_norepo,2025-10-08,gru,0.41553184,0.22105522,0.084762074,0.64246786,0.6843174,0.10754142,0.35927927
thane,p1_greedy,2025-10-08,gru,0.41571626,0.22235763,0.08834766,0.6482825,0.68369967,0.11394124,0.36205748
thane,p2_nm,2025-10-08,gru,0.4157377,0.22099815,0.08836426,0.6622352,0.67731416,0.11141563,0.36267754
thane,p2_wdf,2025-10-08,gru,0.41574526,0.177641,0.1814078,0.68193185,0.65733945,0.12326906,0.37288907
thane,nearest,2025-11-15,gru,0.35020593,0.21099494,0.05579389,0.72900474,0.6689178,0.09167015,0.3510979
thane,nearest_norepo,2025-11-15,gru,0.38985297,0.21116637,0.060576968,0.67369664,0.6338333,0.095064506,0.34403178
thane,p1_greedy,2025-11-15,gru,0.38983548,0.21001491,0.064784676,0.6696735,0.6327645,0.09644646,0.34391996
thane,p2_nm,2025-11-15,gru,0.3898847,0.210107,0.066369034,0.6692928,0.6293894,0.09413299,0.343196
thane,p2_wdf,2025-11-15,gru,0.39024764,0.16487703,0.16540836,0.6944593,0.59973043,0.11687103,0.35526565
arlington,nearest,2025-10-08,gru,0.5838091,0.35071188,0.112856835,0.70510244,0.90624607,0.17977081,0.4730828
arlington,nearest_norepo,2025-10-08,gru,0.6155087,0.35620305,0.12954356,0.69974846,0.86133957,0.1790295,0.47356212
arlington,p1_greedy,2025-10-08,gru,0.61563253,0.3514258,0.13435002,0.7005568,0.87053776,0.1858436,0.4763911
arlington,p2_nm,2025-10-08,gru,0.6158138,0.35284624,0.13797298,0.6953559,0.8683679,0.18926121,0.476603
arlington,p2_wdf,2025-10-08,gru,0.61619693,0.31445158,0.22238268,0.681912,0.8839536,0.20616455,0.48751023
arlington,nearest,2025-11-15,gru,0.5866835,0.34404433,0.12613587,0.6824213,0.87852347,0.1823263,0.4666891
arlington,nearest_norepo,2025-11-15,gru,0.6125865,0.34474063,0.13258731,0.68951994,0.8558167,0.18293606,0.46969783
arlington,p1_greedy,2025-11-15,gru,0.6120461,0.3385204,0.14266846,0.69416267,0.8489571,0.18800367,0.4707264
arlington,p2_nm,2025-11-15,gru,0.6121573,0.34164464,0.13422126,0.6876031,0.8572356,0.18843243,0.4702157
arlington,p2_wdf,2025-11-15,gru,0.61297166,0.31038004,0.22579293,0.6496446,0.853272,0.2063714,0.4764054
nagpur,nearest,2025-10-08,gru,0.72539306,0.48973936,0.20669663,1.5091233,1.1763839,0.23625334,0.7239316
nagpur,nearest_norepo,2025-10-08,gru,0.7663348,0.48326373,0.24111268,1.4133898,1.138627,0.24439836,0.7145211
nagpur,p1_greedy,2025-10-08,gru,0.7661161,0.47736704,0.24205624,1.4030045,1.1398891,0.25371715,0.71369165
nagpur,p2_nm,2025-10-08,gru,0.76623464,0.4801105,0.2348138,1.4054126,1.1455904,0.24763066,0.71329874
nagpur,p2_wdf,2025-10-08,gru,0.77017885,0.41261292,0.41766012,1.4485743,1.1129972,0.28795305,0.7416627
nagpur,nearest,2025-11-15,gru,0.6911438,0.45840615,0.162151,1.5607526,1.1075057,0.20449708,0.6974094
nagpur,nearest_norepo,2025-11-15,gru,0.73533654,0.45376742,0.18608059,1.4716525,1.0896817,0.21697944,0.6922497
nagpur,p1_greedy,2025-11-15,gru,0.7346847,0.45015085,0.19365193,1.4899696,1.0832423,0.21696046,0.6947766
nagpur,p2_nm,2025-11-15,gru,0.73490876,0.4568531,0.19033182,1.4814968,1.0867105,0.21046439,0.6934609
nagpur,p2_wdf,2025-11-15,gru,0.7352677,0.38433555,0.39073217,1.4949102,1.0520736,0.25700873,0.71905464
coimbatore,nearest,2025-10-08,gru,0.40027186,0.22157447,0.11095439,1.2430413,0.7475906,0.09600482,0.4699062
coimbatore,nearest_norepo,2025-10-08,gru,0.4296867,0.21673666,0.13577996,1.179094,0.7119733,0.1039364,0.46286786
coimbatore,p1_greedy,2025-10-08,gru,0.42955837,0.21584432,0.13394366,1.1788951,0.71087295,0.10684542,0.46265996
coimbatore,p2_nm,2025-10-08,gru,0.42967558,0.2163277,0.12693472,1.1741595,0.71760166,0.11016025,0.46247658
coimbatore,p2_wdf,2025-10-08,gru,0.42950153,0.17896089,0.2172981,1.2190508,0.6788141,0.12512915,0.47479245
coimbatore,nearest,2025-11-15,gru,0.37895668,0.20265199,0.10087906,1.2549855,0.70669997,0.096314356,0.45674792
coimbatore,nearest_norepo,2025-11-15,gru,0.40352634,0.19936092,0.11588439,1.2011313,0.6740694,0.100858726,0.44913852
coimbatore,p1_greedy,2025-11-15,gru,0.40368104,0.20016602,0.116394155,1.2002056,0.68148,0.09584761,0.44962907
coimbatore,p2_nm,2025-11-15,gru,0.4033866,0.19968422,0.11000435,1.2001057,0.6813893,0.100188754,0.44912648
coimbatore,p2_wdf,2025-11-15,gru,0.40422058,0.16223726,0.20442802,1.1926819,0.63956785,0.11837235,0.45358467
chandigarh,nearest,2025-10-08,gru,0.25858453,0.13994417,0.046259478,0.62802964,0.52592313,0.064306244,0.27717453
chandigarh,nearest_norepo,2025-10-08,gru,0.29455653,0.14032823,0.051155344,0.5983382,0.48850328,0.06940274,0.27371404
chandigarh,p1_greedy,2025-10-08,gru,0.29476508,0.13742737,0.053301178,0.60425824,0.48470446,0.06984396,0.27405006
chandigarh,p2_nm,2025-10-08,gru,0.29478756,0.13796699,0.054534104,0.5978947,0.48304853,0.067832924,0.27267748
chandigarh,p2_wdf,2025-10-08,gru,0.29445627,0.10801863,0.123095684,0.60058457,0.46241537,0.084537566,0.27885136
chandigarh,nearest,2025-11-15,gru,0.23058435,0.12930669,0.030869167,0.6558552,0.4712456,0.052949652,0.26180175
chandigarh,nearest_norepo,2025-11-15,gru,0.26601174,0.12706539,0.040934507,0.60425943,0.43051103,0.05657728,0.25422657
chandigarh,p1_greedy,2025-11-15,gru,0.2658914,0.12645468,0.0355321,0.627233,0.43672445,0.055644386,0.25791332
chandigarh,p2_nm,2025-11-15,gru,0.2657942,0.12767006,0.038467553,0.6136529,0.4295769,0.05656647,0.255288
chandigarh,p2_wdf,2025-11-15,gru,0.2661029,0.09525021,0.108732104,0.6186426,0.41088074,0.069183074,0.26146528
pittsburgh,nearest,2025-10-08,gru,0.22524449,0.105555296,0.03775608,0.26902914,0.34669918,0.06500124,0.1748809
pittsburgh,nearest_norepo,2025-10-08,gru,0.23806311,0.104261525,0.041219797,0.25523373,0.3319074,0.06715451,0.17297335
pittsburgh,p1_greedy,2025-10-08,gru,0.23812504,0.103254296,0.045344137,0.25213432,0.3338718,0.07205954,0.17413153
pittsburgh,p2_nm,2025-10-08,gru,0.23821656,0.10437053,0.042489067,0.2529983,0.33795416,0.07219798,0.17470443
pittsburgh,p2_wdf,2025-10-08,gru,0.23803906,0.08761335,0.07246402,0.23791312,0.33763224,0.07344728,0.17451817
pittsburgh,nearest,2025-11-15,gru,0.24221216,0.112257615,0.03676611,0.2786919,0.3504009,0.059161667,0.17991506
pittsburgh,nearest_norepo,2025-11-15,gru,0.24766816,0.10810925,0.041542415,0.2559186,0.34558842,0.062409963,0.1768728
pittsburgh,p1_greedy,2025-11-15,gru,0.2478213,0.10600999,0.043428335,0.26285833,0.3443443,0.06593771,0.1784
pittsburgh,p2_nm,2025-11-15,gru,0.247693,0.10942483,0.041371576,0.25954667,0.34720334,0.0633037,0.17809053
pittsburgh,p2_wdf,2025-11-15,gru,0.24763091,0.093157314,0.075274326,0.24152975,0.34993258,0.065110356,0.17877252
portland,nearest,2025-10-08,gru,0.5657813,0.35086372,0.12045121,0.65786695,0.8565627,0.18582246,0.4562247
portland,nearest_norepo,2025-10-08,gru,0.5985627,0.34509352,0.14429995,0.62770796,0.81836027,0.19942038,0.45557415
portland,p1_greedy,2025-10-08,gru,0.598512,0.34820825,0.14789863,0.62486756,0.8181015,0.20725621,0.45747408
portland,p2_nm,2025-10-08,gru,0.59870595,0.3437397,0.15608095,0.63884723,0.8145864,0.20002425,0.4586641
portland,p2_wdf,2025-10-08,gru,0.59850115,0.31159657,0.2373964,0.6340479,0.832775,0.20915404,0.47057852
portland,nearest,2025-11-15,gru,0.573425,0.3542214,0.11653697,0.6599413,0.8547812,0.1957992,0.4591175
portland,nearest_norepo,2025-11-15,gru,0.60192615,0.3447231,0.14463235,0.6381294,0.81970555,0.20642707,0.45925727
portland,p1_greedy,2025-11-15,gru,0.60274017,0.34757334,0.1475666,0.63819236,0.82442695,0.21470724,0.46253443
portland,p2_nm,2025-11-15,gru,0.60238886,0.3472418,0.14239934,0.65041304,0.8157106,0.2107569,0.46148506
portland,p2_wdf,2025-11-15,gru,0.60239744,0.31565195,0.23070838,0.6202582,0.8301668,0.221666,0.4701415
panaji,nearest,2025-10-08,gru,0.17466517,0.082612686,0.037979953,0.4234428,0.29237482,0.034722038,0.1742996
panaji,nearest_norepo,2025-10-08,gru,0.19454634,0.08010433,0.040824305,0.40369225,0.2808287,0.03721641,0.17286873
panaji,p1_greedy,2025-10-08,gru,0.19461504,0.08578064,0.03739918,0.41784617,0.27845708,0.04344489,0.17625715
panaji,p2_nm,2025-10-08,gru,0.19438702,0.08277165,0.04028403,0.40630272,0.27636972,0.041758638,0.17364563
panaji,p2_wdf,2025-10-08,gru,0.19456184,0.06299754,0.072631665,0.39837143,0.26177388,0.05380254,0.17402315
panaji,nearest,2025-11-15,gru,0.16199186,0.07738143,0.03080401,0.4641103,0.27855235,0.040192273,0.17550538
panaji,nearest_norepo,2025-11-15,gru,0.18171482,0.07809652,0.039569873,0.45212772,0.2489961,0.04144127,0.17365773
panaji,p1_greedy,2025-11-15,gru,0.18173517,0.0766682,0.03831113,0.44499174,0.24849221,0.042399112,0.1720996
panaji,p2_nm,2025-11-15,gru,0.18205678,0.07375743,0.0457756,0.4489168,0.23607287,0.044009347,0.1717648
panaji,p2_wdf,2025-11-15,gru,0.18185796,0.058757503,0.07392127,0.44657522,0.23332596,0.045768693,0.17336778
udaipur,nearest,2025-10-08,gru,0.16176571,0.076883934,0.02569476,0.37006757,0.29165277,0.044777036,0.16180696
udaipur,nearest_norepo,2025-10-08,gru,0.18539645,0.0784612,0.027614452,0.35194954,0.26918104,0.047675345,0.16004634
udaipur,p1_greedy,2025-10-08,gru,0.18542522,0.078510895,0.0280572,0.35708308,0.2702787,0.047209647,0.16109411
udaipur,p2_nm,2025-10-08,gru,0.18553117,0.07760042,0.028901719,0.34871313,0.2645738,0.047429405,0.15879162
udaipur,p2_wdf,2025-10-08,gru,0.18550515,0.06057009,0.06412774,0.3353434,0.26475954,0.058720067,0.16150433
udaipur,nearest,2025-11-15,gru,0.14368168,0.07184362,0.01800009,0.37948853,0.25667012,0.032493565,0.15036294
udaipur,nearest_norepo,2025-11-15,gru,0.16530417,0.07061214,0.021963065,0.3542311,0.23634028,0.03715159,0.1476004
udaipur,p1_greedy,2025-11-15,gru,0.1652617,0.068426706,0.02253846,0.37516594,0.2367238,0.034175154,0.15038197
udaipur,p2_nm,2025-11-15,gru,0.16525383,0.06983801,0.022476422,0.3607121,0.23935321,0.036028035,0.1489436
udaipur,p2_wdf,2025-11-15,gru,0.16530079,0.04906613,0.06769356,0.35504484,0.22144504,0.045006454,0.1505928
puducherry,nearest,2025-10-08,gru,0.20381474,0.09846697,0.029669037,0.3371468,0.31524652,0.048042927,0.1720645
puducherry,nearest_norepo,2025-10-08,gru,0.21952009,0.10203903,0.027069986,0.3388024,0.306057,0.04838578,0.17364572
puducherry,p1_greedy,2025-10-08,gru,0.21942878,0.1021854,0.03712088,0.34704226,0.29721108,0.050934795,0.17565386
puducherry,p2_nm,2025-10-08,gru,0.21978043,0.09668242,0.03261625,0.3390646,0.3032357,0.049550097,0.17348826
puducherry,p2_wdf,2025-10-08,gru,0.21972899,0.08498861,0.058552448,0.3279723,0.3006077,0.05138397,0.17387234
puducherry,nearest,2025-11-15,gru,0.19532275,0.091248006,0.02595955,0.37082005,0.2917811,0.037597097,0.16878808
puducherry,nearest_norepo,2025-11-15,gru,0.19424133,0.08523301,0.02347261,0.3625954,0.25259706,0.038544998,0.15944742
puducherry,p1_greedy,2025-11-15,gru,0.19393328,0.08866648,0.023069631,0.3676428,0.2567705,0.039835088,0.16165297
puducherry,p2_nm,2025-11-15,gru,0.19420727,0.0935451,0.027468162,0.3593391,0.25606093,0.04190719,0.16208796
puducherry,p2_wdf,2025-11-15,gru,0.19405295,0.07693677,0.04827666,0.33451995,0.25874716,0.045451343,0.15966414
boulder,nearest,2025-10-08,gru,0.24334471,0.10312487,0.036305856,0.18350331,0.30808413,0.08519315,0.15992601
boulder,nearest_norepo,2025-10-08,gru,0.24642317,0.10487857,0.031715497,0.18631163,0.29561153,0.08698138,0.15865363
boulder,p1_greedy,2025-10-08,gru,0.24656992,0.099712685,0.043281805,0.1874355,0.29068175,0.08995584,0.15960623
boulder,p2_nm,2025-10-08,gru,0.2464182,0.10423351,0.039508283,0.18604873,0.29299766,0.08918268,0.1597315
boulder,p2_wdf,2025-10-08,gru,0.24650654,0.0944368,0.05592142,0.15782893,0.30408704,0.087055966,0.15763946
boulder,nearest,2025-11-15,gru,0.24098366,0.10485396,0.038470607,0.18777224,0.28285658,0.09159271,0.15775497
boulder,nearest_norepo,2025-11-15,gru,0.24603416,0.10845873,0.0375015,0.18887539,0.2812698,0.0827047,0.15747406
boulder,p1_greedy,2025-11-15,gru,0.24575616,0.10179876,0.042919762,0.18367437,0.27714294,0.0904129,0.15695082
boulder,p2_nm,2025-11-15,gru,0.24589065,0.10567766,0.03953659,0.18749993,0.2827463,0.09241642,0.15896125
boulder,p2_wdf,2025-11-15,gru,0.24594216,0.089381576,0.05478222,0.16445811,0.28480273,0.09223737,0.15526736
annarbor,nearest,2025-10-08,gru,0.22287807,0.10833183,0.025658961,0.3201031,0.30343738,0.054135934,0.17242421
annarbor,nearest_norepo,2025-10-08,gru,0.2318648,0.10927498,0.029224921,0.30153942,0.29157344,0.05738101,0.17014311
annarbor,p1_greedy,2025-10-08,gru,0.23174018,0.10992676,0.034325704,0.29829574,0.28901437,0.0611163,0.1707365
annarbor,p2_nm,2025-10-08,gru,0.23203526,0.11003211,0.03371394,0.30416897,0.29044035,0.05723216,0.17127044
annarbor,p2_wdf,2025-10-08,gru,0.23185322,0.08827522,0.055686895,0.26968768,0.30773845,0.0645722,0.16963561
annarbor,nearest,2025-11-15,gru,0.22555593,0.110296875,0.02363795,0.30587962,0.30849513,0.054242864,0.17135139
annarbor,nearest_norepo,2025-11-15,gru,0.23445748,0.1143919,0.025002323,0.30368367,0.29115188,0.053235788,0.17032051
annarbor,p1_greedy,2025-11-15,gru,0.23444963,0.11137715,0.031024644,0.29858205,0.287055,0.05413721,0.1694376
annarbor,p2_nm,2025-11-15,gru,0.23467073,0.11149126,0.030804807,0.30503723,0.28709227,0.058646493,0.17129046
annarbor,p2_wdf,2025-11-15,gru,0.2343723,0.09176857,0.061771948,0.26345703,0.30199474,0.059660118,0.16883744
sf,nearest,2025-10-08,gru_os,0.5571904,0.40526712,0.059791487,0.72751486,0.86740917,0.14342171,0.4600991
sf,nearest_norepo,2025-10-08,gru_os,0.5938688,0.3965357,0.06878729,0.61012375,0.83242404,0.1430641,0.44080058
sf,p1_greedy,2025-10-08,gru_os,0.5944375,0.39891657,0.07374121,0.6056867,0.83221936,0.15079612,0.4426329
sf,p2_nm,2025-10-08,gru_os,0.59426504,0.39802244,0.07479703,0.61099225,0.83021617,0.14734615,0.44260654
sf,p2_wdf,2025-10-08,gru_os,0.5939939,0.34536484,0.20590328,0.59672004,0.859702,0.17030394,0.461998
sf,nearest,2025-11-15,gru_os,0.57305944,0.41681904,0.052014522,0.71787786,0.8634516,0.14480163,0.46133733
sf,nearest_norepo,2025-11-15,gru_os,0.6083751,0.41146564,0.060526688,0.59910846,0.8286299,0.14755741,0.44261053
sf,p1_greedy,2025-11-15,gru_os,0.60845906,0.41330162,0.06317536,0.6037059,0.8331494,0.15009531,0.4453144
sf,p2_nm,2025-11-15,gru_os,0.60841155,0.4149244,0.06279479,0.6017218,0.83282727,0.15185209,0.44542202
sf,p2_wdf,2025-11-15,gru_os,0.6079281,0.36841273,0.1861849,0.5719677,0.8804123,0.17369287,0.46476647
pune,nearest,2025-10-08,gru_os,0.6613969,0.45834625,0.21688904,1.3619719,1.1589669,0.20233378,0.6766508
pune,nearest_norepo,2025-10-08,gru_os,0.70018137,0.4503629,0.24874991,1.2978425,1.119262,0.21143211,0.6713051
pune,p1_greedy,2025-10-08,gru_os,0.69997716,0.44939226,0.25079525,1.3084381,1.1136608,0.213988,0.6727086
pune,p2_nm,2025-10-08,gru_os,0.70019406,0.4480302,0.24642679,1.3049439,1.1190324,0.21632619,0.67249227
pune,p2_wdf,2025-10-08,gru_os,0.70085686,0.40203965,0.38630542,1.3907318,1.0792905,0.25633955,0.702594
pune,nearest,2025-11-15,gru_os,0.61875224,0.43474895,0.16911063,1.4930067,1.1109952,0.178099,0.66745216
pune,nearest_norepo,2025-11-15,gru_os,0.6612538,0.42626208,0.20161827,1.3994809,1.0706167,0.18636097,0.6575988
pune,p1_greedy,2025-11-15,gru_os,0.6606935,0.42518127,0.20117335,1.4151081,1.06812,0.1859216,0.6593663
pune,p2_nm,2025-11-15,gru_os,0.6603345,0.4237354,0.20276129,1.4247044,1.0689714,0.18428582,0.66079885
pune,p2_wdf,2025-11-15,gru_os,0.6614436,0.37771934,0.35455322,1.5128782,1.0400211,0.2162956,0.6938185
navimumbai,nearest,2025-10-08,gru_os,0.3264413,0.20159131,0.05666322,0.5753226,0.605192,0.08238838,0.30793312
navimumbai,nearest_norepo,2025-10-08,gru_os,0.35528016,0.1995754,0.06601732,0.5106824,0.5691221,0.08747129,0.29802477
navimumbai,p1_greedy,2025-10-08,gru_os,0.35573044,0.19373176,0.07861895,0.53169256,0.5584403,0.08437007,0.3004307
navimumbai,p2_nm,2025-10-08,gru_os,0.35517502,0.19666933,0.0719588,0.51058996,0.5618754,0.09063895,0.29781792
navimumbai,p2_wdf,2025-10-08,gru_os,0.3559503,0.17281385,0.13437256,0.5347193,0.5549913,0.09943222,0.30871323
navimumbai,nearest,2025-11-15,gru_os,0.28227365,0.18588684,0.03932595,0.6375858,0.5553788,0.06346074,0.29398528
navimumbai,nearest_norepo,2025-11-15,gru_os,0.31933817,0.18132307,0.043455202,0.60633296,0.5145891,0.066818185,0.2886428
navimumbai,p1_greedy,2025-11-15,gru_os,0.31937352,0.18259631,0.044440605,0.6083282,0.5132675,0.06555107,0.2889262
navimumbai,p2_nm,2025-11-15,gru_os,0.31934923,0.18733431,0.042265303,0.60807675,0.5138178,0.06437291,0.28920272
navimumbai,p2_wdf,2025-11-15,gru_os,0.3194902,0.14968131,0.124473944,0.5922589,0.49609703,0.08053079,0.29375535
thane,nearest,2025-10-08,gru_os,0.37994716,0.25076896,0.07539878,0.7170132,0.735584,0.10163862,0.3767251
thane,nearest_norepo,2025-10-08,gru_os,0.41560423,0.24574514,0.08554624,0.6491786,0.69368,0.10777694,0.3662552
thane,p1_greedy,2025-10-08,gru_os,0.4153401,0.24549322,0.088757224,0.6547703,0.6922984,0.11434672,0.36850098
thane,p2_nm,2025-10-08,gru_os,0.41547605,0.2450099,0.088715486,0.6680585,0.68579763,0.111636885,0.36911574
thane,p2_wdf,2025-10-08,gru_os,0.41549826,0.20819446,0.18168262,0.68873334,0.66295075,0.12336714,0.38007107
thane,nearest,2025-11-15,gru_os,0.350903,0.23629265,0.056508347,0.73568165,0.67734635,0.09179439,0.35808778
thane,nearest_norepo,2025-11-15,gru_os,0.39012787,0.23605335,0.061249323,0.6797315,0.6420207,0.09529996,0.3507471
thane,p1_greedy,2025-11-15,gru_os,0.39007297,0.23440947,0.06526427,0.67576015,0.6408535,0.09659971,0.3504934
thane,p2_nm,2025-11-15,gru_os,0.3900584,0.23332947,0.06741686,0.67500496,0.6367248,0.0943349,0.34947821
thane,p2_wdf,2025-11-15,gru_os,0.39008796,0.19384086,0.16683811,0.70328885,0.6054463,0.11754573,0.36284134
arlington,nearest,2025-10-08,gru_os,0.588812,0.37797216,0.11452063,0.7112666,0.93183184,0.18024296,0.4841077
arlington,nearest_norepo,2025-10-08,gru_os,0.6217265,0.38247597,0.13128273,0.70436466,0.881592,0.17970052,0.48352373
arlington,p1_greedy,2025-10-08,gru_os,0.6213602,0.38148814,0.13604192,0.70575327,0.89041,0.18626061,0.4868857
arlington,p2_nm,2025-10-08,gru_os,0.62193835,0.38080284,0.13940269,0.7010569,0.88842005,0.19012171,0.4869571
arlington,p2_wdf,2025-10-08,gru_os,0.6217216,0.35624567,0.22482993,0.68591046,0.89886004,0.20679528,0.49906048
arlington,nearest,2025-11-15,gru_os,0.5904403,0.37405533,0.12736806,0.6926284,0.9015631,0.18310045,0.4781926
arlington,nearest_norepo,2025-11-15,gru_os,0.6175607,0.37575096,0.13414766,0.6969425,0.8744692,0.18325427,0.48035422
arlington,p1_greedy,2025-11-15,gru_os,0.61676896,0.3705856,0.14340614,0.70179194,0.8674657,0.18868169,0.48145
arlington,p2_nm,2025-11-15,gru_os,0.6172914,0.37338543,0.13518342,0.6950721,0.87737054,0.18926051,0.48126057
arlington,p2_wdf,2025-11-15,gru_os,0.6175302,0.3538455,0.22962822,0.65917325,0.8691868,0.20692953,0.48938224
nagpur,nearest,2025-10-08,gru_os,0.7297726,0.5175464,0.20755386,1.5815461,1.1948586,0.23636003,0.74460626
nagpur,nearest_norepo,2025-10-08,gru_os,0.7753562,0.51339376,0.2431356,1.4994746,1.1532279,0.24556187,0.7383583
nagpur,p1_greedy,2025-10-08,gru_os,0.7758242,0.5089771,0.24430569,1.4898849,1.1552001,0.25498343,0.7381959
nagpur,p2_nm,2025-10-08,gru_os,0.77576286,0.51239496,0.236196,1.4913313,1.1616694,0.2485224,0.7376461
nagpur,p2_wdf,2025-10-08,gru_os,0.77788275,0.4592893,0.4299597,1.5823731,1.1283544,0.2912389,0.77818304
nagpur,nearest,2025-11-15,gru_os,0.69552517,0.48654336,0.16364092,1.6292524,1.1212149,0.2048794,0.7168427
nagpur,nearest_norepo,2025-11-15,gru_os,0.7437419,0.48546538,0.18902308,1.5574675,1.1001817,0.2181321,0.7156686
nagpur,p1_greedy,2025-11-15,gru_os,0.74257267,0.48114622,0.19559151,1.5741975,1.0933489,0.21771948,0.7174294
nagpur,p2_nm,2025-11-15,gru_os,0.7423989,0.48764443,0.1924272,1.5669118,1.0973462,0.21127062,0.7163332
nagpur,p2_wdf,2025-11-15,gru_os,0.744125,0.4318648,0.40460703,1.6217221,1.0645272,0.26118132,0.7546713
coimbatore,nearest,2025-10-08,gru_os,0.3997491,0.24507333,0.1114913,1.2693014,0.75500137,0.09579476,0.47940186
coimbatore,nearest_norepo,2025-10-08,gru_os,0.4295754,0.23871417,0.13702887,1.2152004,0.7185287,0.10391727,0.47382748
coimbatore,p1_greedy,2025-10-08,gru_os,0.42932925,0.23660836,0.13562527,1.2123865,0.71678245,0.10683289,0.47292748
coimbatore,p2_nm,2025-10-08,gru_os,0.42951334,0.2383087,0.12802579,1.208632,0.7236317,0.11037936,0.47308183
coimbatore,p2_wdf,2025-10-08,gru_os,0.42977604,0.20544972,0.22199185,1.2616279,0.6854728,0.12542443,0.48829043
coimbatore,nearest,2025-11-15,gru_os,0.37937298,0.22597006,0.100947835,1.28066,0.71287,0.09634121,0.46602702
coimbatore,nearest_norepo,2025-11-15,gru_os,0.40280858,0.22055829,0.11658439,1.2342324,0.6790666,0.10094555,0.45903262
coimbatore,p1_greedy,2025-11-15,gru_os,0.40311632,0.22071221,0.11776689,1.2331445,0.68583256,0.09569001,0.45937708
coimbatore,p2_nm,2025-11-15,gru_os,0.40305588,0.22182229,0.11084992,1.2322032,0.68601006,0.10027828,0.45903662
coimbatore,p2_wdf,2025-11-15,gru_os,0.40395543,0.18912527,0.2090068,1.2338264,0.64552313,0.1187157,0.46669212
chandigarh,nearest,2025-10-08,gru_os,0.25811788,0.16247226,0.046407014,0.6327386,0.53392476,0.064279184,0.28298995
chandigarh,nearest_norepo,2025-10-08,gru_os,0.29425138,0.16080981,0.05146486,0.60256076,0.4950979,0.06952334,0.27895132
chandigarh,p1_greedy,2025-10-08,gru_os,0.29436255,0.15873516,0.053447198,0.60851663,0.49132082,0.069900416,0.27938047
chandigarh,p2_nm,2025-10-08,gru_os,0.2945402,0.15898474,0.054874785,0.6022639,0.48978642,0.06786644,0.27805275
chandigarh,p2_wdf,2025-10-08,gru_os,0.29447207,0.13128272,0.12403929,0.6062368,0.46780235,0.084753774,0.2847645
chandigarh,nearest,2025-11-15,gru_os,0.23094371,0.1489467,0.031188821,0.6614902,0.47818473,0.053005874,0.26729333
chandigarh,nearest_norepo,2025-11-15,gru_os,0.26623154,0.14431868,0.041502725,0.610691,0.4362197,0.056659557,0.25927052
chandigarh,p1_greedy,2025-11-15,gru_os,0.2661753,0.14518426,0.035974935,0.63345045,0.44156152,0.0555988,0.2629909
chandigarh,p2_nm,2025-11-15,gru_os,0.26600736,0.14500567,0.03879812,0.62009484,0.43483052,0.056677457,0.26023567
chandigarh,p2_wdf,2025-11-15,gru_os,0.265858,0.11718537,0.11014858,0.6267742,0.4173315,0.06927393,0.26776192
pittsburgh,nearest,2025-10-08,gru_os,0.22600037,0.124268204,0.038436774,0.27533343,0.35291335,0.06505441,0.18033443
pittsburgh,nearest_norepo,2025-10-08,gru_os,0.2384509,0.122278504,0.041767884,0.26115417,0.3369299,0.06722091,0.17796706
pittsburgh,p1_greedy,2025-10-08,gru_os,0.23865817,0.12136742,0.045670502,0.2578518,0.33935213,0.0720478,0.17915797
pittsburgh,p2_nm,2025-10-08,gru_os,0.2386631,0.122922644,0.042997207,0.25899968,0.34283406,0.0722368,0.17977558
pittsburgh,p2_wdf,2025-10-08,gru_os,0.23872314,0.109717816,0.07278894,0.24404007,0.342782,0.07349506,0.18025784
pittsburgh,nearest,2025-11-15,gru_os,0.24291441,0.13259366,0.03708324,0.28724962,0.3572571,0.05911669,0.1860358
pittsburgh,nearest_norepo,2025-11-15,gru_os,0.24824852,0.12829933,0.041807797,0.26529804,0.3520666,0.06239278,0.18301886
pittsburgh,p1_greedy,2025-11-15,gru_os,0.24830589,0.12719747,0.04388349,0.2713111,0.35141268,0.065871514,0.1846637
pittsburgh,p2_nm,2025-11-15,gru_os,0.2481659,0.1303864,0.041446015,0.26876867,0.35371155,0.06321904,0.18428294
pittsburgh,p2_wdf,2025-11-15,gru_os,0.24818309,0.116681404,0.07540253,0.25208417,0.35553753,0.065020226,0.18548483
portland,nearest,2025-10-08,gru_os,0.56876755,0.37811247,0.12177971,0.66812503,0.87237227,0.18649806,0.46594253
portland,nearest_norepo,2025-10-08,gru_os,0.6023581,0.37298673,0.14649588,0.6378497,0.8323521,0.2008101,0.46547544
portland,p1_greedy,2025-10-08,gru_os,0.60106367,0.3749696,0.14897469,0.63562936,0.83157504,0.20852882,0.46679017
portland,p2_nm,2025-10-08,gru_os,0.6019613,0.37228116,0.15770756,0.64853173,0.8283955,0.2008862,0.4682939
portland,p2_wdf,2025-10-08,gru_os,0.6015469,0.35138676,0.24056639,0.64477617,0.8426896,0.21034876,0.48188576
portland,nearest,2025-11-15,gru_os,0.5766842,0.38339216,0.11805286,0.673647,0.8711624,0.19702154,0.46999335
portland,nearest_norepo,2025-11-15,gru_os,0.6053006,0.37405956,0.14648844,0.6514965,0.8339593,0.20853485,0.46997324
portland,p1_greedy,2025-11-15,gru_os,0.6059702,0.37835047,0.14822215,0.65130395,0.83902025,0.21716613,0.47333887
portland,p2_nm,2025-11-15,gru_os,0.60571605,0.37652773,0.14343508,0.66301674,0.8295261,0.21321082,0.47190544
portland,p2_wdf,2025-11-15,gru_os,0.6049308,0.35862446,0.2336555,0.6365,0.8415458,0.22304852,0.48305085
panaji,nearest,2025-10-08,gru_os,0.17504704,0.0958975,0.037557047,0.42507392,0.2972538,0.034965016,0.17763238
panaji,nearest_norepo,2025-10-08,gru_os,0.19431509,0.09374492,0.04060234,0.40459034,0.28557822,0.037358318,0.17603153
panaji,p1_greedy,2025-10-08,gru_os,0.19442329,0.097356446,0.03765356,0.41806564,0.28352672,0.043486524,0.17908536
panaji,p2_nm,2025-10-08,gru_os,0.194275,0.09592519,0.040265437,0.40688735,0.28084493,0.041943,0.17669015
panaji,p2_wdf,2025-10-08,gru_os,0.19434342,0.07916681,0.07213954,0.39915076,0.2666371,0.053850584,0.17754804
panaji,nearest,2025-11-15,gru_os,0.16194296,0.08807488,0.030927302,0.46750513,0.28330517,0.040222723,0.17866303
panaji,nearest_norepo,2025-11-15,gru_os,0.18104202,0.08680614,0.039592255,0.4540208,0.25111535,0.041528016,0.1756841
panaji,p1_greedy,2025-11-15,gru_os,0.18088725,0.08581621,0.038112227,0.44726154,0.25208232,0.042514287,0.17444564
panaji,p2_nm,2025-11-15,gru_os,0.18114838,0.08211805,0.045606934,0.45062482,0.23929462,0.04404839,0.17380689
panaji,p2_wdf,2025-11-15,gru_os,0.18090434,0.07142085,0.073114194,0.4492401,0.23673822,0.045841545,0.17620987
udaipur,nearest,2025-10-08,gru_os,0.16223624,0.089957215,0.026353434,0.3738826,0.29849327,0.04487831,0.16596684
udaipur,nearest_norepo,2025-10-08,gru_os,0.18535987,0.08979178,0.028682003,0.35509047,0.27366328,0.047737088,0.1633874
udaipur,p1_greedy,2025-10-08,gru_os,0.18525767,0.09049132,0.028828524,0.36018187,0.2756346,0.04722918,0.16460386
udaipur,p2_nm,2025-10-08,gru_os,0.18543948,0.089196324,0.029748147,0.35178423,0.26997864,0.047538947,0.16228096
udaipur,p2_wdf,2025-10-08,gru_os,0.18545409,0.07534151,0.06493127,0.33888468,0.26818785,0.059048884,0.16530806
udaipur,nearest,2025-11-15,gru_os,0.14441116,0.08265908,0.018421616,0.38532484,0.26280203,0.0326081,0.15437113
udaipur,nearest_norepo,2025-11-15,gru_os,0.16531321,0.08021133,0.022651412,0.3597359,0.24150608,0.03740902,0.15113783
udaipur,p1_greedy,2025-11-15,gru_os,0.16534294,0.07864204,0.023041679,0.3803365,0.24144563,0.034373906,0.15386379
udaipur,p2_nm,2025-11-15,gru_os,0.16537733,0.0793735,0.023123398,0.3666885,0.24289155,0.03631325,0.15229459
udaipur,p2_wdf,2025-11-15,gru_os,0.16496502,0.06167218,0.06867422,0.3605199,0.22591323,0.045229528,0.15449569
puducherry,nearest,2025-10-08,gru_os,0.20415038,0.11297584,0.030379385,0.3387069,0.32220826,0.047928475,0.17605822
puducherry,nearest_norepo,2025-10-08,gru_os,0.21996933,0.11629553,0.028034171,0.3396688,0.31113932,0.048640087,0.17729121
puducherry,p1_greedy,2025-10-08,gru_os,0.21963196,0.11531154,0.037903808,0.3478667,0.30335146,0.050916087,0.17916359
puducherry,p2_nm,2025-10-08,gru_os,0.2204528,0.112505555,0.033535138,0.33991766,0.30767837,0.049758032,0.17730792
puducherry,p2_wdf,2025-10-08,gru_os,0.21979393,0.10269929,0.05854477,0.3283955,0.3054419,0.051534582,0.17773499
puducherry,nearest,2025-11-15,gru_os,0.19525857,0.10072886,0.025821107,0.37082595,0.29895625,0.03768759,0.17154638
puducherry,nearest_norepo,2025-11-15,gru_os,0.19414529,0.09669182,0.023973748,0.3651941,0.25761786,0.03868755,0.16271839
puducherry,p1_greedy,2025-11-15,gru_os,0.19372244,0.09915948,0.023805315,0.37037742,0.26175103,0.039987892,0.1648006
puducherry,p2_nm,2025-11-15,gru_os,0.19397469,0.1011708,0.02799912,0.36221874,0.2592627,0.042198773,0.1644708
puducherry,p2_wdf,2025-11-15,gru_os,0.19378684,0.09095183,0.048212256,0.3384629,0.26415077,0.04548314,0.16350794
boulder,nearest,2025-10-08,gru_os,0.24306707,0.11843624,0.0376207,0.18585141,0.31360444,0.08510055,0.16394673
boulder,nearest_norepo,2025-10-08,gru_os,0.24628212,0.11923404,0.033154327,0.18872629,0.30006096,0.08668005,0.1623563
boulder,p1_greedy,2025-10-08,gru_os,0.24630225,0.11585574,0.044267204,0.18929714,0.29673347,0.08964258,0.16368307
boulder,p2_nm,2025-10-08,gru_os,0.24625811,0.11922373,0.040627398,0.18801025,0.29862607,0.08915227,0.16364963
boulder,p2_wdf,2025-10-08,gru_os,0.24640967,0.11249606,0.056564067,0.16043048,0.3086598,0.086844526,0.16190076
boulder,nearest,2025-11-15,gru_os,0.24049202,0.11655525,0.039488982,0.19219476,0.28689584,0.091179304,0.16113435
boulder,nearest_norepo,2025-11-15,gru_os,0.24569052,0.1193621,0.038168777,0.19300418,0.28514683,0.082489036,0.16064358
boulder,p1_greedy,2025-11-15,gru_os,0.24541779,0.115416124,0.043575443,0.18790452,0.28258106,0.0901377,0.16083878
boulder,p2_nm,2025-11-15,gru_os,0.24533468,0.11779128,0.040454593,0.19145803,0.28688863,0.091745555,0.1622788
boulder,p2_wdf,2025-11-15,gru_os,0.24527128,0.1071258,0.055587932,0.16997603,0.2899512,0.09180621,0.15995309
annarbor,nearest,2025-10-08,gru_os,0.22293727,0.12181285,0.026190061,0.32258016,0.30692968,0.05416058,0.17576844
annarbor,nearest_norepo,2025-10-08,gru_os,0.2316361,0.12246499,0.030080725,0.30313608,0.29428044,0.05734437,0.17315711
annarbor,p1_greedy,2025-10-08,gru_os,0.23149519,0.12255855,0.03509243,0.29982904,0.29277855,0.061092127,0.17380764
annarbor,p2_nm,2025-10-08,gru_os,0.23162608,0.12204627,0.03435907,0.3056937,0.2928471,0.057314303,0.17398109
annarbor,p2_wdf,2025-10-08,gru_os,0.2314469,0.1082103,0.05538103,0.2713943,0.31089336,0.06439219,0.17361969
annarbor,nearest,2025-11-15,gru_os,0.22497521,0.123053305,0.024091823,0.3087487,0.3120149,0.05406387,0.1744913
annarbor,nearest_norepo,2025-11-15,gru_os,0.23344512,0.12452067,0.02583783,0.30576235,0.2946915,0.053065695,0.1728872
annarbor,p1_greedy,2025-11-15,gru_os,0.23326428,0.122481704,0.031577595,0.30128482,0.290274,0.05389371,0.17212935
annarbor,p2_nm,2025-11-15,gru_os,0.23347849,0.12192871,0.03127029,0.30719742,0.2897375,0.058300547,0.17365216
annarbor,p2_wdf,2025-11-15,gru_os,0.23310262,0.10969303,0.061855774,0.2675211,0.30470902,0.05945318,0.17272246
sf,nearest,2025-10-08,gru_cons,0.5494983,0.37686855,0.058395468,0.7121145,0.8425355,0.1424251,0.44697288
sf,nearest_norepo,2025-10-08,gru_cons,0.5909563,0.36867502,0.06665959,0.59755385,0.8059105,0.14267178,0.42873785
sf,p1_greedy,2025-10-08,gru_cons,0.5910778,0.37036875,0.07112063,0.5935905,0.8058029,0.15048182,0.43040705
sf,p2_nm,2025-10-08,gru_cons,0.5911803,0.37010452,0.07216172,0.5984712,0.8044455,0.14682771,0.43053183
sf,p2_wdf,2025-10-08,gru_cons,0.5910544,0.28912836,0.20049231,0.5835169,0.8379308,0.16987728,0.44533336
sf,nearest,2025-11-15,gru_cons,0.5673553,0.38673547,0.051127408,0.7012298,0.8406243,0.14381579,0.44848132
sf,nearest_norepo,2025-11-15,gru_cons,0.60518044,0.3788372,0.05861111,0.58615214,0.80494225,0.14705585,0.4301298
sf,p1_greedy,2025-11-15,gru_cons,0.60522836,0.3806686,0.061317667,0.590229,0.8104526,0.14961867,0.4329191
sf,p2_nm,2025-11-15,gru_cons,0.60506135,0.38303474,0.06082756,0.5880652,0.8091621,0.15110615,0.4328762
sf,p2_wdf,2025-11-15,gru_cons,0.6049471,0.3067,0.18064347,0.5547693,0.86065465,0.17321905,0.44682226
pune,nearest,2025-10-08,gru_cons,0.653563,0.41724062,0.21162339,1.2978686,1.1380538,0.20162074,0.65332836
pune,nearest_norepo,2025-10-08,gru_cons,0.6948181,0.41020483,0.24278142,1.2277174,1.1039548,0.21065421,0.6483551
pune,p1_greedy,2025-10-08,gru_cons,0.6949422,0.40974638,0.24575922,1.2412039,1.0998387,0.21312046,0.65076846
pune,p2_nm,2025-10-08,gru_cons,0.6947234,0.4072117,0.24164459,1.2355897,1.1045556,0.21534197,0.6498445
pune,p2_wdf,2025-10-08,gru_cons,0.69647324,0.34436306,0.37384227,1.2916431,1.0618601,0.2517105,0.669982
pune,nearest,2025-11-15,gru_cons,0.6111922,0.3964127,0.16439399,1.434562,1.0926216,0.1781282,0.6462185
pune,nearest_norepo,2025-11-15,gru_cons,0.6587897,0.38953722,0.19821115,1.3277208,1.0561635,0.18618876,0.63610184
pune,p1_greedy,2025-11-15,gru_cons,0.65821695,0.38603118,0.19665307,1.3448746,1.0543356,0.1855268,0.6376064
pune,p2_nm,2025-11-15,gru_cons,0.6588457,0.3869356,0.19923086,1.3536785,1.0557578,0.18403412,0.6397471
pune,p2_wdf,2025-11-15,gru_cons,0.65844834,0.3181526,0.3426197,1.4148972,1.0230737,0.21507852,0.66204506
navimumbai,nearest,2025-10-08,gru_cons,0.32244277,0.17550966,0.05561159,0.5658683,0.5875431,0.08183597,0.29813525
navimumbai,nearest_norepo,2025-10-08,gru_cons,0.35435048,0.17649221,0.064678185,0.50522816,0.555817,0.08707329,0.29060656
navimumbai,p1_greedy,2025-10-08,gru_cons,0.35446185,0.17120576,0.07728896,0.52776617,0.5471064,0.08405344,0.29364708
navimumbai,p2_nm,2025-10-08,gru_cons,0.35461065,0.17426257,0.07054807,0.5059623,0.5488485,0.090081014,0.29071885
navimumbai,p2_wdf,2025-10-08,gru_cons,0.35453174,0.14003335,0.1315916,0.5303432,0.5425439,0.09909366,0.29968956
navimumbai,nearest,2025-11-15,gru_cons,0.27804226,0.16376962,0.038651504,0.6279959,0.5405937,0.06321345,0.2853777
navimumbai,nearest_norepo,2025-11-15,gru_cons,0.3195683,0.16099443,0.041986156,0.6023754,0.5040907,0.06645793,0.28257883
navimumbai,p1_greedy,2025-11-15,gru_cons,0.319776,0.16228877,0.04338877,0.6039393,0.5039049,0.06513064,0.28307137
navimumbai,p2_nm,2025-11-15,gru_cons,0.3194599,0.16795133,0.040796265,0.6029319,0.50188214,0.063925974,0.2828246
navimumbai,p2_wdf,2025-11-15,gru_cons,0.31958085,0.12084001,0.119478464,0.5863266,0.48194885,0.079904586,0.2846799
thane,nearest,2025-10-08,gru_cons,0.3753726,0.22139375,0.073731594,0.70457894,0.7146842,0.101613306,0.36522904
thane,nearest_norepo,2025-10-08,gru_cons,0.41360983,0.2179648,0.082951166,0.6393604,0.6770393,0.107336655,0.35637704
thane,p1_greedy,2025-10-08,gru_cons,0.41345868,0.21957561,0.086820334,0.6458621,0.67692655,0.11371797,0.35939357
thane,p2_nm,2025-10-08,gru_cons,0.41383857,0.21775398,0.08638535,0.6589497,0.6705921,0.11097517,0.35974917
thane,p2_wdf,2025-10-08,gru_cons,0.41420352,0.17196028,0.17703639,0.6802254,0.64774173,0.12331691,0.36908075
thane,nearest,2025-11-15,gru_cons,0.34706107,0.20718114,0.05534548,0.72317415,0.6600559,0.09167712,0.3474158
thane,nearest_norepo,2025-11-15,gru_cons,0.38948038,0.20849103,0.05926808,0.6709064,0.62760115,0.094636194,0.34173056
thane,p1_greedy,2025-11-15,gru_cons,0.3896053,0.20720254,0.06346909,0.6678445,0.62666875,0.09616723,0.34182623
thane,p2_nm,2025-11-15,gru_cons,0.38961932,0.20674157,0.065182835,0.6666157,0.62334305,0.09376124,0.3408773
thane,p2_wdf,2025-11-15,gru_cons,0.38910028,0.15981051,0.16158706,0.69236743,0.5904634,0.116465636,0.3516324
arlington,nearest,2025-10-08,gru_cons,0.5765048,0.34315088,0.11171706,0.69600713,0.89618576,0.17920312,0.46712813
arlington,nearest_norepo,2025-10-08,gru_cons,0.61226296,0.35019627,0.12723319,0.6940855,0.8549855,0.17981663,0.46976337
arlington,p1_greedy,2025-10-08,gru_cons,0.6117703,0.34617954,0.13292424,0.6944516,0.864382,0.1847316,0.47240654
arlington,p2_nm,2025-10-08,gru_cons,0.6123811,0.34699985,0.13658117,0.68938893,0.85969,0.18807344,0.47218573
arlington,p2_wdf,2025-10-08,gru_cons,0.61135733,0.3071141,0.22007167,0.6794738,0.8771797,0.20532966,0.48342106
arlington,nearest,2025-11-15,gru_cons,0.5812228,0.33760062,0.12447027,0.6725556,0.86821365,0.183109,0.46119532
arlington,nearest_norepo,2025-11-15,gru_cons,0.6101367,0.33862716,0.13102628,0.68388504,0.8451117,0.18331459,0.46535027
arlington,p1_greedy,2025-11-15,gru_cons,0.60960793,0.33174846,0.14236465,0.687988,0.83974403,0.18848442,0.46665624
arlington,p2_nm,2025-11-15,gru_cons,0.61026406,0.33443472,0.1319988,0.6811799,0.84740514,0.1891405,0.4657372
arlington,p2_wdf,2025-11-15,gru_cons,0.60981894,0.30126157,0.22302683,0.64616674,0.843124,0.20564167,0.47150663
nagpur,nearest,2025-10-08,gru_cons,0.7154658,0.47734466,0.19920844,1.4976332,1.1672122,0.2334511,0.71505255
nagpur,nearest_norepo,2025-10-08,gru_cons,0.75709856,0.47180465,0.23667036,1.408427,1.1311748,0.24032623,0.70758367
nagpur,p1_greedy,2025-10-08,gru_cons,0.7570434,0.46416628,0.2385102,1.3974845,1.1326468,0.24932168,0.70652884
nagpur,p2_nm,2025-10-08,gru_cons,0.75795984,0.4684813,0.23001646,1.3981233,1.1371806,0.24439448,0.706026
nagpur,p2_wdf,2025-10-08,gru_cons,0.7584952,0.3958245,0.4031229,1.4426215,1.1025788,0.27947968,0.7303538
nagpur,nearest,2025-11-15,gru_cons,0.68400365,0.44798717,0.15993454,1.5516144,1.0999833,0.20317645,0.6911166
nagpur,nearest_norepo,2025-11-15,gru_cons,0.7301343,0.44232577,0.182825,1.4667195,1.0821643,0.21523948,0.686568
nagpur,p1_greedy,2025-11-15,gru_cons,0.73059666,0.44064322,0.19179422,1.4847448,1.0770613,0.21547312,0.6900522
nagpur,p2_nm,2025-11-15,gru_cons,0.73041797,0.44645956,0.18942693,1.4767047,1.0806239,0.20878059,0.68873554
nagpur,p2_wdf,2025-11-15,gru_cons,0.73035705,0.36553428,0.37731272,1.4906471,1.0411116,0.25308773,0.7096751
coimbatore,nearest,2025-10-08,gru_cons,0.3973901,0.21863031,0.10754158,1.2375377,0.7423314,0.096140765,0.46659532
coimbatore,nearest_norepo,2025-10-08,gru_cons,0.42784408,0.21249922,0.13337623,1.1763656,0.7079808,0.10452942,0.46043256
coimbatore,p1_greedy,2025-10-08,gru_cons,0.4277268,0.21252958,0.13183999,1.1767007,0.7084924,0.107248366,0.4607563
coimbatore,p2_nm,2025-10-08,gru_cons,0.42798907,0.21208768,0.12482416,1.1718243,0.71380156,0.110373534,0.46015003
coimbatore,p2_wdf,2025-10-08,gru_cons,0.4277591,0.1704079,0.21362965,1.2163452,0.6732783,0.12525873,0.47111318
coimbatore,nearest,2025-11-15,gru_cons,0.37570837,0.198778,0.09881646,1.2508385,0.701182,0.09570822,0.45350525
coimbatore,nearest_norepo,2025-11-15,gru_cons,0.4030296,0.19563623,0.11451667,1.1985205,0.6691316,0.100629866,0.44691074
coimbatore,p1_greedy,2025-11-15,gru_cons,0.40299422,0.19607969,0.11552892,1.1977519,0.67718,0.09540156,0.44748938
coimbatore,p2_nm,2025-11-15,gru_cons,0.4027495,0.1970061,0.109018326,1.1972755,0.6766644,0.099792406,0.4470844
coimbatore,p2_wdf,2025-11-15,gru_cons,0.40282938,0.1536625,0.20041505,1.190232,0.6325933,0.11801746,0.44962493
chandigarh,nearest,2025-10-08,gru_cons,0.25466317,0.13844365,0.04513778,0.6213242,0.5171274,0.06434825,0.2735074
chandigarh,nearest_norepo,2025-10-08,gru_cons,0.29408684,0.13954201,0.050046008,0.5969193,0.48287836,0.06935588,0.27213806
chandigarh,p1_greedy,2025-10-08,gru_cons,0.2941185,0.136677,0.052401964,0.60285234,0.47943938,0.069853246,0.27255705
chandigarh,p2_nm,2025-10-08,gru_cons,0.29426968,0.13700141,0.05373133,0.5963601,0.47764942,0.067667924,0.2711133
chandigarh,p2_wdf,2025-10-08,gru_cons,0.2943047,0.10205863,0.12101633,0.5988513,0.45222488,0.08435253,0.27546805
chandigarh,nearest,2025-11-15,gru_cons,0.22555064,0.12713078,0.030036826,0.6502748,0.46441975,0.052557714,0.2583284
chandigarh,nearest_norepo,2025-11-15,gru_cons,0.26543042,0.12593791,0.040343966,0.6017539,0.4267707,0.056138776,0.25272927
chandigarh,p1_greedy,2025-11-15,gru_cons,0.26544133,0.12558146,0.034771893,0.6258531,0.4334987,0.055387516,0.25675568
chandigarh,p2_nm,2025-11-15,gru_cons,0.26549658,0.12620375,0.037506256,0.6119178,0.42565343,0.056426413,0.25386736
chandigarh,p2_wdf,2025-11-15,gru_cons,0.2655859,0.09003279,0.1060854,0.6162094,0.40163156,0.069003396,0.25809142
pittsburgh,nearest,2025-10-08,gru_cons,0.22221951,0.10376424,0.036752317,0.26619315,0.34126276,0.0645166,0.17245144
pittsburgh,nearest_norepo,2025-10-08,gru_cons,0.2368604,0.10295311,0.04047226,0.25374648,0.3277714,0.066698834,0.17141707
pittsburgh,p1_greedy,2025-10-08,gru_cons,0.23692703,0.10197993,0.04475641,0.25050712,0.32970035,0.07164289,0.17258562
pittsburgh,p2_nm,2025-10-08,gru_cons,0.23692124,0.10322133,0.042087317,0.2515802,0.33387458,0.07188719,0.17326196
pittsburgh,p2_wdf,2025-10-08,gru_cons,0.23695487,0.08453165,0.07133352,0.23603667,0.3317661,0.073173,0.17229931
pittsburgh,nearest,2025-11-15,gru_cons,0.24134916,0.11061145,0.03654192,0.27622005,0.34674266,0.058747895,0.17836885
pittsburgh,nearest_norepo,2025-11-15,gru_cons,0.24707738,0.10668927,0.041104257,0.25500703,0.3421611,0.06226344,0.17571707
pittsburgh,p1_greedy,2025-11-15,gru_cons,0.24714385,0.10464587,0.042984728,0.26177552,0.34078467,0.06573425,0.17717814
pittsburgh,p2_nm,2025-11-15,gru_cons,0.24706933,0.10796467,0.04089112,0.2583378,0.3433978,0.06313739,0.17679967
pittsburgh,p2_wdf,2025-11-15,gru_cons,0.24707359,0.09029495,0.07370676,0.24019143,0.34406394,0.06483151,0.1766937
portland,nearest,2025-10-08,gru_cons,0.5606348,0.3450023,0.117789954,0.6484947,0.84846514,0.18463059,0.45083627
portland,nearest_norepo,2025-10-08,gru_cons,0.59629565,0.33959392,0.14252272,0.6217896,0.8116848,0.1979804,0.4516445
portland,p1_greedy,2025-10-08,gru_cons,0.59681827,0.3426474,0.1458167,0.6196855,0.8120264,0.20497283,0.4536611
portland,p2_nm,2025-10-08,gru_cons,0.59603226,0.33917996,0.15329127,0.6325421,0.8092535,0.19785403,0.45469216
portland,p2_wdf,2025-10-08,gru_cons,0.596362,0.3035064,0.23415951,0.63017446,0.822661,0.20851009,0.46589556
portland,nearest,2025-11-15,gru_cons,0.56942457,0.34627774,0.1139232,0.65060747,0.8446381,0.19424263,0.45318565
portland,nearest_norepo,2025-11-15,gru_cons,0.6004482,0.33828786,0.14268187,0.6321969,0.81005293,0.20529272,0.45482674
portland,p1_greedy,2025-11-15,gru_cons,0.60135865,0.34139696,0.144953,0.6321825,0.8161086,0.21321635,0.4582027
portland,p2_nm,2025-11-15,gru_cons,0.60139364,0.34091425,0.13964248,0.6437509,0.8074275,0.20919958,0.45705473
portland,p2_wdf,2025-11-15,gru_cons,0.6012118,0.30711174,0.22822446,0.6166339,0.822244,0.22103105,0.46607614
panaji,nearest,2025-10-08,gru_cons,0.17303497,0.0812086,0.03653777,0.41917738,0.28943527,0.035114825,0.17241812
panaji,nearest_norepo,2025-10-08,gru_cons,0.19310896,0.07866863,0.040070027,0.40212026,0.27881414,0.03771778,0.17174996
panaji,p1_greedy,2025-10-08,gru_cons,0.19328338,0.08477468,0.0369451,0.41505042,0.27545074,0.043426525,0.1748218
panaji,p2_nm,2025-10-08,gru_cons,0.19330372,0.08159373,0.0397177,0.40366825,0.2740248,0.042178534,0.17241447
panaji,p2_wdf,2025-10-08,gru_cons,0.19280756,0.059952185,0.070121825,0.3950763,0.2572396,0.053367075,0.17142741
panaji,nearest,2025-11-15,gru_cons,0.16003066,0.07622134,0.02989613,0.4608261,0.2739328,0.040314637,0.17353696
panaji,nearest_norepo,2025-11-15,gru_cons,0.17912714,0.07698319,0.037383825,0.4503205,0.24861854,0.041791297,0.17237075
panaji,p1_greedy,2025-11-15,gru_cons,0.17923076,0.07571165,0.03728629,0.44293213,0.24501012,0.0428144,0.17049755
panaji,p2_nm,2025-11-15,gru_cons,0.17959854,0.07365814,0.04276057,0.44705734,0.23541103,0.04447515,0.17049347
panaji,p2_wdf,2025-11-15,gru_cons,0.17963356,0.05622814,0.06917289,0.44372433,0.22777389,0.045808323,0.17039019
udaipur,nearest,2025-10-08,gru_cons,0.15973501,0.07557046,0.025058998,0.36593196,0.28654706,0.044459075,0.15955043
udaipur,nearest_norepo,2025-10-08,gru_cons,0.18470587,0.07723926,0.027103195,0.35071674,0.26631013,0.047201898,0.1588795
udaipur,p1_greedy,2025-10-08,gru_cons,0.18472438,0.07719017,0.027532803,0.35562083,0.26778415,0.046997312,0.15997493
udaipur,p2_nm,2025-10-08,gru_cons,0.18486498,0.076595515,0.02849017,0.34754238,0.26179102,0.047103632,0.15773128
udaipur,p2_wdf,2025-10-08,gru_cons,0.18494923,0.05778234,0.06321983,0.33309668,0.2584113,0.057991136,0.15924175
udaipur,nearest,2025-11-15,gru_cons,0.1414339,0.07030015,0.017176151,0.37612048,0.25190875,0.03224729,0.14819779
udaipur,nearest_norepo,2025-11-15,gru_cons,0.16474877,0.069248825,0.021448154,0.3526266,0.23334819,0.036790628,0.14636852
udaipur,p1_greedy,2025-11-15,gru_cons,0.16488424,0.06735066,0.022211893,0.37401414,0.23468582,0.033903867,0.14950843
udaipur,p2_nm,2025-11-15,gru_cons,0.16474758,0.06850719,0.022006873,0.3592084,0.23623389,0.03564036,0.14772405
udaipur,p2_wdf,2025-11-15,gru_cons,0.16495146,0.04686793,0.065233536,0.35289586,0.21451916,0.044551224,0.14816986
puducherry,nearest,2025-10-08,gru_cons,0.20134337,0.09645641,0.029258007,0.3327228,0.3120138,0.047673225,0.16991127
puducherry,nearest_norepo,2025-10-08,gru_cons,0.21844618,0.0995832,0.026666516,0.336249,0.3027498,0.04838286,0.17201293
puducherry,p1_greedy,2025-10-08,gru_cons,0.21808444,0.10123938,0.03660266,0.3427638,0.29453307,0.050662454,0.17398097
puducherry,p2_nm,2025-10-08,gru_cons,0.2184061,0.09433812,0.03196459,0.3365946,0.2999731,0.04955262,0.17180486
puducherry,p2_wdf,2025-10-08,gru_cons,0.21817875,0.082662165,0.057173498,0.32413885,0.29703856,0.05148101,0.1717788
puducherry,nearest,2025-11-15,gru_cons,0.19287303,0.08983345,0.025191111,0.3660697,0.28892264,0.036774836,0.16661079
puducherry,nearest_norepo,2025-11-15,gru_cons,0.19343582,0.08384545,0.02317593,0.3607124,0.25101426,0.03834215,0.15842101
puducherry,p1_greedy,2025-11-15,gru_cons,0.19320884,0.088025086,0.022943445,0.36600208,0.25503305,0.039555155,0.1607946
puducherry,p2_nm,2025-11-15,gru_cons,0.19340226,0.09239378,0.02723796,0.3571184,0.25327435,0.041831657,0.16087641
puducherry,p2_wdf,2025-11-15,gru_cons,0.19321336,0.075623095,0.048169628,0.33182237,0.2562431,0.044903412,0.15832914
boulder,nearest,2025-10-08,gru_cons,0.24161334,0.101480655,0.036105838,0.17938054,0.3009697,0.08396322,0.15725222
boulder,nearest_norepo,2025-10-08,gru_cons,0.24543846,0.10272087,0.031324357,0.18477687,0.28854063,0.08611045,0.15648527
boulder,p1_greedy,2025-10-08,gru_cons,0.24564067,0.09833277,0.04266257,0.18544148,0.28478664,0.088788435,0.15760876
boulder,p2_nm,2025-10-08,gru_cons,0.24545461,0.10227477,0.038956933,0.18325351,0.28780186,0.08898466,0.15778773
boulder,p2_wdf,2025-10-08,gru_cons,0.24544208,0.093711585,0.05507803,0.15799832,0.30029184,0.08640474,0.15648776
boulder,nearest,2025-11-15,gru_cons,0.23909606,0.10192407,0.038245838,0.18432194,0.2757066,0.090001896,0.15488273
boulder,nearest_norepo,2025-11-15,gru_cons,0.24429056,0.10564941,0.03684938,0.18710144,0.27429038,0.081849515,0.15500511
boulder,p1_greedy,2025-11-15,gru_cons,0.24433143,0.09952688,0.04245923,0.18167982,0.2712716,0.08935874,0.15477128
boulder,p2_nm,2025-11-15,gru_cons,0.24407953,0.103361554,0.038894914,0.18523961,0.27552325,0.09121957,0.1563864
boulder,p2_wdf,2025-11-15,gru_cons,0.24453679,0.08839188,0.05398808,0.16278355,0.28114596,0.0910587,0.15365082
annarbor,nearest,2025-10-08,gru_cons,0.21943925,0.10686909,0.025009017,0.31601432,0.29730147,0.05319191,0.16963752
annarbor,nearest_norepo,2025-10-08,gru_cons,0.23008049,0.10695779,0.029010758,0.29908866,0.2854532,0.056770988,0.16789365
annarbor,p1_greedy,2025-10-08,gru_cons,0.23020531,0.10765941,0.033758026,0.2951066,0.28453898,0.060609344,0.16864628
annarbor,p2_nm,2025-10-08,gru_cons,0.23032822,0.10787157,0.03301046,0.30152544,0.28519383,0.056767084,0.1691161
annarbor,p2_wdf,2025-10-08,gru_cons,0.23036323,0.08654279,0.05479368,0.26714066,0.30300793,0.06412956,0.16766298
annarbor,nearest,2025-11-15,gru_cons,0.22356313,0.10773797,0.023240276,0.30365676,0.30227172,0.05355598,0.1690043
annarbor,nearest_norepo,2025-11-15,gru_cons,0.23221025,0.11248791,0.024942636,0.3019996,0.2844825,0.052942272,0.16817753
annarbor,p1_greedy,2025-11-15,gru_cons,0.23234259,0.108921304,0.030784816,0.29735753,0.2812411,0.053836808,0.16741402
annarbor,p2_nm,2025-11-15,gru_cons,0.23247173,0.10909455,0.03081524,0.30370492,0.2810785,0.058466133,0.16927183
annarbor,p2_wdf,2025-11-15,gru_cons,0.2327482,0.08992488,0.06000828,0.2627477,0.29815447,0.059290957,0.16714574
sf,nearest,2025-10-08,gru_cons_os,0.55053365,0.39067137,0.05910927,0.7141647,0.8470388,0.14226538,0.45063052
sf,nearest_norepo,2025-10-08,gru_cons_os,0.59156466,0.3858048,0.067740254,0.5999554,0.80948085,0.1428102,0.43289268
sf,p1_greedy,2025-10-08,gru_cons_os,0.5919394,0.38889807,0.0723321,0.5958427,0.8099518,0.15057287,0.4349228
sf,p2_nm,2025-10-08,gru_cons_os,0.5918286,0.38824895,0.073206864,0.60094255,0.80809236,0.1469111,0.43487176
sf,p2_wdf,2025-10-08,gru_cons_os,0.59164524,0.31886658,0.20182884,0.5860599,0.84282464,0.16989438,0.45185328
sf,nearest,2025-11-15,gru_cons_os,0.5690455,0.39935434,0.05163063,0.70363384,0.8444891,0.14384751,0.45200014
sf,nearest_norepo,2025-11-15,gru_cons_os,0.60653,0.39646554,0.05967476,0.5897339,0.80840516,0.14725249,0.43467698
sf,p1_greedy,2025-11-15,gru_cons_os,0.6067368,0.39898646,0.06200328,0.59304744,0.8136016,0.14976458,0.4373567
sf,p2_nm,2025-11-15,gru_cons_os,0.60657555,0.40037763,0.061841294,0.5910906,0.812331,0.15129025,0.43725106
sf,p2_wdf,2025-11-15,gru_cons_os,0.6053928,0.33736268,0.18133448,0.5585271,0.86461073,0.1734005,0.45343804
pune,nearest,2025-10-08,gru_cons_os,0.6552717,0.44456464,0.21172725,1.3034775,1.1465763,0.20228416,0.6606503
pune,nearest_norepo,2025-10-08,gru_cons_os,0.69569105,0.4401511,0.24415644,1.2321903,1.1100844,0.21122812,0.65558356
pune,p1_greedy,2025-10-08,gru_cons_os,0.6961008,0.44014797,0.24724057,1.2456365,1.1058899,0.21399505,0.6581684
pune,p2_nm,2025-10-08,gru_cons_os,0.69591993,0.43833676,0.24304494,1.2399073,1.1099775,0.21624468,0.65723854
pune,p2_wdf,2025-10-08,gru_cons_os,0.6974896,0.37985998,0.37499762,1.2961661,1.0704478,0.2523186,0.6785466
pune,nearest,2025-11-15,gru_cons_os,0.6130567,0.42076242,0.16512571,1.4380087,1.0995233,0.17854139,0.6525031
pune,nearest_norepo,2025-11-15,gru_cons_os,0.65843993,0.41619328,0.19925937,1.3326921,1.061676,0.18653809,0.6424665
pune,p1_greedy,2025-11-15,gru_cons_os,0.6580615,0.41512302,0.19737345,1.3507597,1.0598288,0.1859582,0.6445174
pune,p2_nm,2025-11-15,gru_cons_os,0.6584982,0.4145156,0.20009865,1.3578943,1.0608952,0.18470763,0.6461016
pune,p2_wdf,2025-11-15,gru_cons_os,0.6591159,0.35088563,0.34331384,1.4185675,1.0297842,0.21518664,0.6694756
navimumbai,nearest,2025-10-08,gru_cons_os,0.3225012,0.19062075,0.056066707,0.56815326,0.5914526,0.08155841,0.3017255
navimumbai,nearest_norepo,2025-10-08,gru_cons_os,0.3539328,0.191949,0.0652449,0.5068821,0.55957925,0.08691546,0.29408392
navimumbai,p1_greedy,2025-10-08,gru_cons_os,0.35398224,0.18682091,0.0774726,0.5283604,0.55095714,0.08393935,0.29692212
navimumbai,p2_nm,2025-10-08,gru_cons_os,0.35404038,0.18974204,0.07108852,0.5072983,0.55289304,0.08987915,0.2941569
navimumbai,p2_wdf,2025-10-08,gru_cons_os,0.35400644,0.15795445,0.13219766,0.53183085,0.5461394,0.09895576,0.3035141
navimumbai,nearest,2025-11-15,gru_cons_os,0.27823782,0.17506415,0.03916517,0.63007027,0.5443846,0.063033976,0.288326
navimumbai,nearest_norepo,2025-11-15,gru_cons_os,0.3183036,0.17425804,0.0424823,0.60315377,0.5069998,0.066479936,0.28527954
navimumbai,p1_greedy,2025-11-15,gru_cons_os,0.31846225,0.17554833,0.043710213,0.6050906,0.5071812,0.06513082,0.28585392
navimumbai,p2_nm,2025-11-15,gru_cons_os,0.31850177,0.18013018,0.041334603,0.60447747,0.50595266,0.06409339,0.28574833
navimumbai,p2_wdf,2025-11-15,gru_cons_os,0.31831202,0.13495941,0.11951062,0.58821934,0.48663068,0.079866715,0.28791648
thane,nearest,2025-10-08,gru_cons_os,0.37572497,0.23833902,0.07425212,0.7072767,0.7192864,0.10133245,0.36936858
thane,nearest_norepo,2025-10-08,gru_cons_os,0.4136132,0.23802519,0.08411547,0.64282215,0.6811917,0.10736816,0.36118934
thane,p1_greedy,2025-10-08,gru_cons_os,0.41335872,0.23793228,0.08745415,0.64873075,0.68106365,0.11358145,0.36368683
thane,p2_nm,2025-10-08,gru_cons_os,0.4137605,0.23764132,0.087082334,0.66163814,0.6747921,0.11085546,0.364295
thane,p2_wdf,2025-10-08,gru_cons_os,0.41422978,0.19056587,0.1775987,0.68213135,0.6518256,0.12288993,0.37320688
thane,nearest,2025-11-15,gru_cons_os,0.34710273,0.22277753,0.055692717,0.7274213,0.66470563,0.09133239,0.35150537
thane,nearest_norepo,2025-11-15,gru_cons_os,0.388803,0.2257067,0.060052738,0.6752071,0.6324272,0.094491616,0.34611475
thane,p1_greedy,2025-11-15,gru_cons_os,0.38884875,0.225375,0.06406437,0.6713101,0.63140416,0.09590755,0.34615162
thane,p2_nm,2025-11-15,gru_cons_os,0.3888667,0.22418109,0.06592392,0.670327,0.62786645,0.093630135,0.34513256
thane,p2_wdf,2025-11-15,gru_cons_os,0.38858753,0.17445844,0.16208798,0.6950973,0.59530157,0.116088204,0.35527018
arlington,nearest,2025-10-08,gru_cons_os,0.57932734,0.36343354,0.11257557,0.69900256,0.901681,0.1790878,0.47251797
arlington,nearest_norepo,2025-10-08,gru_cons_os,0.61504877,0.36903715,0.12802812,0.69652253,0.85948145,0.17951,0.4746047
arlington,p1_greedy,2025-10-08,gru_cons_os,0.6143987,0.3695462,0.1338451,0.6963765,0.8687243,0.18457381,0.4779108
arlington,p2_nm,2025-10-08,gru_cons_os,0.6149277,0.36834994,0.13704807,0.6912233,0.8642527,0.18831734,0.4773532
arlington,p2_wdf,2025-10-08,gru_cons_os,0.6121002,0.3354094,0.2202933,0.6822114,0.88129973,0.20529945,0.48943558
arlington,nearest,2025-11-15,gru_cons_os,0.5855528,0.35682327,0.1248719,0.67563325,0.8740531,0.18359113,0.46675423
arlington,nearest_norepo,2025-11-15,gru_cons_os,0.61379,0.36050892,0.1312696,0.68506545,0.8502438,0.18329947,0.4706962
arlington,p1_greedy,2025-11-15,gru_cons_os,0.61363405,0.35618982,0.14210367,0.6889292,0.8462237,0.18883069,0.47265184
arlington,p2_nm,2025-11-15,gru_cons_os,0.6136568,0.35763395,0.13223617,0.68300855,0.8528,0.18914138,0.4714128
arlington,p2_wdf,2025-11-15,gru_cons_os,0.61201245,0.33051112,0.22350997,0.64931434,0.8501539,0.20575465,0.47854277
nagpur,nearest,2025-10-08,gru_cons_os,0.7182993,0.50031406,0.20010585,1.5010128,1.1741602,0.23331349,0.72120094
nagpur,nearest_norepo,2025-10-08,gru_cons_os,0.7609137,0.4952916,0.23869692,1.4105401,1.1358951,0.2408232,0.71369344
nagpur,p1_greedy,2025-10-08,gru_cons_os,0.76121813,0.49142423,0.24030145,1.3998244,1.1385821,0.24990825,0.7135432
nagpur,p2_nm,2025-10-08,gru_cons_os,0.7620992,0.49434143,0.23140042,1.4012716,1.1423817,0.24477553,0.71271163
nagpur,p2_wdf,2025-10-08,gru_cons_os,0.7625629,0.42852136,0.40551847,1.445326,1.1098784,0.27991387,0.7386202
nagpur,nearest,2025-11-15,gru_cons_os,0.68498546,0.46944755,0.1600226,1.5552402,1.105368,0.20305566,0.69635326
nagpur,nearest_norepo,2025-11-15,gru_cons_os,0.7319714,0.4667714,0.18349856,1.4706174,1.0854517,0.21526432,0.6922624
nagpur,p1_greedy,2025-11-15,gru_cons_os,0.7323352,0.4640474,0.1926502,1.4871883,1.0804373,0.21548797,0.69535774
nagpur,p2_nm,2025-11-15,gru_cons_os,0.7322757,0.46882316,0.18922222,1.4793694,1.0835714,0.208943,0.6937008
nagpur,p2_wdf,2025-11-15,gru_cons_os,0.7325629,0.40014562,0.37853044,1.4934056,1.0493171,0.25364164,0.7179339
coimbatore,nearest,2025-10-08,gru_cons_os,0.39788896,0.23688431,0.10904997,1.2417886,0.7470609,0.096541576,0.4715357
coimbatore,nearest_norepo,2025-10-08,gru_cons_os,0.42786,0.23210013,0.1342402,1.1804152,0.71229994,0.10510086,0.46533605
coimbatore,p1_greedy,2025-10-08,gru_cons_os,0.42754933,0.23146199,0.1329037,1.1807668,0.7122414,0.10773181,0.4654425
coimbatore,p2_nm,2025-10-08,gru_cons_os,0.42778984,0.23286794,0.12587903,1.1761326,0.7178667,0.110817,0.4652255
coimbatore,p2_wdf,2025-10-08,gru_cons_os,0.42862582,0.189201,0.21350856,1.2187825,0.6791695,0.1252614,0.4757581
coimbatore,nearest,2025-11-15,gru_cons_os,0.37737352,0.21762589,0.09871021,1.2554747,0.7059026,0.096200444,0.45854792
coimbatore,nearest_norepo,2025-11-15,gru_cons_os,0.40315658,0.21467823,0.11477202,1.203828,0.6735393,0.101132855,0.45185113
coimbatore,p1_greedy,2025-11-15,gru_cons_os,0.40305832,0.21549499,0.115859985,1.2034156,0.6803711,0.096008,0.45236802
coimbatore,p2_nm,2025-11-15,gru_cons_os,0.4027322,0.21591532,0.10933796,1.2026789,0.68033165,0.10029667,0.45188212
coimbatore,p2_wdf,2025-11-15,gru_cons_os,0.40381125,0.17143603,0.20044222,1.194872,0.6391122,0.11826541,0.4546565
chandigarh,nearest,2025-10-08,gru_cons_os,0.25502717,0.1536713,0.045803275,0.62540317,0.52235097,0.06414142,0.27773288
chandigarh,nearest_norepo,2025-10-08,gru_cons_os,0.29439053,0.15579437,0.05093262,0.59981775,0.4882787,0.06938759,0.27643356
chandigarh,p1_greedy,2025-10-08,gru_cons_os,0.29425198,0.15313788,0.052981656,0.6055852,0.48486984,0.0697844,0.2767685
chandigarh,p2_nm,2025-10-08,gru_cons_os,0.29449177,0.1534405,0.054342512,0.59934694,0.48315623,0.067737386,0.2754192
chandigarh,p2_wdf,2025-10-08,gru_cons_os,0.2956384,0.11792016,0.12132025,0.6017016,0.45754278,0.08439268,0.27975264
chandigarh,nearest,2025-11-15,gru_cons_os,0.22699203,0.13962182,0.03082692,0.655537,0.46903583,0.05264284,0.26244274
chandigarh,nearest_norepo,2025-11-15,gru_cons_os,0.26572928,0.13877973,0.040785663,0.6067597,0.43096858,0.056338083,0.25656018
chandigarh,p1_greedy,2025-11-15,gru_cons_os,0.2657869,0.13929637,0.035393637,0.63021547,0.43686903,0.05555875,0.26052
chandigarh,p2_nm,2025-11-15,gru_cons_os,0.26581952,0.1395252,0.037885893,0.61606544,0.4299658,0.056626208,0.25764802
chandigarh,p2_wdf,2025-11-15,gru_cons_os,0.26630753,0.10370699,0.10620572,0.6204794,0.40767032,0.06907276,0.26224044
pittsburgh,nearest,2025-10-08,gru_cons_os,0.22339909,0.11604798,0.038319677,0.26869178,0.34550563,0.064741604,0.17611761
pittsburgh,nearest_norepo,2025-10-08,gru_cons_os,0.23775855,0.1161737,0.041833207,0.25650582,0.33197457,0.06690209,0.17519133
pittsburgh,p1_greedy,2025-10-08,gru_cons_os,0.23793527,0.11538854,0.046079475,0.25328848,0.33419138,0.07174048,0.17643727
pittsburgh,p2_nm,2025-10-08,gru_cons_os,0.2378902,0.116590366,0.04335898,0.25420016,0.33775932,0.0719658,0.17696081
pittsburgh,p2_wdf,2025-10-08,gru_cons_os,0.23818187,0.09921697,0.07281381,0.23831633,0.33614156,0.07338824,0.17634313
pittsburgh,nearest,2025-11-15,gru_cons_os,0.2423349,0.12275005,0.037013043,0.27978918,0.35132658,0.05916997,0.18206395
pittsburgh,nearest_norepo,2025-11-15,gru_cons_os,0.24827784,0.12009518,0.041882552,0.2591618,0.34661,0.062723994,0.17979191
pittsburgh,p1_greedy,2025-11-15,gru_cons_os,0.24843283,0.11897821,0.043642923,0.2655493,0.34579653,0.06604813,0.18140799
pittsburgh,p2_nm,2025-11-15,gru_cons_os,0.24835475,0.12168492,0.041398514,0.26276675,0.3477505,0.06352939,0.18091415
pittsburgh,p2_wdf,2025-11-15,gru_cons_os,0.24824415,0.1040568,0.07413268,0.24413815,0.34781575,0.06546392,0.1806419
portland,nearest,2025-10-08,gru_cons_os,0.56217575,0.3660032,0.119062714,0.65412587,0.8541602,0.18492073,0.45674142
portland,nearest_norepo,2025-10-08,gru_cons_os,0.5976764,0.36323264,0.14408138,0.6260877,0.81765723,0.19828896,0.45783737
portland,p1_greedy,2025-10-08,gru_cons_os,0.5971668,0.3656803,0.14678583,0.6232518,0.81761384,0.20525694,0.45929256
portland,p2_nm,2025-10-08,gru_cons_os,0.59695584,0.36295986,0.15401042,0.63615143,0.8147362,0.19806688,0.46048012
portland,p2_wdf,2025-10-08,gru_cons_os,0.59629774,0.33284545,0.23552996,0.6349457,0.8297093,0.20841724,0.47295752
portland,nearest,2025-11-15,gru_cons_os,0.5714057,0.36819178,0.11518701,0.65638334,0.8515076,0.19484216,0.45958626
portland,nearest_norepo,2025-11-15,gru_cons_os,0.6026074,0.36257306,0.14376138,0.637797,0.8165954,0.20619223,0.46158776
portland,p1_greedy,2025-11-15,gru_cons_os,0.603144,0.3676495,0.14561026,0.6373587,0.8225455,0.2145086,0.46513608
portland,p2_nm,2025-11-15,gru_cons_os,0.60303324,0.36556312,0.14047065,0.648812,0.8136889,0.21040638,0.4636624
portland,p2_wdf,2025-11-15,gru_cons_os,0.6018874,0.3374142,0.22911833,0.62249804,0.83023894,0.2212949,0.47374198
panaji,nearest,2025-10-08,gru_cons_os,0.17435981,0.09163232,0.036739368,0.4215811,0.29423296,0.035427395,0.17566217
panaji,nearest_norepo,2025-10-08,gru_cons_os,0.19381066,0.08970433,0.04055981,0.40359375,0.2828652,0.03808071,0.17476906
panaji,p1_greedy,2025-10-08,gru_cons_os,0.1939945,0.093818575,0.037794165,0.41577944,0.28057286,0.043646798,0.17760105
panaji,p2_nm,2025-10-08,gru_cons_os,0.19401835,0.09173001,0.04040715,0.4042711,0.2784056,0.042370766,0.1752005
panaji,p2_wdf,2025-10-08,gru_cons_os,0.19382371,0.0718036,0.07028156,0.39617607,0.2626928,0.05350056,0.17471306
panaji,nearest,2025-11-15,gru_cons_os,0.16050775,0.085104994,0.029795935,0.46489778,0.2787164,0.040067304,0.17651504
panaji,nearest_norepo,2025-11-15,gru_cons_os,0.17961566,0.084553584,0.037662435,0.4514066,0.25233483,0.041837882,0.17456852
panaji,p1_greedy,2025-11-15,gru_cons_os,0.17949115,0.08303308,0.037403736,0.44451848,0.25036377,0.042821344,0.17293859
panaji,p2_nm,2025-11-15,gru_cons_os,0.17995027,0.07995353,0.042901706,0.44856328,0.24099834,0.04451308,0.17281336
panaji,p2_wdf,2025-11-15,gru_cons_os,0.17982158,0.06537908,0.06894266,0.44588804,0.23345314,0.045696348,0.17319681
udaipur,nearest,2025-10-08,gru_cons_os,0.16070239,0.08638366,0.026234636,0.36987317,0.2923227,0.044582848,0.1633499
udaipur,nearest_norepo,2025-10-08,gru_cons_os,0.1852117,0.08735445,0.028394904,0.35365313,0.2705989,0.047260728,0.16207896
udaipur,p1_greedy,2025-10-08,gru_cons_os,0.18524879,0.0875271,0.028618198,0.35810226,0.2729481,0.04706185,0.16325104
udaipur,p2_nm,2025-10-08,gru_cons_os,0.18552344,0.08676994,0.029642724,0.34995311,0.26726916,0.047155127,0.16105224
udaipur,p2_wdf,2025-10-08,gru_cons_os,0.18607196,0.06869906,0.064038694,0.3360992,0.26250866,0.05803926,0.16257612
udaipur,nearest,2025-11-15,gru_cons_os,0.1427488,0.07959253,0.018120453,0.3822017,0.25823772,0.032604136,0.1522509
udaipur,nearest_norepo,2025-11-15,gru_cons_os,0.16521709,0.078281894,0.022211714,0.357696,0.23942126,0.037036564,0.1499774
udaipur,p1_greedy,2025-11-15,gru_cons_os,0.16539313,0.07683239,0.022718595,0.3781083,0.24042857,0.034247622,0.15295477
udaipur,p2_nm,2025-11-15,gru_cons_os,0.16530384,0.07765348,0.022637993,0.364073,0.24110162,0.035934772,0.15111746
udaipur,p2_wdf,2025-11-15,gru_cons_os,0.16550179,0.055812996,0.06541154,0.35702127,0.22017187,0.04489782,0.15146954
puducherry,nearest,2025-10-08,gru_cons_os,0.20227036,0.1086355,0.030327693,0.3348631,0.3167041,0.04816089,0.17349361
puducherry,nearest_norepo,2025-10-08,gru_cons_os,0.21921295,0.11201881,0.028365612,0.33727974,0.30653262,0.048852615,0.17537706
puducherry,p1_greedy,2025-10-08,gru_cons_os,0.21878326,0.1121171,0.03765549,0.3442263,0.30038348,0.051087238,0.17737548
puducherry,p2_nm,2025-10-08,gru_cons_os,0.21913226,0.10816315,0.033330977,0.33761072,0.30372098,0.0498095,0.1752946
puducherry,p2_wdf,2025-10-08,gru_cons_os,0.21892604,0.09738354,0.057627536,0.3261026,0.30236718,0.051828694,0.17570595
puducherry,nearest,2025-11-15,gru_cons_os,0.19221853,0.09903087,0.025359444,0.36818656,0.29471695,0.03724805,0.16946006
puducherry,nearest_norepo,2025-11-15,gru_cons_os,0.1938352,0.09498748,0.02405215,0.3633081,0.25656614,0.038817056,0.16192769
puducherry,p1_greedy,2025-11-15,gru_cons_os,0.19382504,0.098509274,0.023957934,0.36817798,0.26120374,0.040071484,0.1642909
puducherry,p2_nm,2025-11-15,gru_cons_os,0.1938052,0.10004613,0.028029496,0.3597461,0.25748953,0.042190023,0.16355108
puducherry,p2_wdf,2025-11-15,gru_cons_os,0.1934433,0.0872459,0.04828766,0.33577117,0.26221412,0.04517912,0.16202354
boulder,nearest,2025-10-08,gru_cons_os,0.24219477,0.113725424,0.038171202,0.1804165,0.30415276,0.08393377,0.16043241
boulder,nearest_norepo,2025-10-08,gru_cons_os,0.24602583,0.11527935,0.03365072,0.18575852,0.29124963,0.085857235,0.15963687
boulder,p1_greedy,2025-10-08,gru_cons_os,0.24619354,0.112544656,0.04417389,0.18627937,0.2881639,0.088572286,0.16098793
boulder,p2_nm,2025-10-08,gru_cons_os,0.24598746,0.115311764,0.04063064,0.18390392,0.2912244,0.08849943,0.16092627
boulder,p2_wdf,2025-10-08,gru_cons_os,0.24609013,0.10873576,0.056618135,0.1587496,0.30247527,0.08642962,0.15984975
boulder,nearest,2025-11-15,gru_cons_os,0.23978218,0.11215186,0.04014773,0.18580441,0.2776432,0.09021227,0.1576236
boulder,nearest_norepo,2025-11-15,gru_cons_os,0.24507773,0.11584078,0.03854188,0.18778215,0.2762688,0.082369424,0.15764679
boulder,p1_greedy,2025-11-15,gru_cons_os,0.24485593,0.11164029,0.04380151,0.18272348,0.27427667,0.089606985,0.15781748
boulder,p2_nm,2025-11-15,gru_cons_os,0.24464564,0.11431846,0.04081818,0.1861419,0.277918,0.09118948,0.15917194
boulder,p2_wdf,2025-11-15,gru_cons_os,0.2449347,0.102878965,0.055232186,0.1645796,0.28355607,0.0915291,0.15711844
annarbor,nearest,2025-10-08,gru_cons_os,0.21973711,0.11645227,0.025939997,0.31810552,0.30030742,0.053253096,0.17229922
annarbor,nearest_norepo,2025-10-08,gru_cons_os,0.23075087,0.1181757,0.030168314,0.30029023,0.28855225,0.05706524,0.17083377
annarbor,p1_greedy,2025-10-08,gru_cons_os,0.23073508,0.11814342,0.03494747,0.29599822,0.2881178,0.06065416,0.17143269
annarbor,p2_nm,2025-10-08,gru_cons_os,0.2309109,0.11799477,0.033925973,0.30226457,0.2877391,0.056985892,0.17163688
annarbor,p2_wdf,2025-10-08,gru_cons_os,0.23081052,0.101140715,0.055443857,0.26901978,0.30581683,0.064302295,0.171089
annarbor,nearest,2025-11-15,gru_cons_os,0.22332214,0.116585895,0.02401295,0.3063442,0.30420607,0.053727504,0.17136645
annarbor,nearest_norepo,2025-11-15,gru_cons_os,0.23234043,0.12063065,0.02590781,0.30402386,0.2871194,0.053221036,0.17054053
annarbor,p1_greedy,2025-11-15,gru_cons_os,0.2323473,0.11809894,0.03141382,0.29945514,0.28394726,0.054072436,0.16988914
annarbor,p2_nm,2025-11-15,gru_cons_os,0.23248115,0.11797485,0.0314506,0.3053959,0.28324175,0.058501597,0.17150764
annarbor,p2_wdf,2025-11-15,gru_cons_os,0.2322266,0.10144191,0.060178094,0.26612133,0.29929626,0.059666112,0.16982172
sf,nearest,2025-10-08,mlp_noact,0.592723,0.39809003,0.060432147,0.7685174,0.88478816,0.14625624,0.4751345
sf,nearest_norepo,2025-10-08,mlp_noact,0.5929152,0.3803568,0.06836543,0.60419023,0.8217487,0.14283526,0.4350686
sf,p1_greedy,2025-10-08,mlp_noact,0.5929256,0.38320857,0.073089264,0.599453,0.82140166,0.15044242,0.4367534
sf,p2_nm,2025-10-08,mlp_noact,0.5927388,0.38220078,0.07393173,0.6050061,0.8192714,0.14688362,0.4366721
sf,p2_wdf,2025-10-08,mlp_noact,0.59307295,0.32179865,0.20487829,0.5915676,0.85284895,0.17032579,0.4557487
sf,nearest,2025-11-15,mlp_noact,0.6074112,0.404564,0.052277695,0.75423753,0.8745913,0.14692453,0.47333434
sf,nearest_norepo,2025-11-15,mlp_noact,0.6074182,0.39048976,0.060245626,0.5925788,0.8160406,0.14766039,0.4357389
sf,p1_greedy,2025-11-15,mlp_noact,0.60732865,0.39304063,0.06255405,0.59649837,0.82051754,0.15024051,0.43836328
sf,p2_nm,2025-11-15,mlp_noact,0.60708565,0.39469036,0.062599294,0.5947014,0.8198571,0.15194185,0.43847927
sf,p2_wdf,2025-11-15,mlp_noact,0.607066,0.34188667,0.18441498,0.5646364,0.8746375,0.17393437,0.45776263
pune,nearest,2025-10-08,mlp_noact,0.6991492,0.44643366,0.21676835,1.3493264,1.1663752,0.20630419,0.6807261
pune,nearest_norepo,2025-10-08,mlp_noact,0.69767356,0.43913385,0.2487074,1.2315128,1.1103823,0.21145888,0.65647817
pune,p1_greedy,2025-10-08,mlp_noact,0.6977152,0.43968615,0.2517253,1.2433717,1.1061057,0.21444951,0.65884227
pune,p2_nm,2025-10-08,mlp_noact,0.6976769,0.43697226,0.24758853,1.2387323,1.1112124,0.21571276,0.6579825
pune,p2_wdf,2025-10-08,mlp_noact,0.6974652,0.3910657,0.3801339,1.2948908,1.0720377,0.25372586,0.6815532
pune,nearest,2025-11-15,mlp_noact,0.6617402,0.42018384,0.1703374,1.4862144,1.1225682,0.18107858,0.67368704
pune,nearest_norepo,2025-11-15,mlp_noact,0.6614138,0.4139328,0.20316158,1.330473,1.0617471,0.18691234,0.6429401
pune,p1_greedy,2025-11-15,mlp_noact,0.66091144,0.4120144,0.20236303,1.3479152,1.0595092,0.18612504,0.6448063
pune,p2_nm,2025-11-15,mlp_noact,0.6616046,0.4110912,0.20369452,1.3562957,1.0605376,0.18481866,0.6463404
pune,p2_wdf,2025-11-15,mlp_noact,0.6611627,0.3661537,0.34914446,1.417416,1.0349716,0.2158118,0.67411
navimumbai,nearest,2025-10-08,mlp_noact,0.35507488,0.18769485,0.05730789,0.5964143,0.6140884,0.08545257,0.3160055
navimumbai,nearest_norepo,2025-10-08,mlp_noact,0.3552478,0.18703985,0.06603046,0.5077837,0.56298906,0.087359436,0.29440835
navimumbai,p1_greedy,2025-10-08,mlp_noact,0.3554218,0.18058196,0.07891708,0.529781,0.55271274,0.0840286,0.29690722
navimumbai,p2_nm,2025-10-08,mlp_noact,0.35549307,0.18331833,0.07174553,0.50839233,0.5557132,0.090382785,0.2941742
navimumbai,p2_wdf,2025-10-08,mlp_noact,0.35601068,0.15854134,0.13595964,0.5336712,0.55222577,0.099843375,0.30604202
navimumbai,nearest,2025-11-15,mlp_noact,0.31976837,0.17455865,0.040086314,0.66241866,0.5737372,0.06645745,0.3061711
navimumbai,nearest_norepo,2025-11-15,mlp_noact,0.32049814,0.1668524,0.043023907,0.6034424,0.50963724,0.06685314,0.2850512
navimumbai,p1_greedy,2025-11-15,mlp_noact,0.3203144,0.16895361,0.043825615,0.6051208,0.5089526,0.0656319,0.28546646
navimumbai,p2_nm,2025-11-15,mlp_noact,0.32017496,0.17493099,0.041811835,0.60482794,0.5081005,0.06421891,0.28567752
navimumbai,p2_wdf,2025-11-15,mlp_noact,0.32054573,0.13681942,0.12464757,0.58894104,0.49369812,0.080757916,0.29090163
thane,nearest,2025-10-08,mlp_noact,0.41475463,0.23794873,0.07559765,0.7413135,0.7487041,0.10413024,0.3870748
thane,nearest_norepo,2025-10-08,mlp_noact,0.414823,0.22936194,0.0850464,0.64323103,0.6854216,0.10762137,0.36091757
thane,p1_greedy,2025-10-08,mlp_noact,0.414723,0.23153558,0.088539556,0.6486417,0.6846605,0.11408323,0.36369726
thane,p2_nm,2025-10-08,mlp_noact,0.41492894,0.2298812,0.088328846,0.66236615,0.6786277,0.11156126,0.36428237
thane,p2_wdf,2025-10-08,mlp_noact,0.4145352,0.19782275,0.1825012,0.6829918,0.65965617,0.12336951,0.37681273
thane,nearest,2025-11-15,mlp_noact,0.3895963,0.22315632,0.057109464,0.76364446,0.69740635,0.094891876,0.37096742
thane,nearest_norepo,2025-11-15,mlp_noact,0.3901953,0.21894649,0.06111179,0.67478156,0.63484055,0.09518482,0.34584343
thane,p1_greedy,2025-11-15,mlp_noact,0.39000526,0.2176024,0.06521772,0.6702149,0.6343062,0.09656013,0.34565112
thane,p2_nm,2025-11-15,mlp_noact,0.38992843,0.2159184,0.067031875,0.6700816,0.6298334,0.09426396,0.34450963
thane,p2_wdf,2025-11-15,mlp_noact,0.38991627,0.18131624,0.16673239,0.69614357,0.60223347,0.1172009,0.3589238
arlington,nearest,2025-10-08,mlp_noact,0.6175387,0.3679004,0.11482052,0.7362266,0.93196666,0.18319678,0.49194157
arlington,nearest_norepo,2025-10-08,mlp_noact,0.6198109,0.3731179,0.12973486,0.7007309,0.8647742,0.18078054,0.47815824
arlington,p1_greedy,2025-10-08,mlp_noact,0.61978906,0.37068623,0.13437895,0.70001215,0.87525076,0.18535858,0.4809126
arlington,p2_nm,2025-10-08,mlp_noact,0.6207074,0.3687705,0.13811523,0.6951089,0.87236476,0.1902764,0.4808905
arlington,p2_wdf,2025-10-08,mlp_noact,0.619399,0.3383315,0.22644953,0.6832432,0.88927263,0.20796847,0.49411073
arlington,nearest,2025-11-15,mlp_noact,0.61673236,0.3601887,0.12752643,0.7093179,0.90302444,0.1843753,0.4835275
arlington,nearest_norepo,2025-11-15,mlp_noact,0.6185399,0.35952583,0.13349244,0.6886593,0.8577494,0.1832874,0.47354236
arlington,p1_greedy,2025-11-15,mlp_noact,0.6187325,0.35622284,0.14379501,0.69309944,0.8515712,0.18935668,0.475463
arlington,p2_nm,2025-11-15,mlp_noact,0.61933285,0.3570821,0.13530028,0.68644756,0.86021286,0.19028589,0.4747769
arlington,p2_wdf,2025-11-15,mlp_noact,0.6189948,0.33723328,0.23051392,0.65075475,0.85918224,0.20734364,0.48400378
nagpur,nearest,2025-10-08,mlp_noact,0.7586584,0.5060107,0.20503025,1.5522795,1.2006685,0.23709694,0.74329066
nagpur,nearest_norepo,2025-10-08,mlp_noact,0.7603095,0.5004611,0.24243481,1.410596,1.1369085,0.24145642,0.71536106
nagpur,p1_greedy,2025-10-08,mlp_noact,0.7608058,0.49459103,0.24220209,1.4011798,1.1397947,0.25068742,0.71487683
nagpur,p2_nm,2025-10-08,mlp_noact,0.7608539,0.49876603,0.235948,1.4018433,1.1450951,0.24480955,0.71455264
nagpur,p2_wdf,2025-10-08,mlp_noact,0.761593,0.44455734,0.4144621,1.4464631,1.1170709,0.28130478,0.7442419
nagpur,nearest,2025-11-15,mlp_noact,0.7326867,0.47106215,0.16453752,1.599149,1.135701,0.20740679,0.71842384
nagpur,nearest_norepo,2025-11-15,mlp_noact,0.7346276,0.46798182,0.1869743,1.4701301,1.0896088,0.21637812,0.6942835
nagpur,p1_greedy,2025-11-15,mlp_noact,0.7342241,0.46766195,0.19610354,1.4882407,1.082863,0.21598071,0.6975123
nagpur,p2_nm,2025-11-15,mlp_noact,0.73343784,0.4730664,0.19285578,1.4805342,1.08615,0.20962934,0.6959457
nagpur,p2_wdf,2025-11-15,mlp_noact,0.7351445,0.4193326,0.38999262,1.493832,1.057069,0.25548962,0.72514343
coimbatore,nearest,2025-10-08,mlp_noact,0.43078628,0.23252948,0.1129199,1.2612312,0.7684754,0.10031923,0.48437694
coimbatore,nearest_norepo,2025-10-08,mlp_noact,0.43043625,0.23065323,0.13703983,1.1789182,0.7130578,0.10490237,0.46583462
coimbatore,p1_greedy,2025-10-08,mlp_noact,0.42999622,0.22812298,0.13509746,1.1781268,0.7118772,0.10761741,0.46513972
coimbatore,p2_nm,2025-10-08,mlp_noact,0.43074942,0.22911271,0.1281251,1.1730356,0.71798545,0.11101559,0.46500397
coimbatore,p2_wdf,2025-10-08,mlp_noact,0.43003565,0.19875684,0.21693611,1.2192827,0.68201166,0.1256097,0.47877213
coimbatore,nearest,2025-11-15,mlp_noact,0.40572506,0.21249864,0.10234322,1.2706547,0.72540975,0.09981709,0.46940807
coimbatore,nearest_norepo,2025-11-15,mlp_noact,0.40485328,0.20982862,0.11716837,1.2002062,0.67440706,0.10159681,0.4513434
coimbatore,p1_greedy,2025-11-15,mlp_noact,0.4050847,0.21026112,0.11759939,1.1990954,0.6820752,0.09667036,0.4517977
coimbatore,p2_nm,2025-11-15,mlp_noact,0.40464088,0.2107705,0.11115437,1.1992137,0.6810729,0.1008213,0.45127895
coimbatore,p2_wdf,2025-11-15,mlp_noact,0.40474632,0.18333106,0.20527418,1.1923561,0.64350706,0.11864584,0.4579768
chandigarh,nearest,2025-10-08,mlp_noact,0.29556844,0.14644691,0.047401868,0.65138614,0.5480314,0.06795899,0.29279894
chandigarh,nearest_norepo,2025-10-08,mlp_noact,0.29468426,0.14504485,0.051267855,0.59883136,0.48910215,0.069457866,0.27473137
chandigarh,p1_greedy,2025-10-08,mlp_noact,0.29480675,0.14310367,0.0535326,0.6051177,0.48619932,0.07003433,0.27546576
chandigarh,p2_nm,2025-10-08,mlp_noact,0.29502285,0.14349179,0.05493411,0.5982635,0.4840463,0.067937486,0.27394935
chandigarh,p2_wdf,2025-10-08,mlp_noact,0.29459983,0.121290766,0.1235868,0.60196173,0.4652689,0.08456195,0.28187832
chandigarh,nearest,2025-11-15,mlp_noact,0.267208,0.13626364,0.031979162,0.6798333,0.49593925,0.05591032,0.2778556
chandigarh,nearest_norepo,2025-11-15,mlp_noact,0.2670137,0.13107301,0.041180752,0.6046785,0.4314797,0.05651365,0.25532323
chandigarh,p1_greedy,2025-11-15,mlp_noact,0.26686114,0.1305864,0.035862252,0.627957,0.43780565,0.05562749,0.25911665
chandigarh,p2_nm,2025-11-15,mlp_noact,0.26688045,0.13111395,0.038748145,0.61400896,0.4305323,0.056692354,0.25632936
chandigarh,p2_wdf,2025-11-15,mlp_noact,0.2664394,0.1074191,0.10948085,0.6198591,0.41336206,0.06948943,0.26434168
pittsburgh,nearest,2025-10-08,mlp_noact,0.23890209,0.11072167,0.038665626,0.27798656,0.35670835,0.06540995,0.18139903
pittsburgh,nearest_norepo,2025-10-08,mlp_noact,0.2385869,0.10799923,0.041502394,0.255491,0.33317122,0.06707314,0.17397064
pittsburgh,p1_greedy,2025-10-08,mlp_noact,0.2387311,0.1072489,0.04546399,0.25254077,0.3351246,0.071800984,0.17515172
pittsburgh,p2_nm,2025-10-08,mlp_noact,0.23878169,0.107856795,0.042771157,0.25330967,0.33964226,0.072066024,0.17573793
pittsburgh,p2_wdf,2025-10-08,mlp_noact,0.23863721,0.09433881,0.07250374,0.23917255,0.3395582,0.07340674,0.17626953
pittsburgh,nearest,2025-11-15,mlp_noact,0.2485185,0.11739046,0.037168156,0.28301027,0.3586874,0.058685824,0.18391009
pittsburgh,nearest_norepo,2025-11-15,mlp_noact,0.2484338,0.11114535,0.041821666,0.2568797,0.34654707,0.062495336,0.17788714
pittsburgh,p1_greedy,2025-11-15,mlp_noact,0.24865729,0.109353006,0.043835968,0.26351717,0.34538227,0.0659014,0.1794412
pittsburgh,p2_nm,2025-11-15,mlp_noact,0.24845152,0.112732075,0.041616388,0.26034823,0.3481437,0.06342488,0.17911945
pittsburgh,p2_wdf,2025-11-15,mlp_noact,0.24831223,0.099489845,0.07545252,0.24346715,0.3518751,0.06537411,0.18066184
portland,nearest,2025-10-08,mlp_noact,0.5975879,0.36563852,0.123189546,0.69117266,0.87859786,0.18779163,0.47399637
portland,nearest_norepo,2025-10-08,mlp_noact,0.5970759,0.35881257,0.14554122,0.6278014,0.8216065,0.19867222,0.45825163
portland,p1_greedy,2025-10-08,mlp_noact,0.5971328,0.36371732,0.14837842,0.6243707,0.820816,0.20624419,0.46010992
portland,p2_nm,2025-10-08,mlp_noact,0.5968046,0.35849386,0.1563838,0.6378468,0.81732357,0.19880733,0.4609433
portland,p2_wdf,2025-10-08,mlp_noact,0.5970811,0.333807,0.23949549,0.6345461,0.8361145,0.20924692,0.4750485
portland,nearest,2025-11-15,mlp_noact,0.60260445,0.36830455,0.11873627,0.6897855,0.87348413,0.19885813,0.4752955
portland,nearest_norepo,2025-11-15,mlp_noact,0.6032628,0.35841388,0.14588152,0.63740236,0.82088906,0.2069564,0.46213433
portland,p1_greedy,2025-11-15,mlp_noact,0.60384625,0.36334464,0.1481826,0.6371032,0.82638466,0.21513312,0.46566573
portland,p2_nm,2025-11-15,mlp_noact,0.60319203,0.3619765,0.14259996,0.649927,0.81828135,0.21111405,0.46451512
portland,p2_wdf,2025-11-15,mlp_noact,0.6035125,0.33982897,0.23214605,0.62135327,0.8350884,0.22254127,0.47574508
panaji,nearest,2025-10-08,mlp_noact,0.1941954,0.08695978,0.03765961,0.43597454,0.30488375,0.038536023,0.18303485
panaji,nearest_norepo,2025-10-08,mlp_noact,0.19413939,0.08356586,0.040625736,0.40357754,0.282068,0.038202386,0.1736965
panaji,p1_greedy,2025-10-08,mlp_noact,0.19422227,0.08947485,0.037695456,0.4172142,0.2806709,0.04414422,0.17723699
panaji,p2_nm,2025-10-08,mlp_noact,0.19412829,0.08494268,0.040693585,0.40589327,0.2780819,0.042668615,0.17440139
panaji,p2_wdf,2025-10-08,mlp_noact,0.19398887,0.067369826,0.07260919,0.39832753,0.2663691,0.053432148,0.17534943
panaji,nearest,2025-11-15,mlp_noact,0.18104222,0.080131784,0.031069143,0.47823578,0.2936481,0.042195946,0.18438716
panaji,nearest_norepo,2025-11-15,mlp_noact,0.18088712,0.081694566,0.039154876,0.45155233,0.24865521,0.041669108,0.17393553
panaji,p1_greedy,2025-11-15,mlp_noact,0.18104826,0.0791489,0.037590753,0.44461858,0.24946435,0.042679697,0.17242509
panaji,p2_nm,2025-11-15,mlp_noact,0.18115535,0.07633011,0.045616966,0.44838926,0.23737101,0.044137154,0.17216665
panaji,p2_wdf,2025-11-15,mlp_noact,0.1810755,0.0649148,0.07222836,0.44662702,0.23788013,0.04584714,0.17476217
udaipur,nearest,2025-10-08,mlp_noact,0.18635562,0.08046641,0.027348658,0.38389516,0.30546683,0.047805592,0.17188972
udaipur,nearest_norepo,2025-10-08,mlp_noact,0.18571258,0.080597594,0.028267233,0.35292947,0.26980954,0.047562886,0.16081321
udaipur,p1_greedy,2025-10-08,mlp_noact,0.18584698,0.08061998,0.028728139,0.35772994,0.27155772,0.047195587,0.16194639
udaipur,p2_nm,2025-10-08,mlp_noact,0.18589142,0.07934305,0.029519185,0.34946677,0.26629233,0.047366716,0.15964659
udaipur,p2_wdf,2025-10-08,mlp_noact,0.18589638,0.06505372,0.06482948,0.33711237,0.2670831,0.058981657,0.16315944
udaipur,nearest,2025-11-15,mlp_noact,0.16666216,0.07476758,0.018973472,0.39191312,0.2724482,0.035136223,0.15998346
udaipur,nearest_norepo,2025-11-15,mlp_noact,0.16621436,0.07216318,0.022542275,0.35429314,0.23720169,0.037779424,0.14836568
udaipur,p1_greedy,2025-11-15,mlp_noact,0.16627665,0.07041458,0.023050059,0.37542456,0.23848477,0.034761347,0.15140201
udaipur,p2_nm,2025-11-15,mlp_noact,0.1662665,0.07098751,0.023015872,0.36114165,0.24032871,0.03675398,0.14974904
udaipur,p2_wdf,2025-11-15,mlp_noact,0.1659321,0.054184392,0.06798222,0.35616723,0.22331575,0.04544478,0.15217109
puducherry,nearest,2025-10-08,mlp_noact,0.2188064,0.10545713,0.030146115,0.34931016,0.32615924,0.049135387,0.17983575
puducherry,nearest_norepo,2025-10-08,mlp_noact,0.21921115,0.10624537,0.027654048,0.33936405,0.30727986,0.048355088,0.17468493
puducherry,p1_greedy,2025-10-08,mlp_noact,0.21919003,0.10758031,0.037373524,0.34632573,0.30061796,0.050833154,0.17698677
puducherry,p2_nm,2025-10-08,mlp_noact,0.21886389,0.099654526,0.032898653,0.3383939,0.30408847,0.048929654,0.17380486
puducherry,p2_wdf,2025-10-08,mlp_noact,0.2192631,0.0898693,0.058207966,0.32671273,0.3031423,0.051643737,0.17480652
puducherry,nearest,2025-11-15,mlp_noact,0.19328374,0.09443789,0.025983121,0.3718629,0.2978779,0.037735194,0.17019679
puducherry,nearest_norepo,2025-11-15,mlp_noact,0.19350794,0.08820225,0.024027515,0.36222637,0.25417364,0.038335893,0.16007894
puducherry,p1_greedy,2025-11-15,mlp_noact,0.19376004,0.09155114,0.023680132,0.3677282,0.25912893,0.039854698,0.16261719
puducherry,p2_nm,2025-11-15,mlp_noact,0.19401832,0.09664827,0.027887821,0.35893145,0.2576767,0.041913863,0.16284607
puducherry,p2_wdf,2025-11-15,mlp_noact,0.19353336,0.08329496,0.048541438,0.33513087,0.26228556,0.045184515,0.16132845
boulder,nearest,2025-10-08,mlp_noact,0.24641448,0.105345756,0.037021745,0.1887744,0.30991825,0.085453816,0.16215475
boulder,nearest_norepo,2025-10-08,mlp_noact,0.24646959,0.107130036,0.032149233,0.1872283,0.29479757,0.08610401,0.15897979
boulder,p1_greedy,2025-10-08,mlp_noact,0.24698964,0.10332128,0.043482747,0.18722174,0.29069126,0.08965667,0.16022722
boulder,p2_nm,2025-10-08,mlp_noact,0.24679726,0.10773644,0.039806392,0.18641737,0.2927126,0.08901839,0.16041474
boulder,p2_wdf,2025-10-08,mlp_noact,0.24622929,0.09721995,0.055758253,0.15740414,0.303836,0.08672841,0.15786266
boulder,nearest,2025-11-15,mlp_noact,0.24740528,0.108442016,0.03902139,0.192153,0.2859609,0.09150099,0.16074727
boulder,nearest_norepo,2025-11-15,mlp_noact,0.24741177,0.11141115,0.037579022,0.18863514,0.28017688,0.08325325,0.15807788
boulder,p1_greedy,2025-11-15,mlp_noact,0.24731603,0.10589089,0.0431665,0.18405558,0.27745724,0.09095794,0.1581407
boulder,p2_nm,2025-11-15,mlp_noact,0.24721831,0.10925001,0.04029711,0.18792893,0.28185964,0.091830246,0.15973072
boulder,p2_wdf,2025-11-15,mlp_noact,0.24733247,0.092819154,0.05533927,0.16441385,0.28519017,0.092595935,0.15628181
annarbor,nearest,2025-10-08,mlp_noact,0.23173836,0.112987876,0.02602867,0.33084518,0.3139969,0.054144062,0.17829017
annarbor,nearest_norepo,2025-10-08,mlp_noact,0.23213434,0.11239268,0.029593548,0.30159813,0.29181013,0.05714295,0.17077863
annarbor,p1_greedy,2025-10-08,mlp_noact,0.23194008,0.11288296,0.03458333,0.29798737,0.28910023,0.06071251,0.17120107
annarbor,p2_nm,2025-10-08,mlp_noact,0.23191355,0.11191266,0.033810228,0.30398637,0.29038334,0.0568272,0.17147224
annarbor,p2_wdf,2025-10-08,mlp_noact,0.23181589,0.09232084,0.055703983,0.26960963,0.3088357,0.064263016,0.17042483
annarbor,nearest,2025-11-15,mlp_noact,0.23471726,0.11497961,0.024271764,0.3164036,0.31714377,0.05376419,0.17688005
annarbor,nearest_norepo,2025-11-15,mlp_noact,0.23515919,0.116743565,0.025291732,0.30353147,0.2905965,0.05342053,0.1707905
annarbor,p1_greedy,2025-11-15,mlp_noact,0.23484331,0.113591686,0.031241424,0.29841894,0.2870796,0.054219346,0.16989905
annarbor,p2_nm,2025-11-15,mlp_noact,0.235052,0.11397876,0.030992521,0.30501527,0.28719705,0.058766406,0.17183368
annarbor,p2_wdf,2025-11-15,mlp_noact,0.23484258,0.09553692,0.061467957,0.2635612,0.30403048,0.059843134,0.16988038
sf,nearest,2025-10-08,gru_noact,0.592378,0.39054453,0.059700936,0.76842844,0.8810109,0.14632435,0.47306454
sf,nearest_norepo,2025-10-08,gru_noact,0.5921621,0.37249503,0.067427926,0.60523665,0.8179356,0.14285308,0.43301836
sf,p1_greedy,2025-10-08,gru_noact,0.5923815,0.3744769,0.07216236,0.6008775,0.8183014,0.15065636,0.43480936
sf,p2_nm,2025-10-08,gru_noact,0.5922519,0.37390706,0.073012434,0.6058944,0.8170387,0.14723246,0.43488953
sf,p2_wdf,2025-10-08,gru_noact,0.592609,0.30018714,0.20540863,0.5920634,0.85048324,0.17027618,0.45183793
sf,nearest,2025-11-15,gru_noact,0.605648,0.39605197,0.0520222,0.7542379,0.87264895,0.14650396,0.47118548
sf,nearest_norepo,2025-11-15,gru_noact,0.6055264,0.38286683,0.05949684,0.5935845,0.8140652,0.14749369,0.43383887
sf,p1_greedy,2025-11-15,gru_noact,0.6055499,0.3848863,0.06221245,0.5973074,0.8186871,0.14992653,0.43642828
sf,p2_nm,2025-11-15,gru_noact,0.60559464,0.38679832,0.0618823,0.5955995,0.8177819,0.15160082,0.4365429
sf,p2_wdf,2025-11-15,gru_noact,0.6058733,0.32047352,0.18454264,0.5636823,0.87124264,0.17385872,0.45327887
pune,nearest,2025-10-08,gru_noact,0.6982242,0.4254756,0.21511796,1.3503265,1.1664858,0.2063507,0.67699677
pune,nearest_norepo,2025-10-08,gru_noact,0.69718295,0.4190007,0.24695559,1.232938,1.1100696,0.2115581,0.6529509
pune,p1_greedy,2025-10-08,gru_noact,0.69748354,0.41829002,0.25026026,1.2457927,1.1055835,0.2145195,0.6553216
pune,p2_nm,2025-10-08,gru_noact,0.6974387,0.41536433,0.24600796,1.2411638,1.1106884,0.21682882,0.65458196
pune,p2_wdf,2025-10-08,gru_noact,0.69757336,0.35760996,0.37874883,1.2963053,1.0689523,0.25566733,0.67580956
pune,nearest,2025-11-15,gru_noact,0.6587726,0.40515286,0.1681543,1.4881301,1.1220948,0.18073109,0.670506
pune,nearest_norepo,2025-11-15,gru_noact,0.6588557,0.3961633,0.20116203,1.3320948,1.0607784,0.18627444,0.6392215
pune,p1_greedy,2025-11-15,gru_noact,0.658689,0.3929823,0.20098257,1.3495697,1.05824,0.18568356,0.6410245
pune,p2_nm,2025-11-15,gru_noact,0.6586687,0.39370993,0.20256197,1.3573904,1.0597888,0.18428917,0.6427348
pune,p2_wdf,2025-11-15,gru_noact,0.6586502,0.33295587,0.34668478,1.4185153,1.0305398,0.21514201,0.66708136
navimumbai,nearest,2025-10-08,gru_noact,0.3554737,0.18158162,0.05726568,0.5958572,0.61247253,0.085753694,0.31473407
navimumbai,nearest_norepo,2025-10-08,gru_noact,0.35545284,0.1787171,0.065759555,0.5077932,0.5615013,0.087525465,0.29279158
navimumbai,p1_greedy,2025-10-08,gru_noact,0.35596737,0.17323549,0.07849541,0.52943623,0.5516376,0.0845164,0.2955481
navimumbai,p2_nm,2025-10-08,gru_noact,0.3554875,0.17635468,0.07158914,0.5080745,0.55410635,0.09067936,0.29271528
navimumbai,p2_wdf,2025-10-08,gru_noact,0.3564961,0.14546578,0.13484903,0.53306365,0.5496526,0.09946646,0.30316558
navimumbai,nearest,2025-11-15,gru_noact,0.3188365,0.17035688,0.039938617,0.661227,0.57117194,0.066430435,0.30466023
navimumbai,nearest_norepo,2025-11-15,gru_noact,0.31912962,0.1628847,0.042905062,0.6034957,0.50853693,0.06674342,0.28394923
navimumbai,p1_greedy,2025-11-15,gru_noact,0.31914282,0.16414464,0.043754943,0.60517246,0.5080271,0.06556529,0.2843012
navimumbai,p2_nm,2025-11-15,gru_noact,0.31913212,0.17044005,0.041837495,0.6049147,0.50776774,0.06439723,0.28474823
navimumbai,p2_wdf,2025-11-15,gru_noact,0.32022616,0.12527974,0.12403817,0.58795106,0.49040133,0.08052873,0.2880709
thane,nearest,2025-10-08,gru_noact,0.41554433,0.23007923,0.075390376,0.74113685,0.7469038,0.104206406,0.38554347
thane,nearest_norepo,2025-10-08,gru_noact,0.41527048,0.22106916,0.084844455,0.64339226,0.684264,0.10765526,0.35941592
thane,p1_greedy,2025-10-08,gru_noact,0.41543654,0.22218043,0.08838892,0.64916307,0.68397707,0.11397805,0.3621874
thane,p2_nm,2025-10-08,gru_noact,0.41538516,0.22105767,0.08823637,0.66298604,0.6775945,0.111477874,0.3627896
thane,p2_wdf,2025-10-08,gru_noact,0.41574773,0.17793667,0.1818078,0.6829445,0.65726703,0.12340728,0.3731852
thane,nearest,2025-11-15,gru_noact,0.38941363,0.21661597,0.05694476,0.7632406,0.695949,0.09473115,0.36948252
thane,nearest_norepo,2025-11-15,gru_noact,0.38949773,0.21108495,0.060566597,0.6741868,0.6336591,0.0951445,0.34402326
thane,p1_greedy,2025-11-15,gru_noact,0.38942522,0.20962976,0.06470072,0.6700274,0.6325661,0.09650126,0.3438084
thane,p2_nm,2025-11-15,gru_noact,0.38960087,0.20999196,0.066407636,0.6695687,0.62925243,0.094155625,0.34316286
thane,p2_wdf,2025-11-15,gru_noact,0.39045554,0.16499282,0.1651669,0.6950623,0.59940183,0.11714206,0.35537025
arlington,nearest,2025-10-08,gru_noact,0.6149353,0.35295594,0.11357597,0.7361527,0.92582464,0.18234697,0.48763192
arlington,nearest_norepo,2025-10-08,gru_noact,0.61533815,0.35621125,0.12977107,0.70003617,0.8603689,0.17942834,0.47352564
arlington,p1_greedy,2025-10-08,gru_noact,0.61529183,0.3516212,0.13442436,0.7002025,0.86947757,0.18563811,0.47610927
arlington,p2_nm,2025-10-08,gru_noact,0.6155838,0.35270217,0.13804406,0.69566184,0.8670592,0.18930946,0.47639337
arlington,p2_wdf,2025-10-08,gru_noact,0.61582726,0.31510454,0.22318746,0.68287206,0.88311744,0.20680399,0.4878188
arlington,nearest,2025-11-15,gru_noact,0.61187327,0.34409684,0.12674457,0.709629,0.8974679,0.18404491,0.47897604
arlington,nearest_norepo,2025-11-15,gru_noact,0.61263627,0.34421256,0.1328772,0.68961585,0.8540448,0.18316835,0.46942583
arlington,p1_greedy,2025-11-15,gru_noact,0.61226267,0.33858177,0.14265774,0.69363576,0.8467682,0.18817618,0.47034705
arlington,p2_nm,2025-11-15,gru_noact,0.61230475,0.34139058,0.13447437,0.68729615,0.8555857,0.18867211,0.46995392
arlington,p2_wdf,2025-11-15,gru_noact,0.6129792,0.31137574,0.22707248,0.650454,0.85196084,0.20680946,0.4767753
nagpur,nearest,2025-10-08,gru_noact,0.76468056,0.4874231,0.20486249,1.555906,1.2027001,0.23971897,0.7425485
nagpur,nearest_norepo,2025-10-08,gru_noact,0.76538444,0.48177102,0.2417808,1.4132091,1.1372633,0.24476367,0.7140288
nagpur,p1_greedy,2025-10-08,gru_noact,0.7655608,0.4765012,0.2422859,1.4033729,1.1381962,0.25454065,0.7134096
nagpur,p2_nm,2025-10-08,gru_noact,0.765717,0.4786383,0.23514715,1.4047464,1.1442635,0.24843517,0.7128245
nagpur,p2_wdf,2025-10-08,gru_noact,0.76732093,0.41195974,0.41370437,1.4489717,1.1128407,0.28578076,0.7400964
nagpur,nearest,2025-11-15,gru_noact,0.73386586,0.45628303,0.16323036,1.6039791,1.1360734,0.20828149,0.71695215
nagpur,nearest_norepo,2025-11-15,gru_noact,0.734568,0.45268944,0.18689151,1.4720265,1.0879765,0.21721135,0.6918939
nagpur,p1_greedy,2025-11-15,gru_noact,0.7341914,0.44961712,0.19442801,1.4896469,1.0821608,0.21716307,0.69453454
nagpur,p2_nm,2025-11-15,gru_noact,0.73397887,0.4557614,0.19112581,1.4820415,1.0854142,0.21052854,0.6931417
nagpur,p2_wdf,2025-11-15,gru_noact,0.73328525,0.38372648,0.38798246,1.4955913,1.0527166,0.25604394,0.71822435
coimbatore,nearest,2025-10-08,gru_noact,0.42948785,0.22206323,0.11128961,1.2622136,0.76865774,0.09871986,0.48207197
coimbatore,nearest_norepo,2025-10-08,gru_noact,0.42995846,0.21656391,0.13609025,1.1801952,0.7119488,0.10391566,0.4631121
coimbatore,p1_greedy,2025-10-08,gru_noact,0.42979744,0.21627587,0.13412687,1.1798581,0.7110434,0.10677984,0.46298027
coimbatore,p2_nm,2025-10-08,gru_noact,0.42983228,0.21689011,0.12705474,1.1752012,0.71762276,0.11018744,0.46279812
coimbatore,p2_wdf,2025-10-08,gru_noact,0.42978957,0.17876953,0.21662156,1.2195462,0.67864364,0.12507275,0.47474054
coimbatore,nearest,2025-11-15,gru_noact,0.4037371,0.2026375,0.10079527,1.2712026,0.7256569,0.09844867,0.46707967
coimbatore,nearest_norepo,2025-11-15,gru_noact,0.40369684,0.19932112,0.116166025,1.2014707,0.6738691,0.10094501,0.44924477
coimbatore,p1_greedy,2025-11-15,gru_noact,0.40379277,0.20027901,0.11662358,1.2001295,0.6811626,0.09587279,0.44964337
coimbatore,p2_nm,2025-11-15,gru_noact,0.40357268,0.19991241,0.109903,1.2003338,0.6809228,0.100173846,0.44913647
coimbatore,p2_wdf,2025-11-15,gru_noact,0.40436065,0.1623056,0.2043882,1.1928555,0.63927186,0.11846605,0.453608
chandigarh,nearest,2025-10-08,gru_noact,0.29517552,0.14254071,0.047219448,0.6514963,0.5474319,0.06783085,0.29194912
chandigarh,nearest_norepo,2025-10-08,gru_noact,0.29437557,0.14064912,0.051125444,0.59903795,0.48928726,0.069362,0.2739729
chandigarh,p1_greedy,2025-10-08,gru_noact,0.29454207,0.13765532,0.05328954,0.6047655,0.4855335,0.069891796,0.27427962
chandigarh,p2_nm,2025-10-08,gru_noact,0.29456583,0.13822128,0.054616984,0.59839666,0.48372835,0.067798994,0.272888
chandigarh,p2_wdf,2025-10-08,gru_noact,0.29429793,0.10821039,0.12337116,0.6010518,0.46129194,0.084559865,0.27879718
chandigarh,nearest,2025-11-15,gru_noact,0.2663393,0.13237403,0.0316646,0.6795946,0.49512538,0.05567221,0.276795
chandigarh,nearest_norepo,2025-11-15,gru_noact,0.26594973,0.12714878,0.04095745,0.6049228,0.43054336,0.056521486,0.2543406
chandigarh,p1_greedy,2025-11-15,gru_noact,0.26587337,0.12657821,0.035493325,0.6279224,0.43709427,0.055607878,0.25809494
chandigarh,p2_nm,2025-11-15,gru_noact,0.26574507,0.12778169,0.03853191,0.61423934,0.42965755,0.056544505,0.2554167
chandigarh,p2_wdf,2025-11-15,gru_noact,0.26619253,0.095600516,0.1088665,0.6191728,0.41010508,0.06931445,0.261542
pittsburgh,nearest,2025-10-08,gru_noact,0.23828684,0.10747554,0.03876718,0.2779819,0.35566905,0.06535614,0.18058944
pittsburgh,nearest_norepo,2025-10-08,gru_noact,0.237947,0.1045545,0.041429084,0.25565574,0.33224502,0.06727794,0.17318487
pittsburgh,p1_greedy,2025-10-08,gru_noact,0.23804541,0.10355252,0.045390572,0.25268725,0.3340495,0.071987815,0.17428552
pittsburgh,p2_nm,2025-10-08,gru_noact,0.23809734,0.10458787,0.042597324,0.2535496,0.3382,0.07222195,0.17487569
pittsburgh,p2_wdf,2025-10-08,gru_noact,0.2377977,0.08777681,0.07282435,0.23865515,0.33739734,0.07356876,0.17467003
pittsburgh,nearest,2025-11-15,gru_noact,0.24760787,0.11494871,0.03706792,0.28280395,0.3583703,0.058574468,0.18322887
pittsburgh,nearest_norepo,2025-11-15,gru_noact,0.24759175,0.108167514,0.041732334,0.25661707,0.3456445,0.062403943,0.17702617
pittsburgh,p1_greedy,2025-11-15,gru_noact,0.24768434,0.10608423,0.043707095,0.26310366,0.34440643,0.06583386,0.17846994
pittsburgh,p2_nm,2025-11-15,gru_noact,0.24760517,0.10949039,0.04150048,0.26004836,0.3473816,0.063252,0.178213
pittsburgh,p2_wdf,2025-11-15,gru_noact,0.2474966,0.09306817,0.07534308,0.24203645,0.34993997,0.06517272,0.17884283
portland,nearest,2025-10-08,gru_noact,0.5989867,0.35234922,0.12235274,0.69216245,0.8743339,0.18812396,0.4713848
portland,nearest_norepo,2025-10-08,gru_noact,0.5978658,0.34507206,0.14478242,0.62836736,0.8181058,0.19932237,0.455586
portland,p1_greedy,2025-10-08,gru_noact,0.5976804,0.34814602,0.14803603,0.6252059,0.8177891,0.20686701,0.4572874
portland,p2_nm,2025-10-08,gru_noact,0.5981766,0.3441049,0.1562092,0.63885415,0.81407094,0.20010297,0.45858648
portland,p2_wdf,2025-10-08,gru_noact,0.5981418,0.31182015,0.23839588,0.6348791,0.8326107,0.20923771,0.47084758
portland,nearest,2025-11-15,gru_noact,0.6026488,0.3552803,0.11833103,0.69104403,0.8714546,0.19932619,0.47301415
portland,nearest_norepo,2025-11-15,gru_noact,0.6018606,0.34492332,0.14513879,0.63851553,0.819236,0.20753218,0.4595344
portland,p1_greedy,2025-11-15,gru_noact,0.6024919,0.34749064,0.14763165,0.6386542,0.8236253,0.2153389,0.46253875
portland,p2_nm,2025-11-15,gru_noact,0.60206765,0.3473716,0.14224376,0.6506294,0.8154908,0.21157834,0.4615636
portland,p2_wdf,2025-11-15,gru_noact,0.6021134,0.31620413,0.23139,0.6212503,0.8298654,0.22252864,0.47055864
panaji,nearest,2025-10-08,gru_noact,0.19389771,0.084710576,0.038025133,0.43607384,0.304049,0.037556525,0.18238546
panaji,nearest_norepo,2025-10-08,gru_noact,0.1947442,0.08036289,0.040919386,0.40346646,0.28136805,0.037296794,0.17302628
panaji,p1_greedy,2025-10-08,gru_noact,0.1948127,0.08597632,0.037476446,0.41793016,0.27884606,0.043612342,0.17644234
panaji,p2_nm,2025-10-08,gru_noact,0.19455141,0.08316945,0.040646497,0.40605804,0.27713034,0.04194191,0.17391628
panaji,p2_wdf,2025-10-08,gru_noact,0.19518681,0.063515365,0.07333853,0.39828333,0.26189178,0.05401304,0.17437148
panaji,nearest,2025-11-15,gru_noact,0.1810966,0.0784246,0.031116858,0.47780904,0.29386607,0.04214697,0.18407667
panaji,nearest_norepo,2025-11-15,gru_noact,0.18197046,0.078048006,0.03990184,0.45156473,0.24916545,0.04160982,0.17371005
panaji,p1_greedy,2025-11-15,gru_noact,0.181862,0.07635433,0.03857307,0.44443092,0.247844,0.042583123,0.17194124
panaji,p2_nm,2025-11-15,gru_noact,0.18246941,0.07390313,0.046422005,0.4481632,0.2364049,0.044098977,0.17191027
panaji,p2_wdf,2025-11-15,gru_noact,0.18250737,0.05899725,0.07454495,0.44637516,0.2331086,0.045943707,0.1735795
udaipur,nearest,2025-10-08,gru_noact,0.18562303,0.07817441,0.026902858,0.38397446,0.30407926,0.04801714,0.17112853
udaipur,nearest_norepo,2025-10-08,gru_noact,0.18532735,0.078597955,0.028050574,0.35265163,0.26919383,0.04791368,0.16028917
udaipur,p1_greedy,2025-10-08,gru_noact,0.18531631,0.078561276,0.028399697,0.3576621,0.27065527,0.047355656,0.16132505
udaipur,p2_nm,2025-10-08,gru_noact,0.18538386,0.07776219,0.029419715,0.3492709,0.26485845,0.047634017,0.15905486
udaipur,p2_wdf,2025-10-08,gru_noact,0.18558125,0.060782146,0.064884976,0.33612892,0.26440853,0.059068006,0.16180897
udaipur,nearest,2025-11-15,gru_noact,0.16528752,0.0734443,0.01865864,0.3918579,0.27083138,0.03479378,0.15914558
udaipur,nearest_norepo,2025-11-15,gru_noact,0.16522525,0.07065354,0.022270726,0.3544977,0.23648383,0.037439216,0.14776172
udaipur,p1_greedy,2025-11-15,gru_noact,0.1651502,0.068448216,0.022753144,0.37524766,0.23717983,0.034367707,0.15052445
udaipur,p2_nm,2025-11-15,gru_noact,0.1652167,0.069910206,0.022829812,0.3610297,0.23953696,0.036352854,0.14914604
udaipur,p2_wdf,2025-11-15,gru_noact,0.16541637,0.04933848,0.068269804,0.35540864,0.22104087,0.04520978,0.15078066
puducherry,nearest,2025-10-08,gru_noact,0.21916372,0.10147088,0.029808458,0.34879106,0.32445672,0.049368862,0.17884327
puducherry,nearest_norepo,2025-10-08,gru_noact,0.21950378,0.101966515,0.02710234,0.3389958,0.30632907,0.048391648,0.17371486
puducherry,p1_greedy,2025-10-08,gru_noact,0.21953273,0.10231857,0.037638888,0.34676358,0.29739678,0.050907776,0.17575972
puducherry,p2_nm,2025-10-08,gru_noact,0.2197653,0.09677145,0.032888796,0.33873373,0.304021,0.04949023,0.17361176
puducherry,p2_wdf,2025-10-08,gru_noact,0.21996301,0.085541554,0.059118975,0.32793662,0.30067068,0.05142951,0.17411005
puducherry,nearest,2025-11-15,gru_noact,0.19331467,0.09037419,0.025932558,0.37114176,0.29453698,0.03782281,0.16885382
puducherry,nearest_norepo,2025-11-15,gru_noact,0.19401312,0.08529716,0.023543395,0.36237013,0.25321108,0.038441785,0.15947945
puducherry,p1_greedy,2025-11-15,gru_noact,0.19384003,0.08889372,0.023198936,0.36781666,0.25706303,0.039826024,0.16177307
puducherry,p2_nm,2025-11-15,gru_noact,0.19414437,0.09360805,0.027753487,0.3595007,0.25611767,0.04185672,0.16216351
puducherry,p2_wdf,2025-11-15,gru_noact,0.19402066,0.07748335,0.048328057,0.33474043,0.2584474,0.0453874,0.15973455
boulder,nearest,2025-10-08,gru_noact,0.2463629,0.10352633,0.03703336,0.18807192,0.31093013,0.085967734,0.16198206
boulder,nearest_norepo,2025-10-08,gru_noact,0.24664317,0.10504535,0.03224842,0.18643801,0.29631063,0.087067895,0.1589589
boulder,p1_greedy,2025-10-08,gru_noact,0.24686249,0.09999802,0.04369224,0.18715195,0.29096666,0.09009785,0.15979485
boulder,p2_nm,2025-10-08,gru_noact,0.24672966,0.10461931,0.039740592,0.1859933,0.29349378,0.08956147,0.16002302
boulder,p2_wdf,2025-10-08,gru_noact,0.24691708,0.09469887,0.056910906,0.15797111,0.30443838,0.08710284,0.15800652
boulder,nearest,2025-11-15,gru_noact,0.2461973,0.106475815,0.039497,0.1917042,0.28738174,0.09148946,0.16045757
boulder,nearest_norepo,2025-11-15,gru_noact,0.24654263,0.10911849,0.03799404,0.18880448,0.28196892,0.08290757,0.15788935
boulder,p1_greedy,2025-11-15,gru_noact,0.24625333,0.10228377,0.04342196,0.18355298,0.27787125,0.09057906,0.15732706
boulder,p2_nm,2025-11-15,gru_noact,0.24646597,0.10623512,0.040101804,0.18739463,0.28327325,0.092228085,0.15928315
boulder,p2_wdf,2025-11-15,gru_noact,0.24655834,0.0898717,0.05579846,0.16456586,0.28540283,0.09248057,0.15577964
annarbor,nearest,2025-10-08,gru_noact,0.23174217,0.11080269,0.025963768,0.32939437,0.3132459,0.05433303,0.17758031
annarbor,nearest_norepo,2025-10-08,gru_noact,0.23199558,0.10918548,0.029419603,0.301226,0.2917881,0.057337906,0.17015879
annarbor,p1_greedy,2025-10-08,gru_noact,0.23197687,0.11011374,0.034677677,0.29804614,0.28938553,0.061304167,0.17091738
annarbor,p2_nm,2025-10-08,gru_noact,0.2321441,0.11017945,0.033960685,0.3038302,0.29065144,0.057313893,0.17134662
annarbor,p2_wdf,2025-10-08,gru_noact,0.23215368,0.08866602,0.05631272,0.2700299,0.30802602,0.06463399,0.1699704
annarbor,nearest,2025-11-15,gru_noact,0.23362938,0.112588204,0.024058094,0.3149452,0.31719342,0.053528946,0.17599052
annarbor,nearest_norepo,2025-11-15,gru_noact,0.23422219,0.11447104,0.02503337,0.30328387,0.29105055,0.053242043,0.17021717
annarbor,p1_greedy,2025-11-15,gru_noact,0.23425259,0.111274965,0.031024748,0.2985266,0.28697884,0.05405677,0.16935241
annarbor,p2_nm,2025-11-15,gru_noact,0.23442979,0.1115851,0.030893102,0.30491397,0.287237,0.058575198,0.17127235
annarbor,p2_wdf,2025-11-15,gru_noact,0.234688,0.09186382,0.06213734,0.26391762,0.3020797,0.05976838,0.1690758
