actual,predicted,noact_control
3.0,42.553749084472656,10.948020935058594
-1.0,0.6516485214233398,1.7338237762451172
0.0,10.215461730957031,-1.559438705444336
-3.0,1.1797757148742676,0.6060609817504883
-8.0,59.93656921386719,4.694000244140625
10.0,1.0206260681152344,0.6452388763427734
25.0,-20.58251953125,23.29888916015625
-19.0,-14.603260040283203,4.330772399902344
2.0,61.748291015625,1.43255615234375
-9.0,-1.9720840454101562,2.487743377685547
16.0,52.522918701171875,26.939483642578125
-6.0,-3.7569313049316406,4.713279724121094
12.0,20.79052734375,25.3104248046875
-1.0,-1.9808502197265625,-0.5465087890625
13.0,45.165771484375,15.714752197265625
2.0,-10.826099395751953,-0.13981246948242188
-5.0,-9.4107666015625,31.2720947265625
-12.0,-12.857837677001953,-6.619361877441406
6.0,66.7376708984375,2.42303466796875
-10.0,-3.2091941833496094,0.09449386596679688
-3.0,92.6717529296875,18.6795654296875
4.0,-3.174854278564453,3.024747848510742
0.0,36.17310333251953,-0.17047882080078125
-2.0,1.0200552940368652,1.1649055480957031
1.0,13.418834686279297,0.4444732666015625
-2.0,1.173666000366211,0.6797428131103516
-2.0,66.54348754882812,7.5161285400390625
5.0,0.38528919219970703,0.7117290496826172
39.0,-28.1148681640625,14.70892333984375
-44.0,-12.571464538574219,1.8196487426757812
-9.0,75.12353515625,16.2620849609375
-1.0,-4.881557464599609,-0.17680740356445312
13.0,42.213623046875,30.082244873046875
-1.0,-4.868770599365234,-0.038242340087890625
1.0,-1.5723876953125,10.2950439453125
1.0,-3.179840087890625,-2.882427215576172
38.0,34.7998046875,0.21368408203125
-23.0,-8.942611694335938,2.3733978271484375
13.0,-0.656494140625,18.78533935546875
-25.0,-19.11768341064453,-9.195026397705078
4.0,66.8917236328125,13.29364013671875
-6.0,-6.8938751220703125,-3.0915908813476562
-8.0,96.844482421875,17.028106689453125
7.0,-1.7923927307128906,3.7279796600341797
11.0,29.8896484375,21.29418182373047
-14.0,-4.982824802398682,0.1429424285888672
-1.0,12.537712097167969,0.47011756896972656
-7.0,-2.3788914680480957,0.4187798500061035
36.0,117.06292724609375,20.64154052734375
-37.0,-46.201011657714844,-0.35443687438964844
183.0,124.76251220703125,88.8485107421875
-192.0,-182.12841796875,-22.705780029296875
120.0,248.71246337890625,187.36749267578125
-106.0,-163.51097106933594,-50.63184356689453
43.0,171.42364501953125,93.98458862304688
-32.0,-122.29393005371094,-17.912830352783203
82.0,12.821685791015625,9.069580078125
-68.0,-19.23251724243164,-9.194293975830078
74.0,94.0498046875,37.14263916015625
-60.0,-52.30784606933594,-14.073959350585938
77.0,-11.8743896484375,16.8731689453125
-92.0,-30.688697814941406,-28.298789978027344
68.0,197.48880004882812,66.50732421875
-56.0,-91.35179138183594,-18.59893798828125
14.0,139.43310546875,45.8636474609375
-32.0,-46.6102180480957,-4.679531097412109
7.0,42.30943298339844,10.407035827636719
-4.0,0.5607476234436035,1.7771282196044922
0.0,14.675678253173828,1.7937183380126953
-1.0,1.2260406017303467,0.8024153709411621
-5.0,64.19036865234375,6.747314453125
9.0,1.284092903137207,0.5537033081054688
40.0,-22.4703369140625,21.8984375
-41.0,-11.839847564697266,4.738506317138672
-4.0,74.98858642578125,14.06695556640625
-9.0,-5.940765380859375,-0.9152870178222656
14.0,42.354400634765625,23.612548828125
-2.0,-3.8933658599853516,3.1474609375
13.0,10.12078857421875,11.87420654296875
-9.0,-4.598594665527344,0.6556205749511719
30.0,30.2666015625,5.180511474609375
-16.0,-9.051319122314453,1.73272705078125
6.0,-11.07598876953125,17.38092041015625
-21.0,-19.358612060546875,-11.316978454589844
6.0,68.66094970703125,-5.34454345703125
-6.0,-2.440744400024414,0.5006752014160156
4.0,105.310302734375,31.05816650390625
-2.0,-3.2157974243164062,2.693765640258789
13.0,61.580810546875,30.534805297851562
-22.0,-26.816020965576172,0.18578720092773438
5.0,17.270057678222656,-2.9335575103759766
-14.0,-5.757430076599121,-0.11166763305664062
54.0,115.67875671386719,17.961509704589844
-37.0,-40.73235321044922,-0.0728921890258789
147.0,121.070556640625,67.68374633789062
-160.0,-197.839111328125,-25.276412963867188
110.0,217.9971923828125,138.76739501953125
-106.0,-160.00123596191406,-44.93317413330078
144.0,145.3592529296875,45.6082763671875
-144.0,-115.44905090332031,-19.041946411132812
140.0,134.00994873046875,95.76470947265625
-124.0,-145.16769409179688,-39.74013137817383
126.0,179.5137939453125,47.211700439453125
-116.0,-163.9378662109375,-25.303131103515625
70.0,63.7677001953125,42.34979248046875
-91.0,-92.3123550415039,-38.458961486816406
94.0,175.35061645507812,43.42803955078125
-97.0,-85.00907897949219,-13.243545532226562
46.0,146.0999755859375,49.911346435546875
-55.0,-84.31188201904297,-10.337333679199219
-3.0,-6.380645751953125,-11.118499755859375
-1.0,0.3684067726135254,-0.5689182281494141
1.0,3.2033729553222656,2.0039119720458984
1.0,-0.006109714508056641,0.07368183135986328
6.0,6.6069183349609375,2.8221282958984375
-5.0,-0.6353368759155273,0.06649017333984375
14.0,-7.5323486328125,-8.5899658203125
-25.0,2.0317955017089844,-2.5111236572265625
-11.0,13.375244140625,14.82952880859375
8.0,-2.909473419189453,-2.66455078125
-3.0,-10.309295654296875,3.14276123046875
5.0,-1.1118392944335938,-4.751522064208984
-11.0,-22.3629150390625,-15.015380859375
2.0,-1.1989898681640625,-2.335918426513672
25.0,-10.365966796875,-15.501068115234375
-25.0,1.8834877014160156,2.5132102966308594
18.0,8.7542724609375,-12.48675537109375
-13.0,-6.259845733642578,-2.575664520263672
-2.0,0.154052734375,10.87060546875
4.0,-3.684680938720703,-3.186084747314453
-5.0,4.1727294921875,-1.651458740234375
3.0,1.3824615478515625,0.7032318115234375
8.0,-12.664100646972656,10.346160888671875
-13.0,-5.6344733238220215,-1.59088134765625
-1.0,2.3222503662109375,2.0295562744140625
-4.0,-3.5586671829223633,-0.18728113174438477
44.0,57.12635803222656,15.947540283203125
-47.0,-47.221641540527344,-0.9996757507324219
158.0,145.34503173828125,65.54962158203125
-173.0,-167.525146484375,-27.03655242919922
118.0,186.96417236328125,185.9349365234375
-97.0,-161.5388946533203,-53.11958694458008
27.0,118.90072631835938,67.04510498046875
-26.0,-118.53700256347656,-22.626110076904297
70.0,-7.968841552734375,-16.2408447265625
-67.0,-17.251667022705078,-8.647785186767578
61.0,48.884033203125,21.427886962890625
-62.0,-41.481746673583984,-13.934146881103516
82.0,-2.463623046875,-14.39892578125
-80.0,-17.830860137939453,-21.679428100585938
62.0,130.75112915039062,64.08428955078125
-46.0,-88.1426010131836,-18.693431854248047
17.0,46.7613525390625,27.18408203125
-36.0,-43.43536376953125,-7.704278945922852
4.0,-0.24431610107421875,-0.540985107421875
-3.0,-0.09090089797973633,0.043304443359375
0.0,4.460216522216797,3.3531570434570312
2.0,0.0462648868560791,0.19635438919067383
3.0,4.2537994384765625,2.053314208984375
-1.0,0.26346683502197266,-0.09153556823730469
15.0,-1.8878173828125,-1.40045166015625
-22.0,2.7634124755859375,0.4077339172363281
-6.0,13.24029541015625,12.6343994140625
0.0,-3.9686813354492188,-3.4030303955078125
-2.0,-10.16851806640625,-3.326934814453125
4.0,-0.13643455505371094,-1.5658187866210938
1.0,-10.66973876953125,-13.43621826171875
-8.0,-2.6177444458007812,1.2021293640136719
17.0,-14.899169921875,-10.53424072265625
-18.0,1.7747802734375,1.8725395202636719
11.0,-1.66522216796875,-13.89117431640625
-9.0,-6.500774383544922,-4.6976165771484375
0.0,1.92327880859375,-7.767578125
4.0,0.7684497833251953,0.40618133544921875
7.0,12.6385498046875,12.37860107421875
-6.0,-0.040943145751953125,-0.3309822082519531
10.0,19.027061462402344,19.58678436279297
-21.0,-27.467668533325195,-1.5480365753173828
5.0,7.054595947265625,-1.3741188049316406
-11.0,-6.937205791473389,-0.7177286148071289
62.0,55.7421875,13.267509460449219
-47.0,-41.75298309326172,-0.7181310653686523
122.0,141.653076171875,44.384857177734375
-141.0,-183.23585510253906,-29.60718536376953
108.0,156.2489013671875,137.3348388671875
-97.0,-158.02915954589844,-47.42091751098633
128.0,92.83633422851562,18.668792724609375
-138.0,-111.69212341308594,-23.755226135253906
128.0,113.21942138671875,70.45428466796875
-123.0,-143.18685913085938,-39.19362258911133
113.0,134.3480224609375,31.4969482421875
-118.0,-153.1117706298828,-25.163318634033203
75.0,73.178466796875,11.07769775390625
-79.0,-79.45451354980469,-31.839599609375
88.0,108.61294555664062,41.0050048828125
-87.0,-81.79988098144531,-13.33803939819336
49.0,53.42822265625,31.231781005859375
-59.0,-81.13702392578125,-13.362081527709961
11.0,-6.283454895019531,21.46466064453125
-12.0,-6.002880096435547,-1.021963119506836
-2.0,-0.8811225891113281,0.025644302368164062
-5.0,-3.5525574684143066,-0.26096296310424805
38.0,50.519439697265625,13.125411987304688
-42.0,-46.5863037109375,-1.0661659240722656
144.0,152.87738037109375,74.13958740234375
-148.0,-169.55694580078125,-24.525428771972656
129.0,173.58892822265625,171.10540771484375
-105.0,-158.62942504882812,-50.45503616333008
30.0,129.21002197265625,63.90234375
-31.0,-117.42516326904297,-17.874588012695312
81.0,14.394073486328125,-1.2254638671875
-69.0,-16.052677154541016,-6.311866760253906
36.0,59.25,36.928955078125
-37.0,-43.365234375,-16.447357177734375
64.0,-11.2178955078125,-1.91217041015625
-67.0,-11.571014404296875,-19.103763580322266
64.0,130.59707641601562,53.21368408203125
-50.0,-84.45791625976562,-15.507347106933594
22.0,42.588623046875,28.835540771484375
-39.0,-44.81782531738281,-8.407510757446289
7.0,6.136329650878906,10.5775146484375
-2.0,-0.4593076705932617,0.6122226715087891
-1.0,1.2568435668945312,1.3492450714111328
1.0,0.05237460136413574,0.12267255783081055
-3.0,-2.353118896484375,-0.7688140869140625
4.0,0.8988037109375,-0.15802574157714844
1.0,5.64453125,7.18951416015625
3.0,0.7316169738769531,2.9188575744628906
5.0,-0.13494873046875,-2.19512939453125
-8.0,-1.0592079162597656,-0.7384796142578125
1.0,0.140777587890625,-6.469696044921875
-1.0,0.9754047393798828,3.1857032775878906
12.0,11.69317626953125,1.57916259765625
-10.0,-1.4187545776367188,3.5380477905273438
-8.0,-4.533203125,4.966827392578125
7.0,-0.10870742797851562,-0.6406707763671875
-7.0,-10.41949462890625,-1.4044189453125
4.0,-0.24092864990234375,-2.1219520568847656
2.0,1.76922607421875,-18.63818359375
0.0,4.453130722045898,3.592266082763672
12.0,8.4658203125,14.030059814453125
-9.0,-1.4234046936035156,-1.0342140197753906
13.0,25.40770721435547,30.705284118652344
-20.0,-27.836074829101562,-0.9791183471679688
4.0,3.8512229919433594,-3.378030776977539
-12.0,-6.931096076965332,-0.7914104461669922
56.0,49.13526916503906,10.445381164550781
-42.0,-41.117645263671875,-0.7846212387084961
108.0,149.1854248046875,52.974822998046875
-116.0,-185.2676544189453,-27.09606170654297
119.0,142.8736572265625,122.50531005859375
-105.0,-155.11968994140625,-44.75636672973633
131.0,103.1456298828125,15.526031494140625
-143.0,-110.58028411865234,-19.003704071044922
139.0,135.58233642578125,85.46966552734375
-125.0,-141.98785400390625,-36.857704162597656
88.0,144.7139892578125,46.998016357421875
-93.0,-154.99525451660156,-27.676528930664062
57.0,64.4241943359375,23.564453125
-66.0,-73.19467163085938,-29.263935089111328
90.0,108.45889282226562,30.1343994140625
-91.0,-78.11520385742188,-10.151954650878906
54.0,49.2554931640625,32.88323974609375
-62.0,-82.51948547363281,-14.065313339233398
-4.0,12.419784545898438,-10.88714599609375
10.0,5.543572425842285,1.634185791015625
1.0,2.1379661560058594,1.3236007690429688
6.0,3.6049320697784424,0.3836355209350586
-41.0,-52.87255859375,-13.89422607421875
46.0,47.485107421875,0.9081401824951172
-143.0,-147.23284912109375,-66.9500732421875
151.0,170.28855895996094,27.444286346435547
-124.0,-173.723876953125,-173.300537109375
97.0,157.57020568847656,49.716556549072266
-29.0,-129.06924438476562,-70.37203979492188
30.0,118.40056610107422,21.060291290283203
-69.0,-2.700897216796875,2.80462646484375
59.0,14.633922576904297,9.84991455078125
-44.0,-63.783203125,-31.962127685546875
44.0,43.256526947021484,15.806686401367188
-71.0,0.79840087890625,0.50775146484375
71.0,11.330085754394531,16.9818115234375
-62.0,-128.82785034179688,-71.85186767578125
50.0,88.91104888916016,19.099613189697266
-10.0,-34.122802734375,-14.80548095703125
30.0,43.3944206237793,7.373296737670898
2.0,31.691162109375,9.240623474121094
-8.0,-21.833194732666016,0.04284477233886719
6.0,4.7323455810546875,-3.403675079345703
-7.0,-3.3785386085510254,-0.5304474830627441
18.0,-1.3841705322265625,-2.6800308227539062
0.0,5.468658447265625,0.28154468536376953
-36.0,-3.69195556640625,-21.164764404296875
32.0,-15.710708618164062,-2.5706329345703125
-10.0,-30.71527099609375,-48.60009765625
0.0,3.509735107421875,5.69866943359375
101.0,-26.06439208984375,-48.376312255859375
-112.0,6.844879150390625,-1.1291160583496094
58.0,121.18826293945312,86.69512939453125
-56.0,-125.9351806640625,-30.54583740234375
52.0,85.4639892578125,10.069061279296875
-56.0,-111.63002014160156,-11.229171752929688
-7.0,75.64208984375,25.47662353515625
1.0,-61.6236572265625,-10.160171508789062
26.0,-22.13818359375,-23.07928466796875
-41.0,6.342720031738281,5.3553924560546875
32.0,6.6668701171875,4.047698974609375
-23.0,-37.701663970947266,-5.657802581787109
6.0,19.271377563476562,20.127769470214844
-18.0,-27.376768112182617,-1.5913410186767578
5.0,2.594379425048828,-4.727275848388672
-13.0,-6.983470916748047,-0.9140830039978027
59.0,51.48838806152344,11.214195251464844
-46.0,-42.016448974609375,-0.6265954971313477
107.0,143.5408935546875,45.785308837890625
-119.0,-185.999267578125,-30.01491928100586
114.0,143.00860595703125,124.700439453125
-97.0,-154.0604705810547,-44.017887115478516
130.0,103.00485229492188,21.9957275390625
-142.0,-111.5556869506836,-22.189407348632812
127.0,123.88916015625,83.8905029296875
-115.0,-140.56910705566406,-40.395751953125
96.0,149.2471923828125,42.03118896484375
-100.0,-154.8865509033203,-27.035858154296875
64.0,74.84368896484375,24.9688720703125
-70.0,-72.95374298095703,-27.141983032226562
88.0,106.68966674804688,48.7725830078125
-91.0,-82.56832885742188,-13.744220733642578
42.0,40.7896728515625,18.853179931640625
-53.0,-81.09608459472656,-13.031099319458008
0.0,-14.692901611328125,17.0382080078125
1.0,-0.0418548583984375,-0.5690040588378906
12.0,20.97808837890625,18.872276306152344
-3.0,9.420093536376953,-0.26412391662597656
-1.0,25.53937530517578,4.023883819580078
0.0,1.304293155670166,0.424344539642334
0.0,78.49533081054688,2.33135986328125
-2.0,0.7659578323364258,0.46036243438720703
-4.0,104.450927734375,26.31304931640625
4.0,-1.1303997039794922,3.8058624267578125
5.0,31.6790771484375,17.8974609375
-3.0,-4.858699798583984,0.5342559814453125
14.0,21.0091552734375,14.45233154296875
-9.0,-3.8648853302001953,0.3357658386230469
10.0,41.33551025390625,8.01678466796875
-19.0,-4.614299774169922,0.5259170532226562
15.0,-15.64227294921875,-2.0093994140625
-10.0,-9.484825134277344,3.6241836547851562
-3.0,34.59136962890625,5.2421875
4.0,-1.9065093994140625,1.8146247863769531
24.0,69.80072021484375,55.644744873046875
-12.0,-5.703792572021484,2.3280029296875
6.0,-13.865386962890625,4.92230224609375
5.0,-4.162078857421875,-0.5438804626464844
10.0,16.9090576171875,3.8576431274414062
1.0,10.713066101074219,2.3566207885742188
-1.0,28.367477416992188,4.566795349121094
1.0,1.0625720024108887,0.4186520576477051
-3.0,79.80279541015625,10.365486145019531
0.0,1.4750356674194336,0.2814188003540039
-8.0,106.54412841796875,28.482177734375
6.0,-2.0708370208740234,1.380624771118164
6.0,40.35498046875,16.7451171875
-4.0,-2.8626136779785156,3.3114471435546875
10.0,7.9111328125,20.76129150390625
-6.0,-8.293134689331055,-0.9856605529785156
14.0,35.64093017578125,3.92999267578125
-17.0,-3.5025863647460938,1.5261077880859375
18.0,-17.063720703125,15.3341064453125
-25.0,-12.552047729492188,0.8096885681152344
-7.0,34.5992431640625,24.4427490234375
1.0,-6.80882453918457,-2.9060134887695312
18.0,65.638427734375,28.85357666015625
-7.0,-4.047794342041016,0.059661865234375
22.0,-17.83197021484375,50.873504638671875
-33.0,-18.80086898803711,-12.556262969970703
18.0,27.72449493408203,23.565811157226562
-7.0,1.0329513549804688,1.2277908325195312
3.0,28.32953643798828,3.995573043823242
-1.0,-0.8446230888366699,0.21921491622924805
29.0,78.20486450195312,5.395942687988281
-19.0,-1.3873939514160156,-1.9286508560180664
61.0,132.70962524414062,38.31463623046875
-51.0,-23.243928909301758,-8.980209350585938
45.0,46.0528564453125,35.944091796875
-49.0,-28.43923568725586,-12.834716796875
97.0,86.75640869140625,39.0302734375
-93.0,-70.61214447021484,-25.147541046142578
59.0,136.009765625,49.564849853515625
-71.0,-97.6148910522461,-19.501495361328125
68.0,25.11474609375,5.05755615234375
-66.0,-69.54248809814453,-15.386199951171875
67.0,81.6123046875,37.47705078125
-60.0,-53.50568389892578,-12.967193603515625
69.0,108.68170166015625,60.25677490234375
-69.0,-86.6014633178711,-10.509954452514648
0.0,-29.284027099609375,-6.1142578125
7.0,-1.4705810546875,-1.7401008605957031
1.0,31.09050750732422,24.827072143554688
-2.0,-1.3962554931640625,-8.038631439208984
-1.0,26.490760803222656,0.9930648803710938
1.0,1.0399880409240723,0.251192569732666
-2.0,79.40785217285156,4.280601501464844
-4.0,2.0288877487182617,0.5014410018920898
2.0,101.27044677734375,22.540985107421875
1.0,-1.4412212371826172,1.7269535064697266
10.0,27.497802734375,5.02349853515625
-5.0,-4.036067962646484,2.5885391235351562
15.0,13.2308349609375,23.0797119140625
-13.0,-5.974592208862305,-0.7236175537109375
11.0,56.54791259765625,35.39508056640625
-10.0,-4.743171691894531,-0.5756454467773438
20.0,-12.772216796875,12.93011474609375
-17.0,-10.07706069946289,-0.042278289794921875
-4.0,35.4373779296875,18.2457275390625
8.0,-3.5758056640625,0.25748443603515625
28.0,70.0760498046875,47.928802490234375
-11.0,-4.431182861328125,1.7160167694091797
16.0,-11.90411376953125,72.65280151367188
-33.0,-36.36798095703125,-21.382308959960938
16.0,27.706512451171875,32.06407928466797
-19.0,-7.1213836669921875,-7.5718841552734375
17.0,34.562103271484375,7.118129730224609
-16.0,-6.703851222991943,-0.3454246520996094
63.0,148.91268920898438,25.969200134277344
-49.0,-46.08464050292969,-2.305699348449707
96.0,191.47061157226562,41.52545166015625
-78.0,-90.4428482055664,-17.61443328857422
94.0,154.14816284179688,44.70489501953125
-88.0,-115.1220703125,-26.350433349609375
112.0,118.5772705078125,65.17669677734375
-112.0,-136.89927673339844,-42.84164810180664
129.0,183.62789916992188,71.32492065429688
-119.0,-144.74130249023438,-31.36968231201172
117.0,96.0335693359375,21.89923095703125
-105.0,-116.31378936767578,-17.891681671142578
77.0,119.6136474609375,36.7061767578125
-71.0,-109.8985366821289,-16.518115997314453
102.0,129.7408447265625,51.59735107421875
-102.0,-87.75724029541016,-10.67475700378418
6.0,0.8275146484375,-12.11590576171875
4.0,-4.1202239990234375,0.02512359619140625
-2.0,-4.06903076171875,-15.014633178710938
4.0,1.2929725646972656,2.6207447052001953
0.0,2.8281021118164062,0.5429115295410156
1.0,-0.24172115325927734,-0.005692481994628906
-3.0,1.307464599609375,8.034126281738281
2.0,0.7090778350830078,-0.17894363403320312
-4.0,2.09320068359375,2.16912841796875
2.0,-0.9404373168945312,-2.4252376556396484
1.0,8.6759033203125,-1.15234375
-1.0,1.9960861206054688,2.777191162109375
-4.0,-13.0980224609375,6.3089599609375
3.0,-4.428249359130859,-1.3214263916015625
4.0,-5.694580078125,-4.0867919921875
2.0,1.1117134094238281,1.0001907348632812
3.0,-1.42144775390625,17.343505859375
-15.0,-3.0672225952148438,-2.814495086669922
-4.0,0.00787353515625,19.2005615234375
-3.0,-4.902315139770508,-4.720638275146484
-6.0,-4.16229248046875,-26.791168212890625
5.0,1.6559982299804688,-2.268341064453125
22.0,-3.139068603515625,33.835296630859375
-34.0,-18.759014129638672,-11.987258911132812
6.0,6.746406555175781,4.693534851074219
-4.0,-8.387142181396484,1.4919147491455078
4.0,2.7901611328125,-0.028310775756835938
-1.0,-2.148916244506836,-0.20512962341308594
29.0,-0.29046630859375,3.0645828247070312
-17.0,-2.1533517837524414,-2.3890132904052734
65.0,28.258697509765625,12.0015869140625
-55.0,-22.113529205322266,-12.78607177734375
40.0,14.373779296875,18.046630859375
-46.0,-23.580535888671875,-13.368972778320312
83.0,65.74725341796875,24.57794189453125
-84.0,-66.74725341796875,-25.483306884765625
49.0,94.67425537109375,41.548065185546875
-52.0,-93.00059509277344,-20.02741241455078
53.0,40.75701904296875,7.06695556640625
-56.0,-60.05766296386719,-19.01038360595703
70.0,47.02093505859375,32.23486328125
-64.0,-51.59917449951172,-14.781818389892578
45.0,38.8809814453125,4.612030029296875
-57.0,-80.89767456054688,-12.837957382202148
0.0,-14.59112548828125,-23.1524658203125
6.0,-1.4287261962890625,-1.1710968017578125
-11.0,10.112419128417969,5.954795837402344
1.0,-10.816349029541016,-7.774507522583008
0.0,0.951385498046875,-3.0308189392089844
1.0,-0.26430511474609375,-0.17315196990966797
-2.0,0.9125213623046875,1.9492416381835938
-2.0,1.262929916381836,0.04107856750488281
6.0,-3.18048095703125,-3.772064208984375
-3.0,-0.310821533203125,-2.078908920288086
5.0,-4.1812744140625,-12.87396240234375
-2.0,0.8226318359375,2.0542831420898438
1.0,-7.7783203125,8.62738037109375
-4.0,-2.1097068786621094,-1.0593833923339844
1.0,15.21240234375,27.3782958984375
9.0,-0.12887191772460938,-1.1015625
5.0,2.87005615234375,14.93951416015625
-7.0,-0.5922355651855469,-3.666461944580078
-1.0,0.84600830078125,13.0035400390625
4.0,-1.6692962646484375,-1.5571403503417969
4.0,0.27532958984375,-7.7159423828125
1.0,1.2726097106933594,-0.6119861602783203
16.0,2.788787841796875,55.614593505859375
-34.0,-36.32612609863281,-20.813304901123047
4.0,6.728424072265625,13.191802978515625
-16.0,-16.54147720336914,-7.307760238647461
18.0,9.022727966308594,3.0942459106445312
-16.0,-8.00814437866211,-0.7697691917419434
63.0,70.4173583984375,23.637840270996094
-47.0,-46.8505973815918,-2.766061782836914
100.0,87.01968383789062,15.21240234375
-82.0,-89.31244659423828,-21.42029571533203
89.0,122.46908569335938,26.80743408203125
-85.0,-110.26337432861328,-26.884689331054688
98.0,97.568115234375,50.724365234375
-103.0,-133.03439331054688,-43.17741394042969
119.0,142.29238891601562,63.308135986328125
-100.0,-140.1269989013672,-31.895599365234375
102.0,111.67584228515625,23.90863037109375
-95.0,-106.82896423339844,-21.515865325927734
80.0,85.02227783203125,31.4639892578125
-75.0,-107.99202728271484,-18.332740783691406
78.0,59.94012451171875,-4.047393798828125
-90.0,-82.05345153808594,-13.00275993347168
16.0,-3.966583251953125,45.951202392578125
-38.0,-14.638790130615234,-12.012382507324219
8.0,10.815437316894531,19.708168029785156
-8.0,-9.68011474609375,-1.1288299560546875
4.0,-0.03794097900390625,-0.5712223052978516
-2.0,-1.9071950912475586,-0.19943714141845703
32.0,-1.597930908203125,-4.96954345703125
-19.0,-2.862429618835449,-2.2100696563720703
69.0,26.165496826171875,9.83245849609375
-57.0,-21.173091888427734,-10.360834121704102
39.0,5.6978759765625,19.198974609375
-45.0,-25.576622009277344,-16.146163940429688
87.0,78.84527587890625,18.26898193359375
-87.0,-62.319007873535156,-24.161880493164062
45.0,100.36883544921875,45.634857177734375
-54.0,-94.1123046875,-21.027603149414062
50.0,42.178466796875,-10.27655029296875
-41.0,-56.990440368652344,-16.19588851928711
74.0,47.0130615234375,13.0343017578125
-61.0,-46.696861267089844,-10.061180114746094
51.0,43.04327392578125,31.4031982421875
-62.0,-82.55366516113281,-10.569616317749023
-6.0,-15.41864013671875,-11.03656005859375
2.0,2.691497802734375,-1.1962203979492188
-9.0,14.181449890136719,20.96942901611328
-3.0,-12.109321594238281,-10.395252227783203
0.0,-1.8767166137695312,-3.57373046875
0.0,-0.022583961486816406,-0.16745948791503906
1.0,-0.3949432373046875,-6.0848846435546875
-4.0,0.5538520812988281,0.22002220153808594
10.0,-5.273681640625,-5.941192626953125
-5.0,0.6296157836914062,0.3463287353515625
4.0,-12.857177734375,-11.72161865234375
-1.0,-1.1734542846679688,-0.7229080200195312
5.0,5.3197021484375,2.31842041015625
-7.0,2.31854248046875,0.2620429992675781
-3.0,20.906982421875,31.465087890625
7.0,-1.2405853271484375,-2.1017532348632812
2.0,4.29150390625,-2.40399169921875
8.0,2.474987030029297,-0.8519668579101562
3.0,0.838134765625,-6.197021484375
7.0,3.2330188751220703,3.1634979248046875
10.0,4.4376220703125,19.075225830078125
-4.0,-0.3833885192871094,1.6563549041748047
10.0,1.961273193359375,67.73049926757812
-38.0,-32.205902099609375,-20.838428497314453
6.0,10.797454833984375,28.206436157226562
-20.0,-17.834449768066406,-9.928504943847656
18.0,6.1946258544921875,2.5513343811035156
-17.0,-7.766423225402832,-0.7640767097473145
66.0,69.10989379882812,15.603713989257812
-49.0,-47.55967712402344,-2.587118148803711
104.0,84.92648315429688,13.04327392578125
-84.0,-88.37200927734375,-18.995058059692383
88.0,113.79318237304688,27.95977783203125
-84.0,-112.25946044921875,-29.661880493164062
102.0,110.6661376953125,44.4154052734375
-106.0,-128.60614013671875,-41.855987548828125
115.0,147.98696899414062,67.39492797851562
-102.0,-141.23870849609375,-32.895790100097656
99.0,113.0972900390625,6.56512451171875
-80.0,-103.7617416381836,-18.701370239257812
84.0,85.014404296875,12.263427734375
-72.0,-103.08971405029297,-13.612102508544922
84.0,64.1024169921875,22.7437744140625
-95.0,-83.70944213867188,-10.734418869018555
-22.0,-11.452056884765625,-56.987762451171875
40.0,17.33028793334961,10.816162109375
-17.0,3.3660125732421875,1.261260986328125
5.0,-2.4292068481445312,-9.266422271728516
-4.0,-1.838775634765625,-3.0025081634521484
2.0,1.8846111297607422,0.03197765350341797
-31.0,1.2029876708984375,-1.1153411865234375
15.0,3.4162817001342773,2.4300918579101562
-59.0,-31.439178466796875,-15.773651123046875
52.0,21.80270767211914,10.707162857055664
-35.0,-18.5550537109375,-30.92059326171875
44.0,24.403167724609375,15.423255920410156
-82.0,-73.52557373046875,-15.9505615234375
80.0,64.6375503540039,24.42392349243164
-48.0,-79.46185302734375,-14.169769287109375
61.0,92.87171936035156,18.92584991455078
-48.0,-37.886962890625,7.87255859375
49.0,59.46542739868164,15.343921661376953
-71.0,-46.1749267578125,-19.2313232421875
68.0,49.92987823486328,13.224678039550781
-41.0,-38.60565185546875,-12.327972412109375
58.0,82.17028045654297,12.225971221923828
-6.0,5.9278564453125,21.779296875
0.0,-17.56711196899414,-8.826045989990234
-2.0,-0.01798248291015625,8.498268127441406
-12.0,-8.154335021972656,-8.799674987792969
14.0,6.232566833496094,3.122556686401367
-15.0,-5.859228134155273,-0.5646395683288574
34.0,70.70782470703125,20.573257446289062
-30.0,-44.69724655151367,-0.3770484924316406
35.0,58.760986328125,3.2108154296875
-27.0,-67.19891357421875,-8.634223937988281
49.0,108.09530639648438,8.76080322265625
-39.0,-86.6828384399414,-13.515716552734375
15.0,31.82086181640625,26.14642333984375
-19.0,-66.28713989257812,-17.694107055664062
70.0,47.618133544921875,21.76007080078125
-48.0,-47.12640380859375,-11.868186950683594
49.0,70.9188232421875,16.8416748046875
-39.0,-46.77130126953125,-2.505481719970703
10.0,38.0013427734375,-0.7708740234375
-11.0,-56.392852783203125,-3.550922393798828
33.0,21.05914306640625,-8.659423828125
-33.0,-1.1557769775390625,-0.16480255126953125
16.0,17.379913330078125,78.76705932617188
-40.0,-34.89739990234375,-19.642208099365234
15.0,-3.3839950561523438,7.237007141113281
-17.0,-5.725128173828125,0.4667472839355469
18.0,8.071342468261719,6.125064849853516
-17.0,-7.743839263916016,-0.5966172218322754
65.0,69.50483703613281,21.6885986328125
-45.0,-48.113529205322266,-2.807140350341797
94.0,90.20016479492188,18.984466552734375
-79.0,-89.00162506103516,-19.341386795043945
84.0,126.65036010742188,39.681396484375
-83.0,-111.08600616455078,-28.93897247314453
97.0,105.346435546875,42.09698486328125
-99.0,-130.9246826171875,-42.1180305480957
118.0,127.07998657226562,35.929840087890625
-109.0,-139.9981231689453,-30.794036865234375
97.0,108.8057861328125,8.9691162109375
-88.0,-106.23672485351562,-17.849403381347656
81.0,84.17626953125,18.46044921875
-79.0,-106.3227310180664,-16.77560043334961
74.0,59.664794921875,3.668548583984375
-91.0,-83.32605743408203,-12.39077377319336
-1.0,2.2916336059570312,-6.5360870361328125
0.0,0.43894004821777344,0.12834548950195312
-2.0,14.43453598022461,-0.4608898162841797
2.0,2.8776025772094727,0.0893411636352539
8.0,48.684051513671875,2.2124099731445312
-7.0,6.879465103149414,-0.22673606872558594
12.0,75.70059204101562,14.1285400390625
-20.0,1.2725830078125,-8.552978515625
15.0,36.027557373046875,-10.006134033203125
-6.0,-2.40948486328125,9.12298583984375
33.0,86.28213500976562,34.455047607421875
-34.0,-16.991546630859375,-14.851615905761719
14.0,48.070831298828125,16.51544189453125
-8.0,-24.15386962890625,-6.1516571044921875
15.0,56.15875244140625,4.439178466796875
-20.0,2.0253067016601562,-0.0654449462890625
55.0,105.11785888671875,7.230926513671875
-44.0,-34.53712463378906,-12.226974487304688
31.0,48.29351806640625,39.19140625
-31.0,-38.37933349609375,-11.436904907226562
28.0,53.730072021484375,31.667205810546875
-16.0,-11.641441345214844,-8.251983642578125
0.0,2.74267578125,1.0269012451171875
1.0,-0.04731559753417969,-0.15912246704101562
2.0,14.81047248840332,1.2602195739746094
-3.0,2.8870372772216797,0.6620988845825195
9.0,52.1007080078125,9.021591186523438
-5.0,0.9350776672363281,-1.420297622680664
5.0,85.07394409179688,12.496337890625
-14.0,2.209930419921875,-5.017311096191406
15.0,13.623199462890625,-0.830108642578125
-17.0,-5.037841796875,-6.01641845703125
29.0,69.16049194335938,24.605377197265625
-32.0,-4.657012939453125,-7.526527404785156
22.0,48.5538330078125,6.3846435546875
-25.0,-20.350791931152344,-5.470741271972656
41.0,67.55792236328125,12.100555419921875
-28.0,-8.263404846191406,-3.8852996826171875
95.0,99.00210571289062,11.75616455078125
-79.0,-36.50529479980469,-11.147491455078125
19.0,54.06072998046875,28.19036865234375
-36.0,-55.65394592285156,-18.723007202148438
29.0,59.343475341796875,36.233184814453125
-17.0,-6.925941467285156,-8.093498229980469
16.0,5.520538330078125,10.773834228515625
-16.0,-6.532923698425293,-3.2991867065429688
7.0,19.201831817626953,2.097482681274414
-6.0,-5.775077819824219,-0.7021484375
61.0,79.83601379394531,13.054458618164062
-56.0,-40.1226692199707,-7.908164978027344
67.0,122.29672241210938,63.4891357421875
-76.0,-70.35865783691406,-57.75927734375
92.0,80.41128540039062,99.57693481445312
-85.0,-68.336181640625,-80.78900146484375
75.0,118.17514038085938,58.50140380859375
-83.0,-84.77903747558594,-71.68382263183594
81.0,72.9188232421875,27.10321044921875
-80.0,-52.97831726074219,-39.56993865966797
92.0,134.26385498046875,48.002960205078125
-96.0,-87.68744659423828,-70.49964904785156
146.0,173.93994140625,75.18255615234375
-143.0,-92.11361694335938,-93.27705383300781
118.0,129.93017578125,126.963623046875
-106.0,-82.17044067382812,-79.45733642578125
96.0,89.11781311035156,97.88250732421875
-90.0,-71.82038116455078,-68.78071594238281
-1.0,2.9036941528320312,-3.8747100830078125
1.0,-0.006732940673828125,-0.5368156433105469
-2.0,11.455413818359375,1.2820758819580078
2.0,2.9844679832458496,0.6611166000366211
0.0,54.472747802734375,8.098831176757812
2.0,1.3354339599609375,-1.8083152770996094
15.0,80.30569458007812,16.526611328125
-21.0,1.7442855834960938,-4.298065185546875
9.0,31.216278076171875,2.85650634765625
-5.0,-13.199676513671875,-9.4239501953125
34.0,72.85733032226562,21.777496337890625
-30.0,-3.176483154296875,-9.569976806640625
24.0,60.322021484375,16.8961181640625
-20.0,-20.278915405273438,-7.129463195800781
30.0,72.82077026367188,6.8282470703125
-34.0,-14.187576293945312,-6.589775085449219
79.0,96.462646484375,0.6451416015625
-74.0,-23.779891967773438,-8.126907348632812
26.0,65.82275390625,46.7850341796875
-23.0,-41.767822265625,-16.73541259765625
33.0,54.406036376953125,26.989227294921875
-23.0,-11.491119384765625,-5.6541290283203125
6.0,5.251522064208984,3.1694259643554688
-9.0,-17.24764060974121,-4.8505401611328125
13.0,13.887321472167969,-0.4802436828613281
-14.0,-7.804620742797852,-1.7972173690795898
69.0,86.77605438232422,18.922012329101562
-69.0,-50.47775650024414,-11.565284729003906
92.0,164.68496704101562,82.7008056640625
-100.0,-107.89077758789062,-74.24295043945312
86.0,82.25698852539062,72.74749755859375
-88.0,-89.85264587402344,-76.1845703125
133.0,130.68356323242188,115.56204223632812
-137.0,-111.80946350097656,-111.4613037109375
129.0,114.546630859375,87.02471923828125
-120.0,-105.74411010742188,-90.73896026611328
137.0,152.3572998046875,62.38623046875
-149.0,-115.0910415649414,-90.63894653320312
133.0,189.62103271484375,108.265869140625
-136.0,-125.10572814941406,-141.8400421142578
128.0,134.58419799804688,140.6722412109375
-121.0,-82.28128051757812,-100.33837890625
107.0,103.42375183105469,124.48114013671875
-90.0,-84.9337387084961,-83.47357177734375
1.0,0.45104217529296875,7.56298828125
1.0,-0.4862556457519531,-0.28746795654296875
4.0,0.37593650817871094,1.721109390258789
-5.0,0.009434700012207031,0.5727577209472656
1.0,3.416656494140625,6.809181213378906
2.0,-5.944387435913086,-1.1935615539550781
-7.0,9.37335205078125,-1.6322021484375
6.0,0.937347412109375,3.5356674194335938
0.0,-22.40435791015625,9.176025390625
-11.0,-2.62835693359375,-15.139404296875
-4.0,-17.12164306640625,-9.84967041015625
2.0,12.33453369140625,7.3250885009765625
8.0,0.483001708984375,-10.13079833984375
-17.0,3.8030776977539062,0.6809158325195312
26.0,11.399169921875,7.661376953125
-8.0,-10.288711547851562,-3.819854736328125
40.0,-6.115753173828125,4.525238037109375
-35.0,-1.968170166015625,1.0794830322265625
-12.0,5.7672119140625,-11.00103759765625
-5.0,-17.274612426757812,-7.286102294921875
1.0,5.6134033203125,4.56597900390625
-1.0,4.7154998779296875,0.15848541259765625
17.0,3.2289047241210938,17.309921264648438
-16.0,-6.971863746643066,-3.427532196044922
9.0,4.767295837402344,2.5583724975585938
-8.0,-8.652680397033691,-0.7914896011352539
53.0,31.151962280273438,10.842048645019531
-49.0,-47.00213623046875,-7.681428909301758
55.0,46.59613037109375,49.360595703125
-56.0,-71.63124084472656,-49.206298828125
77.0,44.38372802734375,109.58306884765625
-79.0,-65.92669677734375,-89.9119873046875
42.0,31.89300537109375,24.046356201171875
-49.0,-67.78749084472656,-56.83220672607422
67.0,24.847991943359375,10.5877685546875
-72.0,-28.824447631835938,-33.41828155517578
77.0,78.1051025390625,43.56378173828125
-76.0,-89.71275329589844,-70.4342041015625
91.0,68.82208251953125,67.95162963867188
-99.0,-57.57649230957031,-81.05007934570312
87.0,81.63665771484375,87.772216796875
-75.0,-43.791107177734375,-68.02043151855469
68.0,35.38774108886719,66.21530151367188
-74.0,-60.17893981933594,-60.52873229980469
0.0,0.612060546875,2.661376953125
1.0,-0.44567298889160156,-0.6651611328125
0.0,-2.9791221618652344,1.7429656982421875
0.0,0.10686540603637695,0.5717754364013672
-8.0,5.7886962890625,5.886421203613281
9.0,-5.544031143188477,-1.5815792083740234
3.0,4.6051025390625,2.3980712890625
-1.0,0.47170257568359375,4.254913330078125
-6.0,-4.811279296875,12.862640380859375
1.0,-10.790191650390625,-18.54693603515625
1.0,-13.4248046875,-12.67755126953125
4.0,13.8150634765625,5.281639099121094
10.0,12.251190185546875,0.38067626953125
-12.0,3.8749542236328125,-0.9778060913085938
15.0,16.662017822265625,2.389068603515625
-14.0,-16.21288299560547,-6.524330139160156
24.0,-8.65521240234375,-6.585784912109375
-30.0,10.757232666015625,4.100067138671875
-5.0,17.52923583984375,7.5936279296875
8.0,-3.38848876953125,-5.2985076904296875
5.0,0.67596435546875,-4.677978515625
-7.0,0.15032196044921875,2.5978546142578125
7.0,2.959888458251953,9.705513000488281
-9.0,-17.686580657958984,-4.978885650634766
15.0,-0.5472145080566406,-0.019353866577148438
-16.0,-10.682223320007324,-1.8865585327148438
61.0,38.092002868652344,16.70960235595703
-62.0,-57.35722351074219,-11.33854866027832
80.0,88.984375,68.572265625
-80.0,-109.16336059570312,-65.68997192382812
71.0,46.22943115234375,82.75363159179688
-82.0,-87.44316101074219,-85.30755615234375
100.0,44.40142822265625,81.10699462890625
-103.0,-94.81791687011719,-96.60968780517578
115.0,66.47579956054688,70.50927734375
-112.0,-81.59024047851562,-84.5873031616211
122.0,96.19854736328125,57.947052001953125
-129.0,-117.11634826660156,-90.57350158691406
78.0,84.503173828125,101.03494262695312
-92.0,-90.568603515625,-129.61306762695312
97.0,86.29067993164062,101.4808349609375
-90.0,-43.901947021484375,-88.90147399902344
79.0,49.69367980957031,92.81393432617188
-74.0,-73.29229736328125,-75.22158813476562
16.0,2.777862548828125,9.746932983398438
-17.0,-6.485608100891113,-3.140064239501953
5.0,4.391359329223633,0.8372631072998047
-3.0,-8.662115097045898,-1.3642473220825195
52.0,27.735305786132812,4.032867431640625
-51.0,-41.05774688720703,-6.48786735534668
62.0,37.2227783203125,50.9927978515625
-62.0,-72.56858825683594,-52.741966247558594
77.0,66.7880859375,100.40704345703125
-68.0,-63.29833984375,-74.7725830078125
46.0,49.0146484375,33.896026611328125
-51.0,-80.12202453613281,-64.15729522705078
59.0,24.364990234375,20.71856689453125
-55.0,-32.627525329589844,-34.09919738769531
51.0,66.7059326171875,35.90240478515625
-68.0,-79.42404174804688,-66.61434936523438
51.0,74.93783569335938,63.4263916015625
-64.0,-55.60832214355469,-82.12956237792969
99.0,75.86944580078125,98.77325439453125
-70.0,-26.516494750976562,-60.73432922363281
67.0,29.774337768554688,61.649322509765625
-73.0,-64.89443969726562,-60.687217712402344
-1.0,0.16101837158203125,-4.901611328125
0.0,0.04058265686035156,-0.37769317626953125
-4.0,-3.3550586700439453,0.021856307983398438
5.0,0.09743070602416992,-0.0009822845458984375
-9.0,2.372039794921875,-0.922760009765625
7.0,0.4003562927246094,-0.3880176544189453
10.0,-4.76824951171875,4.0302734375
-7.0,-0.46564483642578125,0.7192459106445312
-6.0,17.59307861328125,3.686614990234375
12.0,-8.161834716796875,-3.40753173828125
5.0,3.69683837890625,-2.827880859375
2.0,1.48052978515625,-2.0434494018554688
2.0,11.7681884765625,10.511474609375
5.0,0.07187652587890625,-1.658721923828125
-11.0,5.262847900390625,-5.272308349609375
-6.0,-5.924171447753906,-2.7044754028320312
-16.0,-2.539459228515625,-11.11102294921875
5.0,12.72540283203125,3.0205841064453125
7.0,11.76202392578125,18.59466552734375
13.0,13.886123657226562,1.9875946044921875
4.0,-4.93743896484375,-9.24395751953125
-6.0,-4.565177917480469,2.4393692016601562
6.0,2.5088462829589844,2.1425247192382812
-10.0,-17.20032501220703,-4.691417694091797
11.0,-0.9231510162353516,-1.7404632568359375
-11.0,-10.691658020019531,-2.4593162536621094
60.0,34.67534637451172,9.900421142578125
-64.0,-51.41283416748047,-10.144987106323242
87.0,79.61102294921875,70.2044677734375
-86.0,-110.1007080078125,-69.22563934326172
71.0,68.6337890625,73.57760620117188
-71.0,-84.81480407714844,-70.16815185546875
104.0,61.5230712890625,90.9566650390625
-105.0,-107.15245056152344,-103.93477630615234
107.0,65.9927978515625,80.64007568359375
-95.0,-85.39331817626953,-85.26821899414062
96.0,84.79937744140625,50.285675048828125
-121.0,-106.82763671875,-86.75364685058594
38.0,90.61892700195312,96.50970458984375
-57.0,-88.60043334960938,-130.6925506591797
109.0,80.52346801757812,112.48187255859375
-85.0,-26.627334594726562,-81.61537170410156
78.0,44.08027648925781,88.24795532226562
-73.0,-78.00779724121094,-75.38007354736328
-17.0,-2.6168441772460938,-14.648544311523438
17.0,6.526190757751465,2.762371063232422
-9.0,-7.746417999267578,-0.8154067993164062
8.0,8.759546279907227,1.363265037536621
-61.0,-25.363265991210938,-4.95562744140625
58.0,41.45810317993164,6.099849700927734
-52.0,-41.99102783203125,-46.9625244140625
55.0,72.10294342041016,53.461212158203125
-83.0,-49.19500732421875,-96.72042846679688
80.0,55.136505126953125,71.36505126953125
-41.0,-45.31781005859375,-36.723907470703125
53.0,81.60255432128906,62.11384582519531
-57.0,-12.5968017578125,-10.20709228515625
60.0,32.69940185546875,32.44047546386719
-62.0,-61.443084716796875,-41.174713134765625
62.0,73.49987030029297,63.909873962402344
-67.0,-77.477294921875,-74.53741455078125
69.0,68.33372497558594,85.150146484375
-92.0,-64.107421875,-80.1785888671875
83.0,40.402618408203125,62.721923828125
-63.0,-34.71177673339844,-70.89328002929688
67.0,60.329261779785156,63.1265869140625
-10.0,-0.2690162658691406,-7.604408264160156
7.0,-10.714716911315918,-1.5513534545898438
6.0,-5.314510345458984,-2.577726364135742
-8.0,-2.029542922973633,-1.0950689315795898
8.0,6.940040588378906,5.8675537109375
-13.0,-10.355087280273438,-3.6571197509765625
25.0,42.38824462890625,19.211669921875
-24.0,-37.53211975097656,-16.483673095703125
-6.0,1.845703125,-26.829437255859375
-3.0,-21.516464233398438,4.60443115234375
58.0,12.5084228515625,57.060638427734375
-54.0,-27.030426025390625,-39.77748107910156
48.0,41.6278076171875,59.9215087890625
-40.0,-52.76579284667969,-51.16902160644531
45.0,18.09344482421875,14.383270263671875
-53.0,-27.403594970703125,-20.139297485351562
-13.0,15.68109130859375,33.08331298828125
7.0,-32.99211120605469,-48.56298828125
10.0,4.654022216796875,13.7086181640625
-15.0,-0.11083984375,-20.88104248046875
11.0,14.305938720703125,26.5986328125
0.0,-13.113357543945312,-14.692855834960938
7.0,2.347827911376953,7.044136047363281
-10.0,-17.240907669067383,-4.313724517822266
15.0,2.4319076538085938,-1.762319564819336
-16.0,-10.78908920288086,-2.458333969116211
69.0,32.303306579589844,10.82318115234375
-71.0,-51.81319046020508,-9.756969451904297
77.0,84.3792724609375,66.1741943359375
-79.0,-109.63506317138672,-69.94488525390625
77.0,51.04071044921875,69.8909912109375
-83.0,-76.65296936035156,-66.7606201171875
99.0,57.82623291015625,93.7845458984375
-107.0,-108.63298034667969,-101.89132690429688
105.0,54.224609375,70.12860107421875
-100.0,-85.46519470214844,-83.6094970703125
107.0,79.53652954101562,55.5579833984375
-115.0,-100.9034652709961,-84.0491714477539
54.0,93.15838623046875,107.6207275390625
-62.0,-101.32583618164062,-133.713134765625
102.0,68.76144409179688,93.88720703125
-98.0,-40.513458251953125,-83.60296630859375
74.0,49.01771545410156,97.49191284179688
-67.0,-73.44261932373047,-77.81944274902344
4.0,6.555633544921875,1.0719070434570312
-2.0,0.39277076721191406,0.6654491424560547
-1.0,9.866216659545898,-1.7966651916503906
-1.0,-0.15546321868896484,0.4084482192993164
7.0,26.29827117919922,-2.0257110595703125
-5.0,7.928098678588867,0.9853839874267578
4.0,28.736343383789062,-3.31768798828125
-6.0,-1.0386505126953125,2.1670608520507812
26.0,73.30126953125,14.880462646484375
-18.0,-18.822677612304688,-10.811561584472656
39.0,66.3643798828125,13.182037353515625
-34.0,-8.782501220703125,-5.4853363037109375
15.0,63.862579345703125,14.740966796875
-22.0,-13.178909301757812,-8.8067626953125
24.0,42.09613037109375,9.641357421875
-33.0,-9.90087890625,-2.9022064208984375
56.0,90.64520263671875,18.589935302734375
-52.0,-38.42955017089844,-13.041526794433594
37.0,69.68630981445312,17.321868896484375
-32.0,-13.720474243164062,1.0384368896484375
6.0,51.031829833984375,22.796417236328125
-1.0,-8.975639343261719,-1.0603179931640625
0.0,4.30316162109375,-4.139595031738281
-1.0,0.7298727035522461,0.5383472442626953
1.0,10.452194213867188,-0.19039535522460938
-1.0,0.6742110252380371,0.5226821899414062
2.0,24.872543334960938,0.839691162109375
2.0,5.254093170166016,1.9504146575927734
6.0,29.023101806640625,-5.9792633056640625
-12.0,-0.4928398132324219,1.0516281127929688
21.0,70.29214477539062,8.892333984375
-16.0,-6.060462951660156,-4.366691589355469
30.0,61.152557373046875,3.414154052734375
-26.0,-4.6039276123046875,-0.422607421875
26.0,78.33328247070312,26.47723388671875
-20.0,-17.186386108398438,-12.815765380859375
21.0,49.058074951171875,16.73046875
-28.0,-10.825759887695312,-9.239967346191406
56.0,86.55023193359375,27.48602294921875
-50.0,-38.93446350097656,-14.375091552734375
33.0,73.77056884765625,20.830291748046875
-33.0,-15.154449462890625,0.16062164306640625
12.0,50.15435791015625,16.613739013671875
-9.0,-9.709709167480469,-5.3996124267578125
19.0,6.335487365722656,8.848472595214844
-15.0,-9.807851791381836,-7.87006950378418
4.0,12.384025573730469,-0.5896682739257812
-6.0,-9.739611625671387,-1.9559764862060547
22.0,32.97059631347656,8.231033325195312
-20.0,-13.09206771850586,-4.767509460449219
57.0,35.2027587890625,1.090240478515625
-57.0,-34.567169189453125,-25.268028259277344
88.0,139.75,83.15203857421875
-74.0,-103.02909851074219,-94.93708801269531
99.0,132.78115844726562,92.81536865234375
-88.0,-96.42255401611328,-119.26376342773438
97.0,105.75631713867188,51.3277587890625
-107.0,-79.04969787597656,-84.71503448486328
106.0,109.69601440429688,48.303619384765625
-113.0,-106.29154968261719,-99.62089538574219
106.0,162.762451171875,64.85028076171875
-110.0,-114.56202697753906,-98.15540313720703
127.0,150.562255859375,90.75637817382812
-117.0,-87.89852905273438,-82.75584411621094
74.0,104.2640380859375,78.83273315429688
-62.0,-100.6581039428711,-87.94671630859375
11.0,11.226470947265625,7.740081787109375
-5.0,-0.10142707824707031,-2.0429954528808594
3.0,11.070772171020508,2.196805953979492
-2.0,-0.023981094360351562,0.889195442199707
-1.0,23.610389709472656,2.109771728515625
3.0,3.7038116455078125,0.41086769104003906
-2.0,26.045074462890625,-0.1778564453125
1.0,0.18429946899414062,2.264801025390625
22.0,71.59808349609375,12.00799560546875
-13.0,-9.42724609375,-9.633308410644531
30.0,65.83029174804688,19.099365234375
-26.0,-11.441352844238281,-16.69635009765625
18.0,68.4051513671875,24.87969970703125
-22.0,-16.849197387695312,-14.769447326660156
17.0,54.83233642578125,10.690521240234375
-32.0,-19.044113159179688,-12.167266845703125
66.0,101.06961059570312,26.39923095703125
-62.0,-60.21394348144531,-20.81525421142578
32.0,83.047119140625,22.806304931640625
-23.0,-26.129409790039062,0.1459197998046875
20.0,50.801177978515625,12.137908935546875
-15.0,-6.326942443847656,0.0717315673828125
21.0,20.592323303222656,18.85228729248047
-19.0,-28.022493362426758,-12.956645965576172
9.0,16.869922637939453,3.8903350830078125
-9.0,-15.202973365783691,-2.209959030151367
30.0,42.01133728027344,3.7977218627929688
-27.0,-16.470813751220703,-4.132131576538086
75.0,62.82011413574219,20.117965698242188
-72.0,-68.14596557617188,-45.40692901611328
105.0,149.6160888671875,117.78631591796875
-93.0,-121.1822509765625,-132.89649963378906
130.0,142.34915161132812,117.11495971679688
-127.0,-116.62036895751953,-148.17410278320312
115.0,130.78900146484375,108.33804321289062
-107.0,-108.67446899414062,-139.33526611328125
121.0,135.22711181640625,98.61224365234375
-129.0,-122.39006042480469,-140.30996704101562
134.0,195.70159912109375,144.47427368164062
-141.0,-157.2764129638672,-165.80572509765625
118.0,168.31439208984375,102.78854370117188
-112.0,-114.62702941894531,-96.529296875
90.0,110.34451293945312,85.75103759765625
-81.0,-101.84578704833984,-93.31771850585938
-4.0,-2.252471923828125,-5.2115020751953125
1.0,0.33710193634033203,-0.12710189819335938
2.0,0.5859775543212891,1.6062698364257812
0.0,0.829674243927002,0.11423397064208984
-5.0,-1.4257278442382812,2.8654022216796875
7.0,-2.6740055084228516,0.9650306701660156
2.0,0.2867584228515625,-2.6615753173828125
-6.0,0.5458106994628906,-1.1154327392578125
-5.0,-3.009124755859375,-5.988128662109375
2.0,12.762214660644531,6.4448699951171875
-9.0,-5.211822509765625,-9.76788330078125
8.0,4.1785736083984375,5.0627288818359375
11.0,14.470703125,11.73626708984375
2.0,-4.007476806640625,-4.009002685546875
-3.0,6.961944580078125,7.089111328125
5.0,-0.9248809814453125,-6.337760925292969
0.0,-4.094970703125,8.896087646484375
2.0,-0.504913330078125,-1.3335647583007812
-4.0,4.084259033203125,3.5084228515625
-1.0,-1.4339752197265625,-0.8778152465820312
6.0,-0.877471923828125,-6.18267822265625
-8.0,-0.73406982421875,-4.33929443359375
15.0,-0.22014617919921875,7.7765655517578125
-13.0,-10.20062255859375,-8.535518646240234
5.0,2.5178089141845703,1.2069969177246094
-5.0,-9.584148406982422,-2.364424705505371
15.0,6.672325134277344,10.256744384765625
-15.0,-21.020166397094727,-5.752893447875977
53.0,6.4664154052734375,4.407928466796875
-51.0,-33.52851867675781,-27.435089111328125
62.0,66.44873046875,68.27157592773438
-56.0,-84.2064208984375,-84.12552642822266
60.0,66.41677856445312,79.63333129882812
-54.0,-87.64005279541016,-113.77842712402344
82.0,41.89373779296875,36.5867919921875
-85.0,-65.87078857421875,-75.90827178955078
82.0,67.59988403320312,38.662261962890625
-80.0,-96.39067077636719,-96.71868896484375
50.0,72.11724853515625,46.260345458984375
-58.0,-76.13247680664062,-85.11387634277344
90.0,80.87594604492188,73.43450927734375
-85.0,-74.17805480957031,-83.79428100585938
68.0,53.232208251953125,56.03631591796875
-61.0,-91.68246459960938,-86.88639831542969
7.0,4.67083740234375,6.668174743652344
-3.0,-0.4941978454589844,-2.708444595336914
4.0,1.2045555114746094,3.993471145629883
-1.0,0.13148212432861328,0.4807472229003906
-8.0,-2.6878814697265625,4.1354827880859375
8.0,-4.224287033081055,-0.5745162963867188
-6.0,-2.6912689208984375,3.13983154296875
7.0,1.2229499816894531,0.09774017333984375
-4.0,-1.70318603515625,-2.872467041015625
5.0,9.395431518554688,1.178253173828125
-9.0,-0.534088134765625,5.917327880859375
8.0,-2.6588516235351562,-11.211013793945312
3.0,4.542572021484375,10.13873291015625
0.0,-3.6702880859375,-5.962684631347656
-7.0,12.7362060546875,1.049163818359375
1.0,-9.143234252929688,-9.265060424804688
10.0,10.424407958984375,7.809295654296875
-10.0,-21.784393310546875,-7.7737274169921875
-5.0,13.360809326171875,5.48443603515625
9.0,-12.408935546875,-0.89251708984375
14.0,-0.23065185546875,-10.65850830078125
-14.0,2.6486968994140625,1.132049560546875
17.0,14.036689758300781,17.780380249023438
-17.0,-28.415264129638672,-13.622095108032227
10.0,7.003705978393555,5.687000274658203
-8.0,-15.047510147094727,-2.6184072494506836
23.0,15.713066101074219,5.823432922363281
-22.0,-24.39891242980957,-5.117515563964844
71.0,34.083770751953125,23.435653686523438
-66.0,-67.10731506347656,-47.57398986816406
79.0,76.3148193359375,102.90585327148438
-75.0,-102.35957336425781,-122.0849380493164
91.0,75.98477172851562,103.93292236328125
-93.0,-107.8378677368164,-142.6887664794922
100.0,66.92642211914062,93.59707641601562
-85.0,-95.49555969238281,-130.52850341796875
97.0,93.1309814453125,88.97088623046875
-96.0,-112.48918151855469,-137.4077606201172
78.0,105.056396484375,125.88433837890625
-89.0,-118.84686279296875,-152.76419067382812
81.0,98.62808227539062,85.4666748046875
-80.0,-100.90655517578125,-97.56773376464844
84.0,59.31268310546875,62.954620361328125
-80.0,-92.87014770507812,-92.25740051269531
19.0,2.0323257446289062,12.988067626953125
-14.0,-10.537724494934082,-8.408416748046875
3.0,1.9318313598632812,-0.3992729187011719
-5.0,-10.413822174072266,-2.478658676147461
20.0,8.098052978515625,7.3913421630859375
-22.0,-18.346160888671875,-6.717924118041992
51.0,6.179656982421875,7.0695037841796875
-45.0,-34.0743293762207,-26.319656372070312
67.0,69.45785522460938,74.25970458984375
-58.0,-96.96863555908203,-90.57039642333984
69.0,71.62860107421875,89.40121459960938
-62.0,-91.8186264038086,-118.84115600585938
71.0,27.42303466796875,24.85052490234375
-87.0,-61.863311767578125,-71.8992691040039
85.0,60.637939453125,31.573150634765625
-85.0,-95.46578979492188,-90.38092803955078
50.0,76.21221923828125,37.3642578125
-60.0,-75.6275634765625,-83.78031158447266
94.0,76.79168701171875,69.92608642578125
-84.0,-72.74407958984375,-82.91646575927734
62.0,54.10968017578125,62.218994140625
-53.0,-90.94839477539062,-82.54710388183594
11.0,6.923309326171875,11.879676818847656
-4.0,-0.8312997817993164,-2.5813426971435547
2.0,0.6185779571533203,2.3872013092041016
-1.0,-0.6981921195983887,0.3665132522583008
-3.0,-1.2621536254882812,1.27008056640625
1.0,-1.5502815246582031,-1.5395469665527344
-8.0,-2.97802734375,5.8014068603515625
13.0,0.6771392822265625,1.2131729125976562
1.0,1.305938720703125,3.11566162109375
3.0,-3.3667831420898438,-5.2666168212890625
0.0,4.677734375,15.685211181640625
0.0,-6.837425231933594,-16.27374267578125
-8.0,-9.928131103515625,-1.5975341796875
-2.0,0.337188720703125,-1.9536819458007812
-4.0,5.774261474609375,-6.039947509765625
-4.0,-8.218353271484375,-2.9272994995117188
10.0,14.519378662109375,-1.0867919921875
-12.0,-21.27947998046875,-6.440162658691406
-1.0,9.27655029296875,1.97601318359375
10.0,-10.974960327148438,-0.01470184326171875
8.0,0.646820068359375,-4.475830078125
-6.0,3.3827667236328125,5.471343994140625
21.0,16.289161682128906,22.99188232421875
-18.0,-28.752365112304688,-13.494993209838867
8.0,6.417728424072266,4.080730438232422
-8.0,-15.87718391418457,-2.7326412200927734
28.0,17.1387939453125,2.9580307006835938
-29.0,-21.72490692138672,-6.082546234130859
69.0,33.79701232910156,26.09722900390625
-60.0,-67.65312194824219,-46.45855712890625
84.0,79.32394409179688,108.89398193359375
-77.0,-115.12178802490234,-128.52981567382812
100.0,81.19659423828125,113.7008056640625
-101.0,-112.01644134521484,-147.75149536132812
89.0,52.455718994140625,81.86080932617188
-87.0,-91.48808288574219,-126.51949310302734
100.0,86.16903686523438,81.88177490234375
-101.0,-111.56430053710938,-131.07000732421875
78.0,109.1513671875,116.98825073242188
-91.0,-118.34194946289062,-151.43063354492188
85.0,94.5438232421875,81.958251953125
-79.0,-99.47257995605469,-96.6899185180664
78.0,60.190155029296875,69.13729858398438
-72.0,-92.13607788085938,-87.91810607910156
-8.0,4.890983581542969,-1.1083908081054688
10.0,9.706424713134766,5.82707405090332
-1.0,-1.313253402709961,2.7864742279052734
4.0,9.715630531311035,2.8451719284057617
-23.0,-9.360206604003906,-6.1212615966796875
23.0,16.795879364013672,5.178377151489258
-59.0,-9.157684326171875,-1.268096923828125
58.0,34.751468658447266,27.53282928466797
-66.0,-68.15191650390625,-71.14404296875
61.0,93.60185241699219,85.30377960205078
-69.0,-66.95086669921875,-73.71600341796875
62.0,84.981201171875,102.56741333007812
-79.0,-37.351165771484375,-26.44805908203125
85.0,62.20050048828125,69.94558715820312
-89.0,-54.863677978515625,-37.61309814453125
81.0,87.2474365234375,87.45362854003906
-40.0,-61.692840576171875,-38.4510498046875
48.0,54.34808349609375,77.34014892578125
-95.0,-67.51513671875,-67.9500732421875
94.0,61.76911926269531,82.90176391601562
-54.0,-53.462860107421875,-66.69482421875
47.0,94.33116149902344,88.01844787597656
2.0,14.2568359375,10.003814697265625
-4.0,-18.214641571044922,-5.086576461791992
5.0,4.485897064208984,4.480003356933594
-3.0,-5.463361740112305,-0.2539825439453125
8.0,9.040740966796875,-4.433311462402344
-7.0,-3.3787460327148438,0.6353778839111328
18.0,27.617355346679688,19.027725219726562
-15.0,-33.57879638671875,-20.138900756835938
17.0,9.8660888671875,34.63427734375
-19.0,-18.153152465820312,-37.95941162109375
31.0,9.5679931640625,24.299591064453125
-39.0,-20.19781494140625,-28.91033935546875
18.0,25.032684326171875,57.010284423828125
0.0,-29.624771118164062,-54.62022399902344
15.0,25.531097412109375,50.308624267578125
-16.0,-16.0985107421875,-40.68907165527344
28.0,32.93914794921875,79.62399291992188
-31.0,-42.714385986328125,-67.65031433105469
-9.0,17.75213623046875,12.03216552734375
5.0,-26.728500366210938,-13.773452758789062
16.0,6.080474853515625,6.918304443359375
-19.0,-1.18768310546875,-5.371002197265625
10.0,9.365852355957031,11.112205505371094
-14.0,-27.921066284179688,-10.913650512695312
6.0,5.799150466918945,1.6935291290283203
-7.0,-15.17899227142334,-3.099154472351074
31.0,18.40094757080078,1.6879501342773438
-30.0,-20.174625396728516,-4.542999267578125
77.0,36.77503967285156,20.295822143554688
-73.0,-68.33026123046875,-47.671730041503906
83.0,78.01800537109375,105.7783203125
-80.0,-111.7550048828125,-123.26319122314453
100.0,76.51885986328125,98.01559448242188
-101.0,-105.17901611328125,-131.47775268554688
97.0,62.38385009765625,83.45834350585938
-85.0,-91.82527160644531,-124.56581115722656
104.0,80.394775390625,87.92172241210938
-97.0,-103.345947265625,-128.1427001953125
68.0,94.63198852539062,118.07504272460938
-79.0,-97.06246948242188,-144.99046325683594
86.0,85.26727294921875,79.98223876953125
-89.0,-88.49761962890625,-96.67521667480469
70.0,59.5433349609375,73.61312866210938
-66.0,-95.51884460449219,-93.38945007324219
3.0,5.558967590332031,0.3458375930786133
-3.0,0.9869980812072754,0.12479352951049805
2.0,6.607444763183594,0.6838953495025635
-1.0,1.5077252388000488,0.0021631717681884766
-2.0,14.27994155883789,-0.17095232009887695
1.0,4.83247184753418,0.6018648147583008
-9.0,11.302032470703125,-1.6528739929199219
6.0,1.42193603515625,2.0807361602783203
-2.0,12.47857666015625,-6.2106170654296875
-1.0,-2.983366012573242,3.1664810180664062
5.0,38.90061950683594,8.707229614257812
-6.0,-0.36532020568847656,0.7335319519042969
4.0,35.6488037109375,11.128288269042969
-5.0,-1.236292839050293,0.09293842315673828
0.0,34.97053527832031,6.964664459228516
-3.0,-0.5059013366699219,-0.822566032409668
3.0,-1.90435791015625,4.529533386230469
-8.0,-8.669437408447266,-1.4179534912109375
-1.0,17.557022094726562,14.186386108398438
-8.0,-9.15522575378418,-4.07933235168457
4.0,15.067947387695312,3.9857254028320312
-3.0,0.2629079818725586,1.0359001159667969
2.0,4.9661054611206055,0.08760929107666016
-2.0,1.0969289541244507,0.10671281814575195
2.0,5.970766067504883,0.5211827754974365
-3.0,1.5773077011108398,-0.004743814468383789
3.0,17.434104919433594,0.7670302391052246
-3.0,1.8212289810180664,0.4777064323425293
-2.0,18.493789672851562,-0.94207763671875
-4.0,1.7032432556152344,1.9887828826904297
-1.0,26.103836059570312,0.122802734375
-4.0,-7.226343154907227,0.6520156860351562
11.0,35.056915283203125,8.4749755859375
-9.0,0.5043573379516602,-0.9688529968261719
11.0,33.75578308105469,6.046077728271484
-14.0,-0.4747333526611328,0.4858226776123047
12.0,48.967620849609375,15.160953521728516
-14.0,-2.888641357421875,-2.3686723709106445
6.0,1.672576904296875,12.118408203125
-10.0,-12.843677520751953,-2.9502334594726562
13.0,7.2596435546875,1.8719940185546875
-18.0,-4.479875564575195,0.6781330108642578
10.0,16.481056213378906,12.633533477783203
-5.0,0.5531301498413086,0.5555210113525391
5.0,6.4689178466796875,0.6371088027954102
-5.0,0.13235139846801758,0.13593792915344238
3.0,7.985204696655273,0.7137846946716309
-2.0,0.5843274593353271,-0.04676961898803711
14.0,15.692520141601562,0.7149863243103027
-9.0,2.3256607055664062,0.32526159286499023
12.0,50.01814270019531,5.470375061035156
-17.0,-32.06695556640625,-0.1548786163330078
15.0,36.297332763671875,14.572280883789062
-14.0,-18.485563278198242,-11.482521057128906
20.0,40.9554443359375,5.3583526611328125
-24.0,-10.554906845092773,-4.095726013183594
28.0,52.35408020019531,6.1608734130859375
-29.0,-16.74001121520996,-1.047867774963379
36.0,61.54930114746094,7.268531799316406
-38.0,-21.059904098510742,-3.173293113708496
28.0,17.44744873046875,-3.0583038330078125
-41.0,-33.59331130981445,-3.255859375
27.0,33.608123779296875,22.097625732421875
-30.0,-27.950960159301758,-11.172723770141602
19.0,40.310028076171875,19.078632354736328
-22.0,-18.763874053955078,-2.7427444458007812
2.0,4.7616472244262695,0.2840080261230469
-2.0,0.9414659738540649,0.12259912490844727
0.0,8.095477104187012,0.10732364654541016
-1.0,0.8767790794372559,0.020717859268188477
-3.0,13.385700225830078,-2.563047409057617
-2.0,2.864837646484375,-0.3259091377258301
4.0,11.8240966796875,-4.160514831542969
-7.0,1.9249897003173828,1.9268245697021484
10.0,22.523666381835938,-0.5629959106445312
-12.0,-2.2393417358398438,3.204986572265625
7.0,36.60935974121094,4.530670166015625
-6.0,1.0585975646972656,0.9122943878173828
11.0,38.29811096191406,12.147605895996094
-8.0,-1.5663909912109375,-0.09328746795654297
6.0,36.24736022949219,10.57717514038086
-7.0,-0.47800350189208984,-1.0589666366577148
15.0,9.50628662109375,15.600753784179688
-11.0,-12.114513397216797,-3.6428489685058594
-2.0,17.936370849609375,6.960693359375
-4.0,-5.804708480834961,-0.0029621124267578125
7.0,17.750022888183594,13.020339965820312
-6.0,0.174163818359375,0.5617465972900391
8.0,10.520406723022461,0.8761391639709473
-8.0,-1.1625630855560303,0.19068312644958496
6.0,7.463342666625977,-0.19851899147033691
-7.0,0.5207853317260742,-0.09074640274047852
26.0,25.136648178100586,-0.5148797035217285
-23.0,-6.575155258178711,0.6228466033935547
9.0,47.54158020019531,6.120323181152344
-15.0,-35.62450408935547,-2.014080047607422
20.0,52.304107666015625,12.255332946777344
-27.0,-35.256614685058594,-17.010337829589844
23.0,52.86970520019531,3.2530975341796875
-31.0,-17.264066696166992,-3.4249610900878906
39.0,58.715126037597656,7.0186614990234375
-41.0,-24.349517822265625,-2.740046501159668
32.0,74.91816711425781,9.499465942382812
-29.0,-34.55531311035156,-3.37973690032959
33.0,38.603118896484375,19.246002197265625
-37.0,-46.95492172241211,-8.950271606445312
39.0,46.85400390625,19.918746948242188
-40.0,-35.920372009277344,-12.272966384887695
21.0,39.420379638671875,18.265762329101562
-19.0,-14.420796394348145,-2.0844249725341797
-1.0,-0.5928621292114258,-0.2582283020019531
1.0,0.10993087291717529,-0.018080711364746094
0.0,-0.6366786956787109,-0.16271257400512695
-2.0,0.06958246231079102,-0.006906986236572266
5.0,3.154163360595703,0.9379825592041016
-4.0,-3.0112428665161133,-0.12415838241577148
7.0,7.1917572021484375,0.7107963562011719
-10.0,0.2813072204589844,-0.09195327758789062
1.0,13.625259399414062,6.3334197998046875
-3.0,-4.242977142333984,-2.51446533203125
6.0,-3.8437042236328125,-0.2322540283203125
-3.0,0.8696775436401367,-1.7023849487304688
7.0,-1.8930206298828125,-5.082210540771484
-9.0,0.7615594863891602,0.3928842544555664
12.0,13.997085571289062,8.1962890625
-11.0,-2.382740020751953,-1.5461063385009766
3.0,3.576934814453125,7.588874816894531
-2.0,-4.1742401123046875,-1.5322799682617188
14.0,-10.297378540039062,-12.31439208984375
-10.0,4.675350189208984,4.757465362548828
6.0,1.4131088256835938,8.647808074951172
-2.0,0.29022216796875,-0.4803791046142578
2.0,0.9099502563476562,0.2912712097167969
-2.0,-0.8546466827392578,0.011144399642944336
1.0,1.3777599334716797,0.029889345169067383
-1.0,-0.9233977794647217,-0.048932790756225586
16.0,1.4125785827636719,0.8859386444091797
-10.0,-2.5068111419677734,-0.27660322189331055
21.0,38.71611022949219,7.123249053955078
-23.0,-33.4888916015625,-2.235614776611328
17.0,23.818756103515625,20.78289794921875
-13.0,-15.502197265625,-14.649002075195312
15.0,2.0548248291015625,-3.348876953125
-18.0,-10.189586639404297,-4.829257965087891
24.0,16.705276489257812,-4.967414855957031
-24.0,-15.503718376159668,-1.1408061981201172
36.0,26.578765869140625,0.3038673400878906
-35.0,-20.55400276184082,-2.350727081298828
25.0,19.351806640625,-7.587837219238281
-33.0,-24.923873901367188,-1.8379058837890625
28.0,16.051101684570312,7.9112396240234375
-22.0,-18.795734405517578,-7.093391418457031
15.0,25.242080688476562,15.092906951904297
-19.0,-19.026782989501953,-3.778644561767578
-1.0,-0.7973203659057617,-0.061829566955566406
1.0,-0.04553210735321045,-0.0021944046020507812
-2.0,1.488032341003418,-0.5765717029571533
0.0,-0.630946159362793,0.0185546875
-1.0,-0.8942413330078125,-2.3920950889587402
-3.0,-1.9676342010498047,-0.9277739524841309
13.0,0.522064208984375,-2.507640838623047
-13.0,0.5030536651611328,-0.15391159057617188
12.0,10.045089721679688,5.647621154785156
-11.0,0.7440242767333984,0.03850555419921875
2.0,-2.291259765625,-4.1765594482421875
0.0,1.4239177703857422,0.17876243591308594
7.0,2.6493072509765625,1.019317626953125
-3.0,-0.33009815216064453,-0.18622589111328125
6.0,1.276824951171875,3.6125106811523438
-4.0,0.02789783477783203,-0.23640060424804688
12.0,11.41064453125,11.071220397949219
-3.0,-3.4450759887695312,-2.224895477294922
-1.0,0.3793487548828125,-7.2256927490234375
4.0,3.3505172729492188,4.0763702392578125
3.0,2.6820755004882812,9.034614562988281
-3.0,-0.0887441635131836,-0.4741535186767578
5.0,4.96143913269043,0.530301570892334
-5.0,-2.1495611667633057,0.06588959693908691
4.0,0.8558979034423828,-0.8824143409729004
-6.0,-0.9869399070739746,-0.09290957450866699
28.0,10.856706619262695,-0.34392738342285156
-24.0,-11.40762710571289,0.020981788635253906
18.0,36.23954772949219,7.773197174072266
-21.0,-37.04644012451172,-4.094816207885742
22.0,39.825531005859375,18.46595001220703
-26.0,-32.27324676513672,-20.17681884765625
18.0,13.969085693359375,-5.454132080078125
-25.0,-16.898746490478516,-4.1584930419921875
35.0,23.066322326660156,-4.109626770019531
-36.0,-23.113224029541016,-2.8329849243164062
32.0,39.9476318359375,2.534801483154297
-26.0,-34.049415588378906,-2.557170867919922
30.0,40.507476806640625,14.716468811035156
-29.0,-38.285484313964844,-7.532318115234375
40.0,29.296981811523438,5.73236083984375
-32.0,-26.765148162841797,-8.193634033203125
17.0,24.352432250976562,14.280036926269531
-16.0,-14.683704376220703,-3.1203250885009766
3.0,1.502812385559082,0.54949951171875
-3.0,-0.9645775556564331,0.02922511100769043
1.0,2.0144386291503906,0.19260191917419434
1.0,-0.9929802417755127,-0.04202580451965332
11.0,-1.7415847778320312,-0.052043914794921875
-6.0,0.5044317245483398,-0.15244483947753906
14.0,31.52435302734375,6.412452697753906
-13.0,-33.77020263671875,-2.1436614990234375
16.0,10.193496704101562,14.449478149414062
-10.0,-11.259220123291016,-12.134536743164062
9.0,5.898529052734375,-3.1166229248046875
-15.0,-11.059264183044434,-3.126873016357422
17.0,18.598297119140625,0.11479568481445312
-15.0,-16.265277862548828,-1.5336904525756836
24.0,12.581680297851562,-7.892421722412109
-24.0,-18.171262741088867,-0.8046207427978516
22.0,15.774871826171875,-15.176712036132812
-31.0,-20.7496337890625,-0.30562591552734375
14.0,26.348480224609375,20.225631713867188
-12.0,-23.471084594726562,-11.85085678100586
9.0,23.82897186279297,6.445098876953125
-17.0,-19.317005157470703,-3.2982654571533203
0.0,-0.20445823669433594,0.19639873504638672
0.0,-0.15546298027038574,0.015886306762695312
-2.0,2.124711036682129,-0.41385912895202637
2.0,-0.700528621673584,0.025461673736572266
-6.0,-4.048404693603516,-3.330077648162842
1.0,1.0436086654663086,-0.8036155700683594
6.0,-6.6696929931640625,-3.2184371948242188
-3.0,0.22174644470214844,-0.06195831298828125
11.0,-3.580169677734375,-0.6857986450195312
-8.0,4.987001419067383,2.5529708862304688
-4.0,1.5524444580078125,-3.944305419921875
3.0,0.5542402267456055,1.8811473846435547
0.0,4.542327880859375,6.101528167724609
6.0,-1.0916576385498047,-0.5791101455688477
-6.0,-12.720260620117188,-4.583778381347656
7.0,2.410637855529785,1.3097057342529297
9.0,7.833709716796875,3.4823455810546875
-1.0,0.7291641235351562,-0.6926155090332031
-15.0,10.676727294921875,5.0886993408203125
14.0,-1.3248329162597656,-0.6810951232910156
-3.0,1.2689666748046875,0.3868064880371094
-1.0,-0.3789663314819336,0.0062255859375
6.0,5.5543012619018555,0.7885298728942871
-6.0,-2.2594919204711914,0.08397030830383301
4.0,1.4925765991210938,-0.7197017669677734
-4.0,-1.0565223693847656,-0.08600258827209473
23.0,7.702543258666992,-1.2819099426269531
-20.0,-8.396384239196777,0.1451401710510254
11.0,29.04779052734375,7.062400817871094
-11.0,-37.32774353027344,-4.002862930297852
21.0,26.200271606445312,12.132530212402344
-23.0,-28.030269622802734,-17.662353515625
12.0,17.812789916992188,-5.2218780517578125
-22.0,-17.76842498779297,-2.4561080932617188
28.0,24.95934295654297,0.9725837707519531
-27.0,-23.874784469604492,-3.2258691787719727
20.0,25.950546264648438,-5.661487579345703
-15.0,-31.66667366027832,-1.0110645294189453
27.0,36.9305419921875,7.127593994140625
-27.0,-34.111244201660156,-6.000038146972656
26.0,39.5943603515625,18.0467529296875
-22.0,-31.44049835205078,-12.951099395751953
11.0,22.93932342529297,5.632228851318359
-14.0,-14.973926544189453,-2.6399459838867188
-3.0,-1.707270622253418,-0.3531007766723633
3.0,0.8091145753860474,-0.013338804244995117
-3.0,0.11027240753173828,-0.6064610481262207
1.0,0.2924516201019287,0.06748747825622559
-17.0,-2.3068199157714844,-3.27803373336792
7.0,0.5391769409179688,-0.6511707305908203
-8.0,-38.19404602050781,-9.630889892578125
10.0,33.991947174072266,2.0817031860351562
-5.0,-13.773666381835938,-15.135276794433594
2.0,16.2462215423584,14.687507629394531
-13.0,-4.3460845947265625,-0.8276824951171875
18.0,11.613504409790039,5.008020401000977
-17.0,-14.05596923828125,5.986732482910156
21.0,15.173620223999023,0.9545803070068359
-30.0,-25.30194091796875,3.308643341064453
31.0,20.58190155029297,2.1143264770507812
-13.0,-7.941162109375,18.6590576171875
30.0,21.478797912597656,-0.3869895935058594
-29.0,-15.6717529296875,-15.136932373046875
26.0,22.146251678466797,11.169761657714844
-12.0,-22.56000518798828,-6.058292388916016
16.0,18.938037872314453,3.3044910430908203
3.0,4.051488876342773,0.2390303611755371
-3.0,-1.2949144840240479,0.05474519729614258
3.0,-0.5218620300292969,-0.9123036861419678
-5.0,-0.06354212760925293,-0.043976783752441406
12.0,9.444128036499023,-1.2298660278320312
-14.0,-8.900815963745117,0.29758501052856445
-3.0,-2.4765625,0.6499481201171875
2.0,-3.557544708251953,-1.859201431274414
5.0,16.00677490234375,-2.3169479370117188
-13.0,-16.77104949951172,-5.5278167724609375
3.0,11.914260864257812,-2.105255126953125
-7.0,-6.709159851074219,0.6707649230957031
11.0,6.361045837402344,0.8577880859375
-12.0,-7.609506607055664,-1.692178726196289
-4.0,13.368865966796875,2.2309341430664062
9.0,-13.495410919189453,-0.20644378662109375
5.0,21.155670166015625,22.304306030273438
4.0,-13.361610412597656,-5.6944122314453125
12.0,13.245880126953125,-2.1788787841796875
-10.0,-7.969413757324219,-1.1002426147460938
2.0,-0.8896484375,-0.8128700256347656
3.0,4.34307861328125,0.6583194732666016
6.0,5.758759498596191,0.5921311378479004
-6.0,-2.1040291786193848,0.0680840015411377
6.0,-0.6321344375610352,-0.30584263801574707
-6.0,-0.35599374771118164,-0.11146426200866699
29.0,11.750947952270508,2.0481677055358887
-21.0,-9.439992904663086,0.9487557411193848
5.0,35.71748352050781,10.280838012695312
-8.0,-37.54949188232422,-3.9409046173095703
10.0,29.780441284179688,12.818328857421875
-15.0,-33.01727294921875,-20.21532440185547
16.0,16.260345458984375,-1.2775726318359375
-25.0,-18.322664260864258,-4.337255477905273
28.0,20.417015075683594,-5.128944396972656
-33.0,-22.783126831054688,-2.646759033203125
26.0,38.670806884765625,-1.0777091979980469
-22.0,-34.07731246948242,-2.320770263671875
18.0,29.096832275390625,3.6452484130859375
-26.0,-34.84040832519531,-5.307422637939453
41.0,28.917633056640625,12.958053588867188
-36.0,-30.115665435791016,-12.270004272460938
14.0,21.67035675048828,5.24542236328125
-13.0,-14.59496021270752,-2.6461715698242188
2.0,3.743743896484375,0.9159660339355469
-2.0,-0.16308212280273438,0.10361528396606445
0.0,1.8184232711791992,0.005947113037109375
0.0,-0.10178995132446289,0.009609580039978027
3.0,10.457212448120117,0.7181572914123535
0.0,0.8259696960449219,0.062497854232788086
-1.0,23.33111572265625,-4.371669769287109
-2.0,1.0486392974853516,0.8716583251953125
-7.0,27.833297729492188,3.5952110290527344
4.0,1.7170591354370117,-0.20064449310302734
-4.0,30.105384826660156,-2.059276580810547
0.0,3.1137514114379883,1.5303010940551758
1.0,26.235397338867188,3.5295791625976562
-5.0,2.4851808547973633,1.4007034301757812
3.0,39.173583984375,1.3715171813964844
-3.0,0.14975452423095703,0.1163949966430664
4.0,30.253036499023438,0.722625732421875
-3.0,0.7450466156005859,0.9051437377929688
-1.0,21.179397583007812,14.787185668945312
2.0,-1.4633712768554688,-0.7834815979003906
3.0,29.833091735839844,10.793815612792969
1.0,0.592705249786377,0.24475765228271484
1.0,2.6297874450683594,1.0871400833129883
-1.0,0.1668332815170288,0.029371976852416992
0.0,1.3178486824035645,-0.10123348236083984
0.0,0.013561725616455078,-0.0062149763107299805
-2.0,8.915485382080078,1.3555240631103516
2.0,1.2079544067382812,0.10678243637084961
-3.0,18.505592346191406,-6.265422821044922
-5.0,0.3140430450439453,0.6027240753173828
-4.0,29.24944305419922,2.597370147705078
3.0,1.48699951171875,-0.21747970581054688
0.0,30.147018432617188,-4.086223602294922
-2.0,3.384906768798828,1.2004623413085938
3.0,22.21497344970703,0.21131134033203125
-6.0,2.6081295013427734,1.5207023620605469
6.0,43.862876892089844,8.950111389160156
-3.0,-0.7923412322998047,-0.7715492248535156
3.0,27.937789916992188,6.311424255371094
-1.0,-1.2075614929199219,-0.9915981292724609
-3.0,15.809494018554688,2.645416259765625
-1.0,0.6138687133789062,1.1689453125
-3.0,32.63841247558594,8.754753112792969
5.0,-0.482236385345459,-0.04897117614746094
3.0,5.591428756713867,0.027742385864257812
-5.0,-2.0610384941101074,-0.12022733688354492
4.0,0.3670206069946289,-0.3229408264160156
-4.0,0.5757718086242676,-0.046610236167907715
6.0,11.748653411865234,0.7517423629760742
-5.0,-1.5533452033996582,-0.037903785705566406
7.0,23.112281799316406,-5.252283096313477
-12.0,-1.3592700958251953,-0.06983470916748047
15.0,31.779632568359375,4.948093414306641
-20.0,-3.875199317932129,-1.5981101989746094
24.0,44.18096160888672,2.1190452575683594
-25.0,-6.394330024719238,-1.6989402770996094
43.0,42.489013671875,11.151397705078125
-39.0,-7.730491638183594,-2.871530532836914
24.0,74.39723205566406,15.323795318603516
-19.0,-21.43440055847168,-5.165760040283203
25.0,56.11766815185547,10.58984375
-27.0,-14.644258499145508,-4.667058944702148
34.0,74.72407531738281,28.554092407226562
-29.0,-30.321979522705078,-6.952079772949219
29.0,46.466827392578125,14.833259582519531
-23.0,-7.0244855880737305,-1.2365913391113281
3.0,4.2652130126953125,2.228480339050293
-2.0,-0.27454066276550293,0.023859024047851562
0.0,0.08200645446777344,-0.0335003137588501
0.0,0.4615898132324219,-0.004224658012390137
-1.0,8.98893928527832,-0.42687416076660156
2.0,1.4494960308074951,-0.03452754020690918
-3.0,25.336196899414062,-0.08512687683105469
-2.0,-0.66082763671875,0.5760784149169922
-3.0,33.9136962890625,11.204906463623047
3.0,1.9193916320800781,-0.9522466659545898
-2.0,31.04175567626953,-2.2476768493652344
0.0,3.331979751586914,1.799142837524414
-2.0,22.789459228515625,2.1977005004882812
-4.0,1.982834815979004,0.846435546875
2.0,45.87543487548828,0.7569046020507812
0.0,0.18074512481689453,0.36736011505126953
2.0,35.813140869140625,12.723861694335938
-3.0,-0.57635498046875,-2.442342758178711
4.0,19.992919921875,5.1800537109375
-1.0,2.5193538665771484,2.6105728149414062
-4.0,29.580238342285156,10.249576568603516
3.0,0.5746860504150391,0.7213306427001953
7.0,7.3187713623046875,-0.9472665786743164
-11.0,-4.645263195037842,-0.2428603172302246
1.0,1.9635086059570312,-0.2432692050933838
-1.0,-0.24105572700500488,-0.01112377643585205
6.0,18.025190353393555,0.626868724822998
-7.0,-5.615618705749512,0.10108470916748047
19.0,39.09117126464844,-3.8143882751464844
-21.0,-9.512371063232422,-0.12305545806884766
28.0,43.03352355957031,6.891330718994141
-31.0,-6.8201904296875,-1.8572072982788086
29.0,58.713523864746094,2.0834884643554688
-35.0,-19.248207092285156,-3.3941497802734375
34.0,53.44831848144531,9.095710754394531
-33.0,-17.649232864379883,-4.44697380065918
41.0,82.03430938720703,15.471992492675781
-39.0,-36.179412841796875,-7.049070358276367
36.0,84.9537353515625,15.385444641113281
-37.0,-34.62668991088867,-7.193597793579102
41.0,71.74388122558594,16.409530639648438
-41.0,-34.81576156616211,-4.793186187744141
37.0,63.436256408691406,25.32565689086914
-27.0,-17.85749053955078,-2.8780555725097656
-1.0,-1.1139564514160156,0.1711740493774414
1.0,0.3299154043197632,-0.07424330711364746
0.0,-0.5005745887756348,-0.10718059539794922
0.0,0.11535167694091797,-0.015824556350708008
-5.0,-1.541727066040039,0.637366771697998
2.0,0.3819847106933594,0.04428458213806152
-2.0,-4.825523376464844,-1.8937530517578125
-3.0,-0.7345962524414062,-0.2689342498779297
3.0,1.4161453247070312,-0.9978408813476562
-1.0,-0.23005962371826172,-0.01683521270751953
4.0,0.04163360595703125,-2.026947021484375
-2.0,0.27115535736083984,-0.32983875274658203
2.0,-4.020423889160156,-3.318267822265625
-1.0,0.12294864654541016,0.11999893188476562
3.0,4.689292907714844,7.578594207763672
0.0,-0.9420957565307617,-0.887944221496582
-1.0,-2.31524658203125,5.588798522949219
2.0,-1.9526081085205078,-1.8967418670654297
-2.0,-5.369903564453125,-12.141769409179688
-3.0,2.077239990234375,1.9524269104003906
-6.0,2.8053207397460938,-2.0390625
4.0,-1.074941635131836,-0.2937288284301758
1.0,1.8476848602294922,-0.8882236480712891
-3.0,-1.897956371307373,-0.22384262084960938
4.0,-1.4514026641845703,-0.328887939453125
-4.0,0.6775617599487305,-0.05621981620788574
3.0,1.2914409637451172,0.0335850715637207
-5.0,-2.37931489944458,-0.10040163993835449
8.0,-0.21883392333984375,-0.8806133270263672
-10.0,-2.407909393310547,-0.941493034362793
22.0,3.9463348388671875,1.3528823852539062
-24.0,-5.592258453369141,-1.397465705871582
28.0,14.075576782226562,4.178321838378906
-25.0,-9.508081436157227,-3.229241371154785
42.0,16.253616333007812,7.621818542480469
-34.0,-10.215672492980957,-4.272233963012695
21.0,35.22364807128906,13.952278137207031
-16.0,-21.584156036376953,-5.2821550369262695
21.0,25.86463165283203,9.867218017578125
-24.0,-15.389305114746094,-5.572202682495117
35.0,53.544677734375,13.76690673828125
-31.0,-28.85860824584961,-6.168598175048828
26.0,16.63373565673828,4.0394439697265625
-24.0,-7.617190837860107,-1.481348991394043
1.0,0.5214691162109375,1.312514305114746
0.0,-0.11145853996276855,-0.07975625991821289
0.0,-1.7364168167114258,-0.03944742679595947
0.0,0.5633797645568848,-0.013834238052368164
-4.0,-1.4682731628417969,-1.145031452178955
2.0,0.6235263347625732,-0.09702539443969727
-2.0,2.0050811767578125,4.286542892456055
0.0,-1.7094669342041016,-0.2955799102783203
4.0,6.0803985595703125,7.6096954345703125
-1.0,0.2023324966430664,-0.7516021728515625
2.0,0.936370849609375,-0.1884002685546875
0.0,0.21822834014892578,0.2688417434692383
-3.0,-3.4459381103515625,-1.331878662109375
1.0,-0.5023460388183594,-0.5542678833007812
-1.0,6.701850891113281,-0.6146125793457031
3.0,0.0309906005859375,0.2509651184082031
-2.0,5.5601043701171875,12.001235961914062
0.0,-1.321401596069336,-3.3474864959716797
5.0,-1.1864776611328125,-9.607131958007812
-3.0,3.982725143432617,3.394054412841797
-7.0,-0.2528533935546875,-0.5442390441894531
2.0,-0.01801919937133789,0.47657299041748047
5.0,3.5750274658203125,-1.8632326126098633
-9.0,-4.482181072235107,-0.34647560119628906
1.0,0.14508533477783203,-0.24921631813049316
-1.0,-0.139265775680542,-0.020733356475830078
3.0,7.5679779052734375,-0.09128856658935547
-7.0,-6.441588401794434,0.03858685493469238
20.0,15.760055541992188,0.557281494140625
-19.0,-10.561010360717773,-0.9947137832641602
35.0,15.200225830078125,3.2961196899414062
-35.0,-8.537249565124512,-1.6565628051757812
33.0,28.608139038085938,4.142765045166016
-35.0,-22.361957550048828,-4.924450874328613
33.0,27.212921142578125,5.566131591796875
-28.0,-20.134414672851562,-5.847677230834961
38.0,42.86072540283203,14.100475311279297
-36.0,-36.32917022705078,-7.165465354919434
32.0,54.70069885253906,14.662818908691406
-34.0,-35.371734619140625,-8.09874153137207
42.0,50.564483642578125,1.622344970703125
-43.0,-33.35239028930664,-4.00970458984375
34.0,33.60316467285156,14.531841278076172
-28.0,-18.4501953125,-3.1228132247924805
2.0,2.961641311645508,-1.0593976974487305
-4.0,-2.227871894836426,-0.14959931373596191
4.0,-0.9508280754089355,-0.22170734405517578
-4.0,0.5622100830078125,-0.040395259857177734
8.0,2.8331680297851562,-0.6037817001342773
-7.0,-2.7612996101379395,-0.14468622207641602
10.0,4.606689453125,1.0131397247314453
-7.0,-1.6733131408691406,-0.6725587844848633
19.0,2.5301895141601562,2.3507232666015625
-23.0,-5.362198829650879,-1.3806304931640625
24.0,14.033943176269531,6.205268859863281
-23.0,-9.779236793518066,-2.899402618408203
40.0,20.27404022216797,10.940086364746094
-33.0,-10.338621139526367,-4.392232894897461
18.0,30.53435516357422,6.373683929443359
-16.0,-20.642059326171875,-4.3942108154296875
22.0,28.17987823486328,4.278419494628906
-26.0,-13.436697006225586,-3.6754608154296875
37.0,58.914581298828125,25.908676147460938
-28.0,-30.935848236083984,-8.121025085449219
32.0,13.828414916992188,6.0785064697265625
-28.0,-6.5422492027282715,-1.1876201629638672
2.0,1.6354255676269531,1.1413402557373047
-1.0,-0.44137394428253174,-0.00551295280456543
0.0,-1.235842227935791,0.06773316860198975
0.0,0.4480280876159668,0.0019903182983398438
1.0,0.07345390319824219,-1.7823982238769531
0.0,0.24154162406921387,-0.1413099765777588
0.0,6.830604553222656,6.180295944213867
3.0,-0.9748706817626953,-0.026645660400390625
1.0,4.664253234863281,8.607536315917969
0.0,0.4323921203613281,-0.734766960144043
-2.0,0.8947372436523438,1.8385467529296875
2.0,-0.05292701721191406,0.5986804962158203
-5.0,0.5744857788085938,1.98638916015625
2.0,-0.6252946853637695,-0.6742668151855469
-4.0,2.0125579833984375,-8.193206787109375
3.0,0.9730863571166992,1.1389093399047852
-1.0,7.8753509521484375,6.412437438964844
-2.0,0.6312065124511719,-1.45074462890625
7.0,4.1834259033203125,2.534637451171875
0.0,1.9054851531982422,1.4416275024414062
-1.0,-3.0581741333007812,1.4948234558105469
-2.0,1.056922435760498,0.7703018188476562
6.0,4.688983917236328,-2.0344066619873047
-10.0,-4.81209659576416,-0.2722322940826416
1.0,0.6456599235534668,-0.14203572273254395
-1.0,-0.25461745262145996,-0.00490880012512207
8.0,9.109704971313477,-0.7286553382873535
-9.0,-6.823573112487793,-0.005697727203369141
22.0,20.58557891845703,2.4510345458984375
-16.0,-9.826414108276367,-0.7257795333862305
32.0,13.784080505371094,4.2939605712890625
-34.0,-8.30718994140625,-1.6397275924682617
29.0,28.566505432128906,6.169712066650391
-33.0,-22.633113861083984,-4.594612121582031
31.0,31.23334503173828,8.8843994140625
-27.0,-20.257362365722656,-5.967676162719727
35.0,38.17143249511719,6.521881103515625
-36.0,-35.3870735168457,-6.277521133422852
33.0,57.01594543457031,9.074020385742188
-36.0,-33.41912841796875,-6.201999664306641
44.0,55.93438720703125,13.764114379882812
-40.0,-35.429630279541016,-5.962131500244141
40.0,30.79784393310547,16.570903778076172
-32.0,-17.375253677368164,-2.8290843963623047
0.0,-1.3262157440185547,2.200737953186035
3.0,1.7864978313446045,0.14408636093139648
-4.0,-0.28501415252685547,0.2894405126571655
4.0,-0.1141819953918457,0.04238557815551758
-7.0,-2.759714126586914,-1.1786165237426758
7.0,3.0028412342071533,0.0033762454986572266
-10.0,2.2239151000976562,5.167156219482422
10.0,0.6984424591064453,0.6459131240844727
-18.0,2.134063720703125,6.256813049316406
23.0,5.794590950012207,0.6458635330200195
-26.0,-13.139205932617188,-4.366722106933594
25.0,9.726309776306152,3.4980831146240234
-45.0,-19.699554443359375,-8.953697204589844
35.0,9.713326454162598,3.717966079711914
-22.0,-28.52179718017578,-14.566890716552734
19.0,21.61514663696289,5.533120155334473
-23.0,-20.304527282714844,2.1340179443359375
24.0,14.067903518676758,2.2247161865234375
-30.0,-54.73115539550781,-23.374038696289062
28.0,32.841331481933594,9.562652587890625
-33.0,-16.88658905029297,-4.583683013916016
26.0,7.5991716384887695,1.9579219818115234
4.0,1.7273426055908203,-0.9750089645385742
-6.0,-2.5842247009277344,-0.12263298034667969
-3.0,1.5964879989624023,0.07967162132263184
3.0,-0.8168275356292725,0.035486459732055664
0.0,6.27653694152832,-0.12487363815307617
-2.0,-4.0622735023498535,0.13898849487304688
12.0,15.978889465332031,1.4378948211669922
-9.0,-8.153100967407227,-0.05322074890136719
13.0,11.253890991210938,1.9432373046875
-11.0,-2.944991111755371,-0.2590970993041992
5.0,14.532562255859375,-0.035556793212890625
-10.0,-12.853876113891602,-1.6952095031738281
-9.0,10.959304809570312,-2.0556869506835938
6.0,-9.918741226196289,-1.5754432678222656
17.0,7.637077331542969,0.14819717407226562
-20.0,-14.745014190673828,-1.883310317993164
11.0,28.83606719970703,4.795600891113281
-10.0,-19.982431411743164,-2.526538848876953
7.0,-2.980194091796875,-12.144561767578125
-12.0,-4.493782043457031,2.158893585205078
8.0,16.96942901611328,10.49239730834961
-4.0,-10.833003997802734,-1.6414642333984375
4.0,3.053558349609375,-3.1757469177246094
-9.0,-4.370722770690918,-0.26671934127807617
1.0,1.8815021514892578,-0.2097688913345337
-1.0,-0.7026455402374268,-0.006899118423461914
7.0,9.036251068115234,1.0537428855895996
-9.0,-7.065114974975586,0.13561224937438965
22.0,13.754974365234375,-3.7292613983154297
-19.0,-8.851543426513672,-0.6991338729858398
31.0,9.119827270507812,-4.313575744628906
-34.0,-8.739582061767578,-0.9049606323242188
31.0,27.671768188476562,4.331165313720703
-35.0,-22.580184936523438,-5.193292617797852
36.0,30.658859252929688,6.89801025390625
-29.0,-19.632068634033203,-5.29340934753418
39.0,36.15887451171875,14.715087890625
-39.0,-36.36016082763672,-7.416430473327637
34.0,49.140594482421875,2.6615829467773438
-34.0,-34.05033493041992,-4.751255035400391
37.0,51.75096130371094,11.229476928710938
-40.0,-37.335113525390625,-7.403759002685547
41.0,33.85601806640625,15.076080322265625
-30.0,-18.432174682617188,-3.599386215209961
0.0,2.0177650451660156,-0.8989009857177734
0.0,0.11423635482788086,-0.1574549674987793
2.0,6.661592483520508,1.1331477165222168
0.0,1.4558041095733643,0.13687419891357422
-5.0,32.58502960205078,4.78973388671875
4.0,2.7067909240722656,0.2018451690673828
0.0,9.081512451171875,-0.8998260498046875
0.0,2.4770946502685547,1.71728515625
6.0,29.78668212890625,4.8736419677734375
-2.0,2.4271774291992188,3.340831756591797
8.0,39.188873291015625,10.47418212890625
-8.0,-0.21793365478515625,1.1045265197753906
14.0,52.12373352050781,9.929244995117188
-6.0,-1.4432086944580078,1.1405220031738281
10.0,50.158294677734375,5.46282958984375
-3.0,-2.1039581298828125,-1.8107833862304688
34.0,-6.669342041015625,21.579605102539062
-39.0,-13.123680114746094,-1.8201942443847656
22.0,34.770050048828125,37.247894287109375
-26.0,-21.69031524658203,-12.791252136230469
5.0,46.791839599609375,6.804931640625
-9.0,0.4005928039550781,1.649820327758789
3.0,4.920478820800781,1.049285888671875
-2.0,-0.2474212646484375,0.05850362777709961
-1.0,6.910680770874023,-0.8035778999328613
0.0,-0.6042580604553223,0.023664236068725586
-4.0,27.40478515625,2.1719970703125
4.0,3.1578826904296875,-0.03633880615234375
0.0,21.948501586914062,7.0028228759765625
9.0,1.3873882293701172,0.7694454193115234
13.0,25.55517578125,0.050750732421875
-2.0,3.3205604553222656,-1.7000923156738281
14.0,39.53941345214844,15.247222900390625
-9.0,-2.8885555267333984,-0.22425460815429688
5.0,34.8271484375,7.9535369873046875
-4.0,0.7459373474121094,0.2562713623046875
5.0,51.362579345703125,9.902435302734375
3.0,-1.8633346557617188,-0.9940452575683594
56.0,-0.61212158203125,29.78204345703125
-49.0,-19.143280029296875,-4.611946105957031
24.0,43.99139404296875,43.48432922363281
-27.0,-34.28215789794922,-14.915557861328125
7.0,51.13043212890625,15.551666259765625
-6.0,-0.31626319885253906,-1.001718521118164
8.0,2.5613441467285156,0.17448711395263672
-6.0,-0.3500218391418457,-0.027875185012817383
4.0,11.798422813415527,0.3833765983581543
-2.0,-3.395608425140381,0.17628788948059082
18.0,51.51624298095703,9.378604888916016
-16.0,-14.078170776367188,-0.6272706985473633
46.0,80.64814758300781,20.837966918945312
-53.0,-74.15540313720703,-7.615884780883789
61.0,46.822265625,10.949722290039062
-47.0,-25.21617889404297,-13.925533294677734
60.0,92.98820495605469,32.247222900390625
-61.0,-48.432640075683594,-18.726268768310547
45.0,97.16354370117188,21.751800537109375
-37.0,-47.6113395690918,-7.015842437744141
47.0,80.235595703125,0.9410400390625
-48.0,-52.3291130065918,-11.61269760131836
74.0,78.03585815429688,58.52806091308594
-83.0,-92.52227783203125,-26.16949462890625
45.0,53.657501220703125,41.98515319824219
-50.0,-49.468223571777344,-23.918663024902344
41.0,75.08016967773438,36.855804443359375
-44.0,-35.29765701293945,-6.15526008605957
1.0,2.077251434326172,-0.3956451416015625
-2.0,0.3917880058288574,0.016826629638671875
1.0,5.013065338134766,0.8073277473449707
1.0,1.2325637340545654,-0.08872556686401367
-5.0,30.025779724121094,0.8132171630859375
2.0,4.085679054260254,-0.058730125427246094
2.0,13.815231323242188,0.2801666259765625
-2.0,0.2806816101074219,0.37894248962402344
6.0,37.20123291015625,14.528610229492188
-2.0,2.0851974487304688,-1.0513992309570312
4.0,34.487884521484375,3.153076171875
-7.0,-2.0280685424804688,1.0500411987304688
7.0,41.337799072265625,5.0413818359375
-8.0,1.5846004486083984,2.0333118438720703
19.0,55.82408142089844,16.010025024414062
-10.0,-2.3053321838378906,-3.3384666442871094
39.0,15.52398681640625,30.76617431640625
-41.0,-18.15192413330078,-6.039970397949219
7.0,48.48077392578125,53.633148193359375
-8.0,-27.731895446777344,-17.501251220703125
14.0,47.66912841796875,17.077346801757812
-11.0,1.5244684219360352,0.7288112640380859
7.0,8.35556411743164,0.3052940368652344
-5.0,-5.175796985626221,-0.22438907623291016
9.0,7.176227569580078,-0.4106898307800293
-8.0,-0.7097582817077637,-0.20543861389160156
25.0,64.25468444824219,7.99970817565918
-28.0,-28.356435775756836,-0.9240903854370117
55.0,89.01809692382812,27.44219207763672
-56.0,-88.31427764892578,-10.936609268188477
88.0,97.07955932617188,31.025497436523438
-82.0,-62.158973693847656,-24.293811798095703
61.0,105.27813720703125,38.0234375
-62.0,-65.95540618896484,-20.80152130126953
71.0,99.44477844238281,19.582199096679688
-60.0,-61.30104446411133,-10.605606079101562
83.0,114.41807556152344,27.515342712402344
-76.0,-76.95005798339844,-19.465221405029297
80.0,81.52877807617188,53.736541748046875
-86.0,-110.99964904785156,-30.080642700195312
69.0,78.00946044921875,59.83314514160156
-62.0,-79.46810150146484,-22.928207397460938
53.0,88.44573974609375,51.343849182128906
-53.0,-40.181549072265625,-8.604787826538086
3.0,2.9027137756347656,1.9481868743896484
-2.0,-0.36165761947631836,0.2159585952758789
-3.0,0.24908828735351562,-1.9367256164550781
0.0,-2.0600621700286865,-0.11320996284484863
1.0,-5.180244445800781,-2.61773681640625
0.0,0.4510917663574219,-0.23818397521972656
0.0,12.866989135742188,7.90264892578125
9.0,-1.0897064208984375,-0.9478397369384766
7.0,-4.23150634765625,-4.8228912353515625
0.0,0.8933830261230469,-5.040924072265625
6.0,0.3505401611328125,4.773040771484375
-1.0,-2.670621871948242,-1.3287811279296875
-9.0,-17.296585083007812,-1.9757080078125
2.0,2.189146041870117,-0.8842506408691406
-5.0,1.20428466796875,4.439605712890625
6.0,0.24062347412109375,0.8167381286621094
22.0,6.057220458984375,8.202438354492188
-10.0,-6.019599914550781,-2.7917518615722656
2.0,9.221343994140625,6.2364349365234375
-1.0,-12.591842651367188,-2.1243057250976562
2.0,4.338592529296875,8.746734619140625
3.0,-0.7168560028076172,-2.651538848876953
8.0,0.5435791015625,1.0733880996704102
-6.0,-0.46425819396972656,0.12957978248596191
2.0,5.1368303298950195,-0.7497711181640625
-2.0,-4.851412773132324,0.0394136905670166
23.0,18.93121337890625,4.588871002197266
-20.0,-16.784961700439453,-0.8291158676147461
46.0,71.56663513183594,21.73779296875
-53.0,-76.63249969482422,-9.333169937133789
55.0,17.03558349609375,6.076080322265625
-45.0,-27.643356323242188,-17.26636505126953
52.0,53.79933166503906,21.773040771484375
-53.0,-48.21470642089844,-19.830795288085938
31.0,45.03981018066406,11.822555541992188
-31.0,-46.168128967285156,-8.156364440917969
37.0,30.077301025390625,-4.52178955078125
-45.0,-50.225154876708984,-9.80191421508789
40.0,84.7052001953125,36.948455810546875
-44.0,-79.39859771728516,-24.349300384521484
23.0,18.887451171875,4.7372589111328125
-24.0,-27.777908325195312,-11.127410888671875
36.0,28.288330078125,30.050872802734375
-35.0,-35.69824981689453,-7.805080413818359
1.0,0.05948638916015625,0.5032558441162109
-2.0,0.27755165100097656,0.17428159713745117
-1.0,-1.6485271453857422,-0.3258199691772461
1.0,-0.22324037551879883,-0.2255997657775879
0.0,-2.5592498779296875,-3.9765167236328125
-2.0,1.3788881301879883,-0.2605752944946289
2.0,4.7337188720703125,1.17999267578125
-2.0,-2.196413040161133,-1.3383426666259766
0.0,7.41455078125,9.65496826171875
0.0,-0.34197998046875,-4.392230987548828
-4.0,-4.70098876953125,-7.32110595703125
1.0,-1.8101348876953125,-0.054485321044921875
-7.0,-10.785934448242188,-4.8878631591796875
-2.0,3.0278091430664062,0.8927898406982422
9.0,5.6657867431640625,10.547195434570312
-7.0,-0.20137405395507812,-1.5276832580566406
5.0,22.193328857421875,9.186569213867188
-2.0,-5.0282440185546875,-4.219776153564453
-15.0,13.710723876953125,16.38525390625
18.0,-6.0415802001953125,-4.709999084472656
9.0,0.877288818359375,10.272415161132812
-2.0,1.123875617980957,-0.9210090637207031
7.0,6.337799072265625,1.2041950225830078
-5.0,-5.290033340454102,-0.06693410873413086
7.0,0.5146350860595703,-1.543837547302246
-8.0,-2.165562391281128,-0.3423128128051758
30.0,31.669654846191406,3.2099742889404297
-32.0,-31.0632266998291,-1.1259355545043945
55.0,79.93658447265625,28.342018127441406
-56.0,-90.79137420654297,-12.653894424438477
82.0,67.29287719726562,26.15185546875
-80.0,-64.58615112304688,-27.6346435546875
53.0,66.08926391601562,27.54925537109375
-54.0,-65.73747253417969,-21.906047821044922
57.0,47.321044921875,9.6529541015625
-54.0,-59.85783386230469,-11.74612808227539
73.0,64.25978088378906,22.052513122558594
-73.0,-74.84609985351562,-17.654438018798828
46.0,88.1981201171875,32.15693664550781
-47.0,-97.87596893310547,-28.260448455810547
47.0,43.239410400390625,22.585250854492188
-36.0,-57.77778625488281,-10.136955261230469
48.0,41.653900146484375,44.538917541503906
-44.0,-40.5821418762207,-10.254608154296875
5.0,-2.3591346740722656,-0.8747987747192383
-4.0,-0.1026005744934082,-0.08637881278991699
5.0,4.887742042541504,1.1869544982910156
-2.0,-2.7913503646850586,0.15262365341186523
22.0,24.11145782470703,7.206607818603516
-20.0,-17.236053466796875,-0.5909318923950195
46.0,58.69964599609375,13.83514404296875
-62.0,-75.54279327392578,-8.385330200195312
48.0,21.26708984375,10.898971557617188
-45.0,-28.536739349365234,-12.225440979003906
46.0,53.44879150390625,17.0
-52.0,-45.54408264160156,-18.50201416015625
40.0,62.336395263671875,13.798263549804688
-33.0,-48.357276916503906,-7.272113800048828
42.0,28.873016357421875,-8.961395263671875
-51.0,-50.46577835083008,-10.61865234375
18.0,78.64797973632812,28.746017456054688
-34.0,-73.37899780273438,-21.55754852294922
21.0,9.666107177734375,-1.499176025390625
-23.0,-15.186065673828125,-9.003105163574219
34.0,23.949737548828125,21.30413818359375
-38.0,-34.98139190673828,-5.153541564941406
-2.0,-2.8432273864746094,-1.4449310302734375
0.0,0.6392092704772949,-0.041676998138427734
2.0,-1.8976154327392578,1.610905647277832
1.0,1.8368217945098877,-0.11238980293273926
-1.0,2.6209945678710938,-1.3587799072265625
-2.0,0.9277963638305664,-0.022391319274902344
2.0,-8.133270263671875,-6.72265625
-11.0,-1.1067066192626953,-0.3905029296875
-7.0,11.64605712890625,14.477859497070312
0.0,-1.2353630065917969,0.6486930847167969
-10.0,-5.0515289306640625,-12.094146728515625
2.0,0.8604869842529297,1.2742958068847656
2.0,6.510650634765625,-2.9121551513671875
-4.0,0.8386631011962891,1.7770404815673828
14.0,4.4615020751953125,6.1075897216796875
-13.0,-0.4419975280761719,-2.34442138671875
-17.0,16.1361083984375,0.984130859375
8.0,0.9913558959960938,-1.4280242919921875
-17.0,4.4893798828125,10.148818969726562
19.0,6.550262451171875,-2.585693359375
7.0,-3.4613037109375,1.5256805419921875
-5.0,1.8407316207885742,1.73052978515625
4.0,3.4350852966308594,-0.7439918518066406
-3.0,-4.928375720977783,-0.28289270401000977
10.0,0.2655467987060547,0.39288806915283203
-8.0,-0.1055002212524414,-0.22910284996032715
29.0,36.84989929199219,5.82771110534668
-32.0,-31.514318466186523,-0.887751579284668
55.0,67.06959533691406,20.439369201660156
-65.0,-89.70166778564453,-11.7060546875
75.0,71.52438354492188,30.974746704101562
-80.0,-65.47953796386719,-22.593719482421875
47.0,65.73872375488281,22.776214599609375
-53.0,-63.06684875488281,-20.577266693115234
66.0,64.61763000488281,11.628662109375
-56.0,-62.04698181152344,-10.86187744140625
78.0,63.05549621582031,17.61290740966797
-79.0,-75.08671569824219,-18.471176147460938
24.0,82.14089965820312,23.954498291015625
-37.0,-91.85636901855469,-25.46869659423828
45.0,34.01806640625,16.34881591796875
-35.0,-45.185943603515625,-8.012649536132812
46.0,37.3153076171875,35.79218292236328
-47.0,-39.86528778076172,-7.603069305419922
-7.0,-0.48409271240234375,-0.5701322555541992
4.0,0.7418098449707031,0.04470181465148926
-3.0,-6.785357475280762,0.4239511489868164
3.0,4.628171920776367,-0.2650134563446045
-23.0,-21.490463256835938,-8.565387725830078
18.0,18.163848876953125,0.5685405731201172
-44.0,-66.83291625976562,-20.55780029296875
51.0,74.43608856201172,7.9948272705078125
-55.0,-9.62103271484375,3.578887939453125
45.0,27.301376342773438,12.874134063720703
-56.0,-58.50032043457031,-29.094146728515625
54.0,46.404571533203125,19.776309967041016
-38.0,-55.82574462890625,-16.710418701171875
29.0,49.19593811035156,9.049154281616211
-28.0,-24.411514282226562,15.068984985351562
38.0,50.023780822753906,8.27423095703125
-35.0,-62.511871337890625,-27.761886596679688
42.0,74.37035369873047,20.12952423095703
-38.0,-5.176727294921875,11.647994995117188
42.0,21.736328125,6.417411804199219
-27.0,-27.411041259765625,-19.778457641601562
33.0,36.82212448120117,6.884071350097656
-1.0,5.794219970703125,0.13080692291259766
1.0,-4.825775146484375,-0.19651389122009277
5.0,-4.622195243835449,-0.7940664291381836
-6.0,2.685850143432617,-0.3817265033721924
7.0,12.738441467285156,-1.378896713256836
-12.0,-14.278264999389648,-0.29681968688964844
9.0,8.369949340820312,6.604225158691406
-3.0,-14.15887451171875,-3.3207244873046875
27.0,50.257293701171875,20.075775146484375
-35.0,-36.94279479980469,-10.368278503417969
1.0,12.289932250976562,5.776214599609375
-1.0,-17.52276611328125,-2.0752525329589844
26.0,2.2812347412109375,-2.1696014404296875
-23.0,-13.689704895019531,-3.589763641357422
36.0,34.18247985839844,26.574302673339844
-28.0,-24.620941162109375,-7.8525238037109375
6.0,3.492919921875,-4.7915191650390625
-3.0,-18.477371215820312,-3.9111480712890625
24.0,24.351959228515625,17.847991943359375
-12.0,-29.9998779296875,0.9904556274414062
12.0,13.365570068359375,14.488044738769531
-9.0,-4.883892059326172,-2.4495277404785156
6.0,6.278312683105469,0.7009391784667969
-3.0,-5.567584991455078,-0.24121570587158203
8.0,2.1631622314453125,-1.218017578125
-9.0,-1.942322015762329,-0.11671304702758789
30.0,34.228904724121094,7.186491012573242
-30.0,-32.442115783691406,-0.8653602600097656
53.0,75.20286560058594,27.162025451660156
-54.0,-88.59496307373047,-11.3155517578125
82.0,59.878326416015625,16.49688720703125
-80.0,-64.24417114257812,-23.242412567138672
57.0,70.79025268554688,34.870361328125
-55.0,-63.927337646484375,-21.8515625
64.0,58.10697937011719,14.540817260742188
-52.0,-62.885643005371094,-12.638917922973633
64.0,58.593994140625,11.505317687988281
-66.0,-74.64472198486328,-16.126754760742188
41.0,66.00479125976562,22.970367431640625
-45.0,-92.84772491455078,-24.040672302246094
62.0,29.5286865234375,6.1999969482421875
-54.0,-51.7362060546875,-5.4269561767578125
39.0,40.776611328125,34.266502380371094
-42.0,-41.706016540527344,-9.333599090576172
0.0,3.4501914978027344,3.4181575775146484
-1.0,-0.5479781627655029,0.26316118240356445
2.0,5.730134963989258,1.482557773590088
-1.0,1.1882123947143555,0.14873933792114258
0.0,24.543804168701172,3.748800277709961
1.0,2.4274954795837402,0.34340858459472656
-6.0,40.71675109863281,4.359901428222656
2.0,0.4467916488647461,0.15018177032470703
-8.0,49.39898681640625,0.9164886474609375
4.0,1.4241695404052734,-0.8488235473632812
9.0,62.640289306640625,-0.428955078125
-9.0,2.3284244537353516,2.0004310607910156
2.0,57.32421875,16.03155517578125
-4.0,1.204254150390625,0.0017719268798828125
-9.0,37.16058349609375,-1.1425018310546875
5.0,-2.1648788452148438,-0.1480731964111328
5.0,-6.340789794921875,4.540496826171875
-10.0,-6.093692779541016,1.4716529846191406
11.0,13.11279296875,7.9962005615234375
-14.0,-11.895317077636719,-1.9775466918945312
-6.0,36.630828857421875,1.936248779296875
6.0,-0.5983028411865234,1.288644790649414
2.0,6.660240173339844,2.6817245483398438
0.0,-0.2542726993560791,0.36421823501586914
2.0,5.9016876220703125,0.3963475227355957
-3.0,1.239077091217041,0.10823774337768555
-1.0,20.739971160888672,1.6852264404296875
1.0,2.5484700202941895,0.16630315780639648
3.0,43.584991455078125,5.2768096923828125
-4.0,0.8470001220703125,0.09084510803222656
6.0,42.738250732421875,-5.46295166015625
-9.0,2.216045379638672,-0.2875328063964844
2.0,64.66757202148438,2.17926025390625
-6.0,2.090768814086914,1.5281028747558594
-6.0,59.172332763671875,17.37335205078125
7.0,0.6125679016113281,-1.5873794555664062
2.0,33.424163818359375,4.025787353515625
-6.0,-0.5993061065673828,-1.0322113037109375
5.0,4.3057861328125,10.322097778320312
-5.0,-7.232826232910156,-0.7613716125488281
14.0,10.248046875,5.9336090087890625
-10.0,-9.791305541992188,0.4629058837890625
7.0,39.065704345703125,8.289596557617188
-11.0,-4.76481819152832,0.12101554870605469
3.0,11.58526611328125,5.417083740234375
-4.0,-5.788135528564453,0.04187774658203125
3.0,4.151002883911133,-0.7701263427734375
-3.0,1.1006360054016113,-0.21859025955200195
14.0,34.90040588378906,6.014443397521973
-8.0,-5.301657199859619,0.5006394386291504
17.0,45.640533447265625,2.3443374633789062
-19.0,-6.034198760986328,-1.973710060119629
45.0,89.22145080566406,10.182815551757812
-46.0,-29.345659255981445,-7.268697738647461
66.0,129.65292358398438,36.092864990234375
-56.0,-45.5588264465332,-15.256156921386719
64.0,100.17971801757812,32.82275390625
-58.0,-37.58924102783203,-12.372039794921875
43.0,117.00544738769531,21.72857666015625
-45.0,-71.93180847167969,-22.98724365234375
61.0,55.02923583984375,21.598358154296875
-68.0,-57.47779846191406,-14.011043548583984
41.0,71.78762817382812,39.79931640625
-38.0,-61.71239471435547,-17.442474365234375
50.0,75.5936279296875,38.176795959472656
-44.0,-39.34404754638672,-10.94285774230957
2.0,6.712398529052734,3.5143699645996094
-3.0,-0.39104342460632324,0.43914318084716797
1.0,8.320253372192383,1.7627439498901367
0.0,0.5880222320556641,0.21413898468017578
5.0,25.76068878173828,4.63441276550293
-3.0,2.2638487815856934,0.48117733001708984
0.0,44.50019836425781,2.2283706665039062
-1.0,0.8233814239501953,0.5479717254638672
2.0,49.4456787109375,-4.6690216064453125
1.0,2.4149160385131836,-0.8545570373535156
18.0,67.75755310058594,8.908035278320312
-9.0,3.385957717895508,1.9149742126464844
7.0,59.45686340332031,16.43072509765625
-11.0,0.9541282653808594,-2.3028030395507812
-4.0,31.28656005859375,0.187255859375
-3.0,-1.7092399597167969,-0.3225898742675781
6.0,8.784454345703125,5.94268798828125
-9.0,-11.28143310546875,0.06506729125976562
14.0,12.73541259765625,9.137527465820312
-8.0,-7.033626556396484,1.8152198791503906
1.0,28.878997802734375,-1.297760009765625
-9.0,-2.0743236541748047,2.489978790283203
4.0,20.64194107055664,9.316747665405273
-8.0,-14.724457740783691,-1.0240206718444824
9.0,8.649877548217773,0.19562149047851562
-9.0,-1.495542049407959,-0.05577993392944336
30.0,27.875629425048828,1.7846908569335938
-26.0,-2.814201831817627,0.33805036544799805
44.0,92.57504272460938,22.934261322021484
-37.0,-40.68620300292969,-6.376618385314941
65.0,112.36471557617188,26.729637145996094
-67.0,-56.45213317871094,-20.684581756591797
88.0,126.17379760742188,29.518630981445312
-82.0,-54.4961051940918,-19.968311309814453
90.0,126.76168823242188,36.54197692871094
-85.0,-60.9124755859375,-22.577560424804688
52.0,130.72787475585938,31.75146484375
-56.0,-85.8228759765625,-33.62944412231445
81.0,83.25224304199219,27.997100830078125
-88.0,-92.40440368652344,-26.434261322021484
59.0,86.76763916015625,44.7218017578125
-55.0,-69.08479309082031,-17.47768783569336
41.0,85.32608032226562,51.842132568359375
-45.0,-49.65330505371094,-19.3123836517334
2.0,3.2100486755371094,-0.7364330291748047
1.0,0.29370546340942383,0.10105705261230469
0.0,0.1715526580810547,-1.0862102508544922
-2.0,0.05086469650268555,-0.04050159454345703
-1.0,-3.8038330078125,-2.0635738372802734
0.0,0.12097454071044922,-0.17710542678833008
9.0,2.8682403564453125,0.9169082641601562
-6.0,0.4002084732055664,-0.05933666229248047
14.0,-6.660736083984375,-6.3794403076171875
-13.0,0.7918758392333984,0.5612907409667969
-7.0,2.02728271484375,2.60821533203125
3.0,-0.2376556396484375,-0.47232818603515625
-8.0,1.848114013671875,1.341796875
11.0,-0.5916862487792969,-1.589151382446289
11.0,-3.736419677734375,5.1682891845703125
-11.0,1.565572738647461,-0.8841381072998047
0.0,10.646575927734375,5.7816009521484375
5.0,-1.1391334533691406,-2.2330245971679688
3.0,-2.86474609375,-2.062591552734375
4.0,2.1040115356445312,2.4404525756835938
13.0,2.43487548828125,6.3533477783203125
-17.0,-4.166515350341797,-1.1676292419433594
3.0,8.135074615478516,1.9989261627197266
-3.0,-5.240157604217529,-0.2212834358215332
1.0,-1.579132080078125,-2.2526841163635254
-2.0,-0.08757638931274414,-0.36732959747314453
14.0,10.35660171508789,2.2656431198120117
-9.0,-7.729152679443359,0.15723085403442383
23.0,4.9237823486328125,-2.01556396484375
-21.0,-6.480990409851074,-2.123891830444336
53.0,39.82246398925781,9.266326904296875
-50.0,-30.76982879638672,-6.41987419128418
57.0,67.01263427734375,36.521820068359375
-47.0,-47.88725280761719,-17.256587982177734
62.0,42.855499267578125,16.79119873046875
-54.0,-38.793495178222656,-12.373811721801758
52.0,79.84486389160156,22.871078491210938
-50.0,-69.76693725585938,-22.839170455932617
56.0,61.370025634765625,17.057861328125
-58.0,-51.38410568237305,-15.482696533203125
30.0,58.674835205078125,31.803115844726562
-24.0,-49.81707763671875,-15.464927673339844
56.0,38.962799072265625,36.24054718017578
-50.0,-38.74574279785156,-12.231502532958984
2.0,3.26220703125,0.09621238708496094
-2.0,0.1569347381591797,0.17598199844360352
-1.0,2.590118408203125,0.28018617630004883
1.0,-0.6001901626586914,0.0653996467590332
5.0,1.2168846130371094,0.8856124877929688
-4.0,-0.16364669799804688,0.13776874542236328
6.0,3.783447265625,-2.13153076171875
-3.0,0.3765897750854492,0.39778995513916016
10.0,0.04669189453125,-5.58551025390625
-3.0,0.9907464981079102,-0.005733489990234375
9.0,5.1172637939453125,9.336990356445312
0.0,1.0575332641601562,-0.08545684814453125
5.0,2.1326446533203125,0.399169921875
-7.0,-0.2501258850097656,-2.304574966430664
5.0,-5.8740234375,1.3297576904296875
-8.0,0.4556388854980469,-0.1745166778564453
1.0,15.125244140625,1.402191162109375
1.0,-5.187740325927734,-1.406585693359375
3.0,-0.37738037109375,1.141326904296875
6.0,4.861690521240234,3.792766571044922
7.0,-7.7518310546875,-3.2340087890625
-15.0,-1.4760208129882812,1.201333999633789
4.0,17.191749572753906,5.898590087890625
-7.0,-14.17647933959961,-1.2871818542480469
7.0,2.9197425842285156,-1.2869362831115723
-8.0,-2.6837544441223145,-0.20451927185058594
30.0,3.3318252563476562,-1.9641094207763672
-27.0,-5.241697311401367,-0.005358219146728516
50.0,51.85829162597656,18.574359893798828
-39.0,-41.13299560546875,-6.526800155639648
73.0,62.965728759765625,25.813148498535156
-71.0,-57.876304626464844,-19.835758209228516
79.0,63.53350830078125,29.947586059570312
-73.0,-56.82453155517578,-21.96874237060547
88.0,69.43746948242188,20.510421752929688
-81.0,-62.116729736328125,-22.57933235168457
61.0,93.56729125976562,32.89396667480469
-61.0,-83.65798950195312,-33.48136901855469
76.0,89.59303283691406,23.45660400390625
-78.0,-86.31071472167969,-27.905914306640625
48.0,73.65484619140625,36.72560119628906
-41.0,-57.189476013183594,-15.500141143798828
47.0,48.69525146484375,49.9058837890625
-51.0,-49.05500030517578,-20.601028442382812
1.0,4.925025939941406,2.7353591918945312
-4.0,-5.533863067626953,-0.3223404884338379
1.0,-1.7506847381591797,-1.1664738655090332
0.0,-0.1384410858154297,-0.3268280029296875
15.0,14.16043472290039,4.329216957092285
-9.0,-7.850127220153809,0.3343362808227539
14.0,2.0555419921875,-2.9324722290039062
-15.0,-6.881198883056641,-2.0645551681518555
39.0,46.48320007324219,15.645767211914062
-37.0,-31.561704635620117,-6.981164932250977
64.0,64.9853515625,33.913604736328125
-50.0,-47.64959716796875,-16.784259796142578
70.0,41.00738525390625,15.44940185546875
-65.0,-38.20180892944336,-10.784660339355469
41.0,83.58128356933594,17.702789306640625
-39.0,-71.33250427246094,-21.955032348632812
56.0,50.72344970703125,11.276260375976562
-63.0,-50.244972229003906,-13.249671936035156
27.0,61.539581298828125,33.86570739746094
-28.0,-51.92108917236328,-17.905380249023438
43.0,36.527923583984375,29.88719940185547
-33.0,-34.579227447509766,-11.063873291015625
0.0,0.052158355712890625,0.8326454162597656
-3.0,-0.13677072525024414,0.07492494583129883
-1.0,2.4185657501220703,1.366396427154541
3.0,-0.651054859161377,0.10590124130249023
6.0,5.020717620849609,2.949186325073242
-4.0,-0.2846212387084961,0.31487417221069336
-3.0,0.9152069091796875,-3.0484390258789062
3.0,-0.023618698120117188,0.4571266174316406
-4.0,6.707427978515625,0.7939300537109375
10.0,0.19887065887451172,-0.5670242309570312
16.0,3.0899810791015625,6.7287750244140625
-3.0,1.2951889038085938,0.386871337890625
13.0,0.2845306396484375,-0.942626953125
-18.0,0.34156036376953125,-0.715423583984375
-6.0,-2.137603759765625,-3.838531494140625
3.0,-1.109933853149414,0.7096214294433594
1.0,4.478668212890625,-4.3794097900390625
-4.0,-4.048606872558594,0.8264389038085938
0.0,2.48736572265625,3.20391845703125
2.0,2.757678985595703,1.3523139953613281
-6.0,-10.18670654296875,-9.587356567382812
2.0,2.6904945373535156,2.3689632415771484
2.0,13.981700897216797,6.63502311706543
-8.0,-14.470185279846191,-1.3882389068603516
7.0,2.748189926147461,-0.20072603225708008
-6.0,-2.734619140625,-0.1640176773071289
31.0,7.135658264160156,0.09946441650390625
-27.0,-5.362671852111816,0.17174720764160156
41.0,48.99005126953125,17.657451629638672
-33.0,-41.533203125,-6.467463493347168
59.0,69.62646484375,32.192588806152344
-58.0,-58.668182373046875,-20.397048950195312
86.0,61.5062255859375,27.339370727539062
-76.0,-56.586875915527344,-21.496414184570312
96.0,67.58935546875,19.168624877929688
-92.0,-61.52504348754883,-20.99018096923828
50.0,97.3037109375,27.725677490234375
-50.0,-85.22356414794922,-32.597232818603516
76.0,78.94645690917969,17.675003051757812
-83.0,-85.17157745361328,-25.672889709472656
45.0,76.51959228515625,38.78819274902344
-45.0,-59.293487548828125,-17.940593719482422
34.0,46.2603759765625,43.55253601074219
-34.0,-44.888484954833984,-19.433399200439453
-1.0,-4.872867584228516,-1.9027137756347656
1.0,5.397092342376709,0.3972654342651367
-2.0,4.16925048828125,2.532870292663574
3.0,-0.5126137733459473,0.43272924423217773
-9.0,-9.139717102050781,-1.380030632019043
5.0,7.5655059814453125,-0.019462108612060547
-17.0,-1.1403350830078125,-0.115966796875
18.0,6.857580184936523,2.521681785583496
-43.0,-39.77577209472656,-14.851837158203125
47.0,31.760574340820312,6.414140701293945
-48.0,-61.89537048339844,-27.184829711914062
47.0,48.944786071777344,17.171131134033203
-57.0,-40.72285461425781,-16.39202880859375
47.0,38.54336929321289,10.069236755371094
-47.0,-85.71888732910156,-21.54132080078125
42.0,70.22257232666016,22.664653778076172
-55.0,-46.244781494140625,-15.655670166015625
59.0,46.19636535644531,14.07611083984375
-27.0,-59.052215576171875,-30.661788940429688
30.0,54.678768157958984,19.257694244384766
-49.0,-46.714630126953125,-39.47455596923828
35.0,37.26972198486328,13.432836532592773
1.0,9.05667495727539,3.8996639251708984
-4.0,-8.936322212219238,-1.0658984184265137
6.0,4.498874664306641,0.9657478332519531
-6.0,-2.5961780548095703,0.1628103256225586
16.0,-7.024776458740234,-4.229752540588379
-18.0,2.487455368041992,-0.16258907318115234
27.0,46.93450927734375,20.589923858642578
-18.0,-34.652008056640625,-4.4029083251953125
20.0,23.143264770507812,16.54682159423828
-21.0,-27.106475830078125,-13.415884017944336
22.0,-3.4791259765625,-6.5742340087890625
-26.0,-8.937278747558594,-4.712154388427734
26.0,26.58197021484375,3.7192230224609375
-27.0,-23.32323455810547,-10.205520629882812
9.0,13.722427368164062,10.02288818359375
-11.0,-13.891059875488281,-10.642200469970703
20.0,28.223007202148438,6.39874267578125
-20.0,-34.926605224609375,-12.4232177734375
18.0,14.980010986328125,4.9224853515625
-17.0,-7.372398376464844,-0.035213470458984375
-9.0,9.732452392578125,13.665336608886719
-1.0,-10.309257507324219,-8.369525909423828
2.0,13.929542541503906,5.802377700805664
-5.0,-14.333414077758789,-1.4631638526916504
8.0,0.3296241760253906,-1.567122459411621
-9.0,-2.083564281463623,-0.26991891860961914
25.0,2.114940643310547,-2.849721908569336
-23.0,-5.07805061340332,-0.1431269645690918
44.0,48.07484436035156,20.705890655517578
-36.0,-41.509586334228516,-6.924590110778809
63.0,62.919036865234375,31.398658752441406
-68.0,-58.86705017089844,-19.83002471923828
70.0,58.41624450683594,20.610595703125
-73.0,-57.88206481933594,-21.883285522460938
83.0,67.30482482910156,20.111251831054688
-74.0,-61.86660385131836,-20.274757385253906
56.0,99.44131469726562,31.564208984375
-53.0,-84.11363220214844,-33.306854248046875
75.0,74.46778869628906,22.054412841796875
-79.0,-81.12297058105469,-26.49932861328125
45.0,74.0322265625,35.58427429199219
-47.0,-62.05116653442383,-19.29290771484375
40.0,56.44708251953125,53.139892578125
-36.0,-47.5789794921875,-21.8023624420166
5.0,22.600902557373047,6.1941680908203125
-4.0,2.013364553451538,1.012312889099121
1.0,9.459894180297852,0.8743338584899902
0.0,0.8446931838989258,0.28261423110961914
5.0,27.48632049560547,0.468536376953125
-7.0,4.057066917419434,0.26305580139160156
9.0,-1.26458740234375,2.5678558349609375
-5.0,-6.093975067138672,1.7052783966064453
9.0,11.823562622070312,9.207656860351562
-8.0,2.897024154663086,1.7035903930664062
-8.0,-2.3473052978515625,0.12457275390625
-4.0,-3.931774139404297,0.6941604614257812
-8.0,-11.641555786132812,-1.86004638671875
-3.0,0.7839889526367188,-2.9333038330078125
6.0,22.45989990234375,-1.308349609375
-3.0,-1.7625541687011719,-3.424978256225586
16.0,-3.0958709716796875,8.761383056640625
-10.0,-8.095329284667969,-3.351886749267578
1.0,26.856796264648438,17.814422607421875
2.0,-0.6646938323974609,-0.11870956420898438
-1.0,55.840484619140625,6.3092498779296875
-2.0,2.1992363929748535,1.141702651977539
1.0,21.714771270751953,4.108665466308594
-1.0,2.5797245502471924,0.9369068145751953
2.0,9.351888656616211,0.9536025524139404
-1.0,1.5143961906433105,0.059618234634399414
9.0,28.920063018798828,0.8530158996582031
-9.0,4.122616767883301,0.2212390899658203
1.0,-5.3525390625,3.5623397827148438
-1.0,-11.476478576660156,0.7881851196289062
8.0,12.20892333984375,1.9947967529296875
-10.0,0.5261344909667969,0.12654876708984375
6.0,1.17315673828125,8.474960327148438
-5.0,-5.217933654785156,-3.237794876098633
-1.0,-7.0837860107421875,4.828216552734375
-3.0,7.48455810546875,-1.4834518432617188
13.0,21.46685791015625,2.241424560546875
-5.0,-0.6837711334228516,-0.7321987152099609
21.0,6.2184906005859375,19.350326538085938
-15.0,-11.968971252441406,-7.011924743652344
6.0,16.967117309570312,11.713592529296875
0.0,-1.578439712524414,-5.4898529052734375
12.0,60.57360076904297,13.4906005859375
-12.0,1.7581024169921875,0.7996845245361328
6.0,21.866607666015625,8.186189651489258
-8.0,-2.83270263671875,-0.06804466247558594
6.0,12.753195762634277,1.5691137313842773
-4.0,-1.133669376373291,0.27524900436401367
15.0,29.093032836914062,1.0007400512695312
-10.0,2.9559478759765625,0.030099868774414062
19.0,12.80950927734375,8.823295593261719
-18.0,-26.476299285888672,-9.874542236328125
40.0,13.404876708984375,14.283050537109375
-38.0,-5.057415008544922,-8.604782104492188
24.0,17.341598510742188,14.51092529296875
-24.0,-29.78704071044922,-17.232160568237305
23.0,-10.512008666992188,9.167190551757812
-28.0,-5.911144256591797,-11.22088623046875
34.0,25.663162231445312,3.6360015869140625
-42.0,-20.979663848876953,-15.633691787719727
43.0,16.708114624023438,23.948822021484375
-31.0,-31.191253662109375,-15.90835952758789
30.0,24.150131225585938,16.612152099609375
-27.0,-18.87504768371582,-20.220123291015625
24.0,55.669349670410156,12.573501586914062
-27.0,-12.804506301879883,-7.788896560668945
4.0,22.140666961669922,5.905368804931641
-3.0,2.39205002784729,0.7309103012084961
4.0,7.342277526855469,0.414064884185791
-2.0,1.4265456199645996,0.15746116638183594
7.0,28.654075622558594,1.654947280883789
-6.0,2.8087825775146484,0.3235912322998047
7.0,8.783615112304688,6.512489318847656
-7.0,-13.865894317626953,-3.1405506134033203
9.0,15.207199096679688,5.924224853515625
-7.0,1.0783157348632812,-0.00911712646484375
7.0,-3.2625579833984375,6.996368408203125
-7.0,-4.38287353515625,-5.173772811889648
6.0,-11.675277709960938,2.525482177734375
-7.0,5.388269424438477,0.9563217163085938
7.0,23.57733154296875,-0.612030029296875
-8.0,-1.4460639953613281,-4.456445693969727
27.0,1.91925048828125,8.582229614257812
-18.0,-8.611387252807617,-1.2919998168945312
3.0,15.462417602539062,-3.547088623046875
-7.0,-2.5683517456054688,-3.561614990234375
6.0,59.268341064453125,12.924957275390625
-9.0,2.205230236053467,1.2931194305419922
5.0,19.77063751220703,6.19830322265625
-8.0,-2.912461280822754,-0.6985511779785156
4.0,7.3419647216796875,-0.6382303237915039
-4.0,0.8144245147705078,-0.10575675964355469
26.0,33.19822311401367,1.1951284408569336
-16.0,0.5682992935180664,-0.22608566284179688
20.0,18.217803955078125,8.386390686035156
-17.0,-31.80335235595703,-7.6279144287109375
52.0,24.772079467773438,19.1239013671875
-44.0,-9.459285736083984,-12.362262725830078
27.0,23.055770874023438,16.936279296875
-27.0,-28.226104736328125,-20.027673721313477
30.0,-7.6272430419921875,9.076080322265625
-32.0,-0.126983642578125,-8.022697448730469
58.0,36.61334228515625,4.052154541015625
-56.0,-31.284717559814453,-17.19587516784668
36.0,20.385574340820312,32.708038330078125
-26.0,-30.980968475341797,-23.059371948242188
30.0,29.342086791992188,22.5938720703125
-25.0,-17.955873489379883,-14.971996307373047
41.0,63.489768981933594,12.997413635253906
-45.0,-17.20265769958496,-10.05167007446289
-4.0,-0.8861312866210938,-2.0855026245117188
3.0,0.5663599967956543,-0.07540607452392578
1.0,-0.10800552368164062,0.0792686939239502
-1.0,0.6697030067443848,-0.22299599647521973
4.0,1.4337425231933594,0.3844795227050781
-2.0,0.06554985046386719,-0.04181671142578125
-8.0,-4.08795166015625,0.9944839477539062
4.0,-5.382503509521484,-0.9170932769775391
-1.0,0.3853607177734375,-7.212860107421875
-2.0,-2.370889663696289,-1.5770416259765625
14.0,3.5204620361328125,8.350387573242188
-1.0,-1.2861595153808594,-3.931955337524414
7.0,4.557769775390625,6.688262939453125
0.0,6.700569152832031,1.4498519897460938
7.0,-0.9930419921875,3.549774169921875
-2.0,1.0787830352783203,2.692779541015625
5.0,9.314361572265625,10.588943481445312
-5.0,-3.8736419677734375,-3.6600379943847656
5.0,-9.889678955078125,-6.100830078125
-2.0,-0.9137458801269531,-5.371143341064453
13.0,4.733116149902344,7.1813507080078125
-10.0,-0.441133975982666,-0.34201812744140625
1.0,-0.7342948913574219,1.9920215606689453
-4.0,-4.846067428588867,-1.080357551574707
5.0,3.293301582336426,0.6947798728942871
-4.0,-1.9783625602722168,-0.007365226745605469
10.0,1.6067123413085938,0.5322036743164062
-3.0,-1.101119041442871,-0.2329559326171875
10.0,14.0740966796875,6.255439758300781
-13.0,-20.38232421875,-11.57982063293457
31.0,1.5813140869140625,5.0753936767578125
-30.0,-7.954439163208008,-10.308372497558594
32.0,19.68890380859375,14.3863525390625
-20.0,-25.855266571044922,-17.926321029663086
31.0,1.129547119140625,11.027236938476562
-25.0,-6.695133209228516,-8.287582397460938
28.0,3.2032623291015625,4.9443511962890625
-39.0,-19.21710968017578,-12.20871353149414
27.0,19.803985595703125,15.18743896484375
-21.0,-23.095924377441406,-12.556472778320312
29.0,-2.7066650390625,-1.2022705078125
-29.0,-18.21035385131836,-20.10141372680664
25.0,-0.17113494873046875,6.264251708984375
-25.0,-15.003742218017578,-8.930599212646484
-1.0,-0.460235595703125,-0.2887992858886719
1.0,0.37868547439575195,-0.281402587890625
3.0,-2.117616653442383,-0.4602689743041992
-2.0,0.5818524360656738,-0.1251530647277832
2.0,1.167755126953125,1.186410903930664
1.0,-1.2482843399047852,0.060535430908203125
-2.0,10.048202514648438,3.9446334838867188
-2.0,-7.771919250488281,-4.845829010009766
0.0,3.383636474609375,-3.2834320068359375
1.0,-1.8187084197998047,-1.71270751953125
15.0,-0.915252685546875,6.871795654296875
-3.0,-0.4510993957519531,-5.86793327331543
14.0,-0.033721923828125,4.385528564453125
-4.0,4.604280471801758,3.8896255493164062
1.0,1.117431640625,0.696319580078125
-5.0,0.31649017333984375,-1.0314674377441406
11.0,5.0151214599609375,-0.1791534423828125
-8.0,-0.5160579681396484,2.059886932373047
2.0,-11.394378662109375,-21.36151123046875
-9.0,-1.9036579132080078,-3.4429054260253906
7.0,3.4278564453125,6.6157073974609375
-7.0,0.005993843078613281,0.15141677856445312
0.0,-2.8302650451660156,0.0041351318359375
-4.0,-4.925826072692871,-1.7108640670776367
3.0,-2.117929458618164,-1.5125641822814941
-4.0,-0.03026866912841797,-0.38837099075317383
21.0,5.711902618408203,0.7265920639038086
-9.0,-3.488767623901367,-0.48914146423339844
11.0,19.482391357421875,5.818534851074219
-12.0,-25.70937728881836,-9.333192825317383
43.0,12.948516845703125,9.916244506835938
-36.0,-12.35630989074707,-14.065853118896484
35.0,25.403076171875,16.81170654296875
-23.0,-24.294330596923828,-20.721834182739258
38.0,4.014312744140625,10.936126708984375
-29.0,-0.9109725952148438,-5.089393615722656
52.0,14.1534423828125,5.360504150390625
-53.0,-29.52216339111328,-13.770896911621094
20.0,23.4814453125,23.9466552734375
-16.0,-22.885639190673828,-19.70748519897461
29.0,2.48529052734375,4.779449462890625
-27.0,-17.291179656982422,-14.853286743164062
42.0,7.649284362792969,6.688163757324219
-43.0,-19.401893615722656,-11.19337272644043
5.0,0.15183639526367188,4.077524185180664
-7.0,-5.412426948547363,-1.0049514770507812
4.0,3.4013071060180664,0.6155111789703369
-3.0,-2.6480655670166016,0.21563076972961426
6.0,0.17296981811523438,0.14772415161132812
-1.0,-1.1666688919067383,-0.19113922119140625
18.0,18.16204833984375,5.260955810546875
-17.0,-14.999820709228516,-10.662727355957031
32.0,1.195953369140625,12.288253784179688
-28.0,-5.583549499511719,-8.731330871582031
18.0,16.168441772460938,6.0359649658203125
-19.0,-24.569107055664062,-13.994365692138672
24.0,-3.42822265625,4.3389739990234375
-25.0,-13.395702362060547,-9.737434387207031
21.0,4.1963043212890625,1.3945770263671875
-37.0,-20.2958927154541,-14.901493072509766
22.0,10.4896240234375,4.5984954833984375
-16.0,-19.22228240966797,-8.896434783935547
24.0,7.183013916015625,4.8985595703125
-27.0,-17.296607971191406,-14.730270385742188
12.0,-4.9042510986328125,-0.9170989990234375
-15.0,-14.56260871887207,-8.588581085205078
3.0,0.42589569091796875,1.7967033386230469
-2.0,-0.18767452239990234,-0.20599651336669922
2.0,-2.009611129760742,-0.5395376682281494
-1.0,-0.08785057067871094,0.09784293174743652
-2.0,-0.2659873962402344,0.8019313812255859
3.0,-1.3138341903686523,0.10235214233398438
6.0,14.136154174804688,2.9501495361328125
-6.0,-2.389415740966797,-3.9287357330322266
1.0,2.9982757568359375,3.9294281005859375
3.0,0.5521812438964844,-0.1356658935546875
1.0,-4.4357147216796875,-1.4785919189453125
-2.0,0.8350601196289062,-1.9359779357910156
7.0,-4.59149169921875,-2.302734375
-4.0,-2.0962886810302734,2.4397735595703125
-6.0,2.1104736328125,-2.85345458984375
-3.0,-0.7622928619384766,-3.7242469787597656
6.0,-4.2992401123046875,-10.768096923828125
-3.0,3.357583999633789,5.7199249267578125
-3.0,-1.50469970703125,-15.26068115234375
-7.0,-0.9899120330810547,1.9282379150390625
-6.0,-1.3052597045898438,-0.565643310546875
3.0,0.4471278190612793,0.4934349060058594
4.0,-1.9441337585449219,2.0896377563476562
-7.0,-5.492185592651367,-1.635457992553711
2.0,-2.0099239349365234,-1.5918328762054443
-3.0,-0.6999716758728027,-0.1653749942779541
17.0,4.278160095214844,0.34211254119873047
-7.0,-3.5543174743652344,-0.4473247528076172
19.0,23.570343017578125,4.8240509033203125
-16.0,-20.326873779296875,-8.416099548339844
44.0,12.563156127929688,17.129104614257812
-34.0,-9.985420227050781,-12.488811492919922
21.0,21.882614135742188,8.461318969726562
-22.0,-23.00817108154297,-16.789878845214844
31.0,-0.54345703125,4.24786376953125
-29.0,-7.611541748046875,-6.53924560546875
45.0,15.146484375,1.81072998046875
-51.0,-30.6009464263916,-16.46367645263672
15.0,14.167083740234375,13.357711791992188
-11.0,-19.01199722290039,-16.047447204589844
24.0,12.374969482421875,10.880279541015625
-25.0,-16.37743377685547,-9.48214340209961
29.0,2.916168212890625,-0.49318695068359375
-33.0,-18.96076011657715,-10.851354598999023
-2.0,0.2740592956542969,-2.280820846557617
5.0,5.224752426147461,0.798954963684082
-2.0,-5.410918235778809,-1.1550488471984863
2.0,2.5602149963378906,-0.11778783798217773
-8.0,-0.43895721435546875,0.6542072296142578
4.0,-0.14716529846191406,0.2934913635253906
-12.0,-4.0258941650390625,-2.3108062744140625
11.0,12.610404968261719,6.733991622924805
-31.0,1.8023223876953125,-8.35882568359375
31.0,6.135730743408203,8.595664978027344
-17.0,-20.604156494140625,-7.514556884765625
17.0,25.40416717529297,12.058387756347656
-17.0,-1.16326904296875,-6.6417083740234375
21.0,11.299413681030273,12.177207946777344
-27.0,-2.0858306884765625,-4.2480316162109375
34.0,19.533599853515625,11.17724609375
-16.0,-14.788864135742188,-15.366592407226562
13.0,22.579866409301758,14.61635971069336
-27.0,-8.687713623046875,-20.15924072265625
20.0,16.30669593811035,16.65850830078125
-18.0,3.5989913940429688,0.3514556884765625
18.0,15.009737014770508,9.082015991210938
-1.0,-2.0959701538085938,-1.9878864288330078
0.0,-0.0797586441040039,-0.6305065155029297
-2.0,-5.41123104095459,-2.2073440551757812
0.0,1.9480938911437988,-0.38100576400756836
11.0,4.105190277099609,0.19438838958740234
-6.0,-2.387648582458496,-0.25618553161621094
1.0,5.408294677734375,-0.4369049072265625
1.0,-5.327053070068359,2.2466278076171875
12.0,11.367202758789062,4.840850830078125
-6.0,-4.4018707275390625,-3.7574806213378906
3.0,5.71417236328125,2.42535400390625
-3.0,1.5609359741210938,-2.795513153076172
7.0,2.884765625,-0.0911102294921875
-4.0,5.784160614013672,3.1981887817382812
24.0,10.950180053710938,0.4161529541015625
-14.0,-10.3050537109375,-1.5621833801269531
-7.0,3.677459716796875,8.75921630859375
5.0,0.21028518676757812,-7.151012420654297
0.0,5.19195556640625,5.981719970703125
2.0,0.9191741943359375,5.248126983642578
17.0,7.8204193115234375,0.42391204833984375
-18.0,-4.398151397705078,-2.2627735137939453
1.0,-2.3700294494628906,0.2929344177246094
-5.0,-5.304511070251465,-1.4294614791870117
0.0,-0.00031280517578125,-1.052295207977295
-2.0,-0.6121211051940918,-0.2632179260253906
19.0,4.544147491455078,-0.45981884002685547
-10.0,-2.240483283996582,-0.5496768951416016
13.0,9.434188842773438,1.8739013671875
-10.0,-17.937458038330078,-4.487363815307617
43.0,9.56488037109375,13.199676513671875
-37.0,-10.537601470947266,-12.353145599365234
20.0,26.318328857421875,9.939910888671875
-20.0,-23.843231201171875,-14.853900909423828
24.0,4.04803466796875,6.55059814453125
-25.0,-5.515253067016602,-8.979019165039062
51.0,13.0360107421875,4.6641845703125
-48.0,-29.838653564453125,-12.739429473876953
9.0,18.466323852539062,24.125808715820312
-8.0,-22.36958122253418,-21.767372131347656
27.0,13.879669189453125,26.140960693359375
-18.0,-15.387521743774414,-11.410381317138672
35.0,4.221427917480469,0.07245635986328125
-36.0,-19.407888412475586,-11.344789505004883
-9.0,-2.2529525756835938,-4.8719940185546875
10.0,-2.4628753662109375,5.144218444824219
-5.0,4.351890563964844,-2.9428977966308594
1.0,1.4991474151611328,0.5237255096435547
-1.0,7.715160369873047,1.7175464630126953
0.0,0.140791654586792,0.2360553741455078
-1.0,30.832340240478516,5.015596389770508
0.0,2.164794921875,0.5933437347412109
5.0,38.304290771484375,-0.802734375
-7.0,2.5824966430664062,2.8358917236328125
3.0,-4.4149169921875,10.609130859375
-5.0,-3.7563533782958984,0.7729454040527344
4.0,-3.866943359375,0.799713134765625
0.0,0.9614181518554688,3.524517059326172
3.0,11.3656005859375,8.076873779296875
0.0,-3.2352638244628906,-4.6104278564453125
2.0,-5.11102294921875,11.705169677734375
-3.0,-4.715482711791992,0.24869155883789062
2.0,16.849197387695312,4.8685302734375
4.0,2.9844741821289062,-0.8145771026611328
6.0,33.38362121582031,22.177017211914062
-1.0,-0.6103076934814453,0.8010349273681641
-5.0,2.5627899169921875,26.355926513671875
6.0,-0.05811309814453125,-12.498695373535156
-1.0,4.900026321411133,2.7849769592285156
1.0,1.0207452774047852,0.09572124481201172
0.0,7.975521087646484,2.7829151153564453
0.0,-0.22217345237731934,0.30149269104003906
3.0,30.036964416503906,3.527467727661133
-4.0,0.8874497413635254,0.48277997970581055
-2.0,30.949493408203125,0.2109527587890625
1.0,2.0094852447509766,2.4946136474609375
9.0,-8.07952880859375,6.516204833984375
-9.0,-3.8505477905273438,-1.8375720977783203
-3.0,0.44244384765625,15.376251220703125
8.0,5.364795684814453,5.0696258544921875
3.0,2.61370849609375,2.47015380859375
-2.0,-3.4104862213134766,-3.579059600830078
0.0,-0.145233154296875,7.6380157470703125
0.0,0.5026130676269531,3.9844627380371094
-1.0,17.562454223632812,-0.4831390380859375
-3.0,1.0563011169433594,-1.1783161163330078
-2.0,27.785934448242188,16.533065795898438
-2.0,-1.9981355667114258,0.0284881591796875
11.0,7.8296356201171875,73.31172943115234
-9.0,-6.780731201171875,-55.68186950683594
2.0,4.753240585327148,3.720552444458008
-2.0,-0.9437875747680664,-1.8656854629516602
6.0,9.543952941894531,5.189968109130859
-7.0,-1.1103363037109375,0.05035686492919922
9.0,33.57463073730469,3.87127685546875
-7.0,-2.362931251525879,-1.6433076858520508
21.0,26.576431274414062,-3.2490997314453125
-25.0,-4.194913864135742,-5.699117660522461
21.0,5.201446533203125,11.124847412109375
-23.0,-20.90294647216797,-13.088815689086914
15.0,19.310562133789062,11.000823974609375
-13.0,-11.27157974243164,-2.7335357666015625
30.0,8.888214111328125,3.6892242431640625
-30.0,-12.822885513305664,-7.576141357421875
14.0,4.162872314453125,-2.284332275390625
-21.0,-10.99543571472168,-2.7949981689453125
38.0,20.063644409179688,4.826507568359375
-32.0,-5.896795272827148,-3.5719356536865234
22.0,29.562850952148438,11.303756713867188
-27.0,-17.742319107055664,-11.067255020141602
-4.0,-1.5325241088867188,44.463356018066406
2.0,-2.597696304321289,-29.372390747070312
-2.0,5.1497039794921875,0.06695938110351562
1.0,1.398580551147461,0.2674598693847656
0.0,8.560420989990234,1.9625091552734375
0.0,-0.09015774726867676,0.2091541290283203
2.0,31.12065887451172,3.4460620880126953
-2.0,0.39990901947021484,0.5163044929504395
-1.0,31.45660400390625,1.179046630859375
-3.0,3.059103012084961,3.3082332611083984
-2.0,-8.513427734375,8.03216552734375
-1.0,-4.194068908691406,0.4403705596923828
-7.0,-1.3443603515625,3.70928955078125
12.0,5.1855316162109375,8.689350128173828
10.0,12.776824951171875,11.832077026367188
-3.0,-1.5775394439697266,-3.1609878540039062
-8.0,-4.7237548828125,6.853302001953125
-1.0,-2.969839096069336,1.4290657043457031
-2.0,13.661300659179688,-2.6335601806640625
0.0,1.3732376098632812,-0.08667182922363281
6.0,29.267257690429688,26.906509399414062
-4.0,-3.539834976196289,0.2615776062011719
11.0,-5.56109619140625,22.176254272460938
-8.0,-4.1993408203125,-7.65411376953125
2.0,2.797088623046875,3.1859474182128906
-3.0,-0.40692901611328125,-2.350705146789551
16.0,14.624237060546875,4.549341201782227
-17.0,-3.6531829833984375,0.04533815383911133
21.0,43.321414947509766,7.7968292236328125
-15.0,-14.482150077819824,-3.2227439880371094
21.0,55.807823181152344,2.3711700439453125
-27.0,-20.72372817993164,-14.039043426513672
16.0,9.4000244140625,10.18768310546875
-20.0,-17.718124389648438,-12.019163131713867
18.0,6.590087890625,2.844512939453125
-22.0,-1.7747344970703125,7.393627166748047
35.0,30.3201904296875,15.129776000976562
-33.0,-23.66984748840332,-15.388565063476562
17.0,20.325851440429688,26.2049560546875
-14.0,-12.170278549194336,-12.487285614013672
47.0,17.311492919921875,0.844207763671875
-43.0,-7.137569427490234,-6.385988235473633
31.0,38.46592712402344,9.115707397460938
-39.0,-20.208881378173828,-6.777898788452148
4.0,4.815742492675781,31.227920532226562
-4.0,2.4047622680664062,-17.642913818359375
4.0,0.5481357574462891,5.727874755859375
0.0,-0.47840213775634766,-0.42800426483154297
1.0,0.2603607177734375,1.06536865234375
0.0,-0.36296510696411133,0.06543731689453125
4.0,-0.7953758239746094,-1.488128662109375
-4.0,-1.2773451805114746,-0.11056375503540039
-7.0,-7.35479736328125,1.0136871337890625
8.0,-0.5730113983154297,-0.341278076171875
6.0,-3.66461181640625,-4.092926025390625
-4.0,-0.09419441223144531,-2.6105175018310547
-7.0,4.30938720703125,14.5765380859375
8.0,4.403377532958984,1.5451087951660156
0.0,-8.75189208984375,-5.606719970703125
-2.0,-0.17522239685058594,1.0313682556152344
-2.0,4.965789794921875,-4.0671539306640625
3.0,5.218095779418945,3.7357711791992188
-3.0,0.7132568359375,-5.3516693115234375
-7.0,-1.9281730651855469,-0.363739013671875
-8.0,-5.597686767578125,-5.643951416015625
-1.0,-1.3878278732299805,-0.7725467681884766
20.0,10.082588195800781,78.18372344970703
-19.0,-4.3178558349609375,-60.826087951660156
7.0,0.4013500213623047,6.663450241088867
-3.0,-2.442934989929199,-2.389410972595215
7.0,1.8287925720214844,3.472421646118164
-7.0,-1.2511279582977295,-0.1856985092163086
10.0,2.742290496826172,-1.1443195343017578
-7.0,-4.527726173400879,-2.2366514205932617
16.0,-11.727859497070312,-2.4463653564453125
-18.0,-6.777410507202148,-8.535009384155273
18.0,9.616363525390625,0.515716552734375
-18.0,-17.14659309387207,-13.861761093139648
11.0,23.177505493164062,10.20111083984375
-13.0,-12.23299789428711,-6.258052825927734
27.0,-2.477386474609375,-4.3876495361328125
-30.0,-9.587621688842773,-2.9657135009765625
12.0,9.273895263671875,-13.989501953125
-18.0,-6.2799530029296875,-3.043689727783203
36.0,3.214447021484375,-0.042022705078125
-36.0,-8.881269454956055,-2.7573585510253906
16.0,-3.820770263671875,-10.873260498046875
-26.0,-17.13201141357422,-11.868289947509766
5.0,0.720428466796875,49.335350036621094
-8.0,-0.13482093811035156,-34.51660919189453
3.0,0.7978134155273438,3.009857177734375
0.0,-0.10056686401367188,-0.25626564025878906
1.0,0.8452606201171875,0.2449626922607422
0.0,-0.23094940185546875,-0.0269012451171875
3.0,0.2883186340332031,-1.5695343017578125
-2.0,-1.7648859024047852,-0.07703924179077148
-6.0,-6.847686767578125,1.981781005859375
4.0,0.4766063690185547,0.47234153747558594
-5.0,-4.0985107421875,-2.57696533203125
4.0,-0.4377155303955078,-0.33257484436035156
-11.0,2.5225830078125,2.909576416015625
12.0,4.224113464355469,5.164833068847656
7.0,1.411224365234375,3.7552032470703125
-3.0,1.657724380493164,1.4494400024414062
-10.0,0.38726806640625,-4.85186767578125
2.0,1.7456436157226562,1.1803741455078125
-4.0,-3.187896728515625,-7.5020904541015625
-4.0,-1.611236572265625,0.7279052734375
0.0,-4.116363525390625,4.7294921875
-3.0,-2.9295272827148438,-0.5394573211669922
20.0,-3.3081436157226562,27.048248291015625
-18.0,-1.7364654541015625,-12.798332214355469
7.0,-1.5548019409179688,6.12884521484375
-4.0,-1.906076431274414,-2.8744306564331055
17.0,6.909076690673828,2.8317947387695312
-17.0,-3.7939746379852295,-0.19071722030639648
22.0,12.48907470703125,2.7812328338623047
-15.0,-16.64694595336914,-3.8160877227783203
16.0,17.50353240966797,3.1739044189453125
-20.0,-23.306224822998047,-16.874935150146484
13.0,13.81494140625,-0.42144775390625
-15.0,-13.961771011352539,-12.792108535766602
14.0,10.45703125,2.0447998046875
-22.0,-2.7361526489257812,3.869110107421875
32.0,18.95458984375,7.0529022216796875
-33.0,-20.43458366394043,-10.77813720703125
15.0,25.436874389648438,14.499786376953125
-11.0,-7.454795837402344,-12.735977172851562
45.0,0.4622955322265625,-4.024322509765625
-47.0,-10.12204360961914,-5.5714111328125
25.0,5.082305908203125,-13.061309814453125
-38.0,-19.598573684692383,-7.5789337158203125
16.0,5.266845703125,46.95580291748047
-15.0,-6.722618103027344,-43.18317413330078
3.0,-0.14678573608398438,0.9355754852294922
-3.0,-1.9645328521728516,-1.9614067077636719
6.0,1.5684318542480469,2.407052993774414
-7.0,-0.8881628513336182,-0.25113582611083984
6.0,3.5376663208007812,0.3438091278076172
-3.0,-3.2503809928894043,-2.1260876655578613
23.0,-4.3730621337890625,-3.460052490234375
-26.0,-6.204399108886719,-8.193731307983398
12.0,13.280975341796875,4.608642578125
-14.0,-17.052398681640625,-11.251243591308594
18.0,18.868118286132812,-4.37542724609375
-21.0,-16.636375427246094,-7.80316162109375
27.0,6.274505615234375,1.2190704345703125
-28.0,-9.412399291992188,-3.997081756591797
14.0,4.30810546875,-9.922348022460938
-21.0,-11.498048782348633,-6.779460906982422
39.0,2.501190185546875,5.3096466064453125
-29.0,-6.953096389770508,-2.3936195373535156
24.0,1.77691650390625,-5.22930908203125
-25.0,-15.744183540344238,-11.095743179321289
1.0,-4.095314025878906,18.10742950439453
-4.0,-2.539583206176758,-16.873695373535156
-1.0,0.2496776580810547,-2.718017578125
0.0,0.3778352737426758,0.1717386245727539
0.0,0.58489990234375,-0.8204059600830078
0.0,0.13201570510864258,-0.09233856201171875
-1.0,1.0836944580078125,-0.0814056396484375
2.0,-0.48754072189331055,0.033524513244628906
1.0,0.507110595703125,0.9680938720703125
-4.0,1.0496177673339844,0.8136196136474609
-11.0,-0.43389892578125,1.515960693359375
8.0,-0.3435211181640625,2.277942657470703
-4.0,-1.78680419921875,-11.666961669921875
4.0,-0.17926406860351562,3.6197242736816406
7.0,10.163116455078125,9.361923217773438
-1.0,1.83294677734375,0.4180717468261719
-8.0,-4.578521728515625,-0.7847137451171875
-1.0,-3.472452163696289,-2.5553970336914062
-1.0,-3.901153564453125,-2.150421142578125
3.0,0.3169364929199219,1.091644287109375
8.0,1.4813232421875,10.373443603515625
-2.0,-1.5416994094848633,0.23308944702148438
16.0,-8.123886108398438,-4.1796722412109375
-14.0,-4.141227722167969,4.844581604003906
3.0,-2.102937698364258,0.400970458984375
-4.0,-1.4276742935180664,-2.4464263916015625
16.0,6.648715972900391,1.7664260864257812
-17.0,-3.431009531021118,-0.25615453720092773
18.0,13.28445053100586,4.26936149597168
-11.0,-15.369600296020508,-3.70552396774292
23.0,24.85832977294922,2.16021728515625
-28.0,-22.733213424682617,-16.53365707397461
7.0,17.47955322265625,3.671478271484375
-11.0,-13.867576599121094,-10.181591033935547
21.0,6.14764404296875,-12.53173828125
-30.0,-7.139530181884766,2.3240013122558594
32.0,27.70648193359375,12.659622192382812
-31.0,-20.259361267089844,-11.809505462646484
17.0,20.471084594726562,18.566940307617188
-14.0,-12.672891616821289,-16.47174835205078
48.0,-0.2509613037109375,1.3273468017578125
-40.0,-8.193870544433594,-5.207672119140625
33.0,10.67999267578125,-7.4173583984375
-37.0,-18.21074676513672,-6.806386947631836
-15.0,-9.362159729003906,-28.848373413085938
11.0,4.183034896850586,26.309478759765625
-4.0,0.39646339416503906,-3.653593063354492
3.0,2.3423681259155273,2.133145332336426
-6.0,-0.9835319519042969,-3.227458953857422
7.0,1.0201785564422607,0.1587972640991211
-7.0,-2.4539718627929688,-0.4252147674560547
5.0,2.7628402709960938,2.1596121788024902
-22.0,4.8801727294921875,4.4281463623046875
22.0,7.254016876220703,9.00735092163086
-23.0,-13.714874267578125,-3.092681884765625
22.0,16.708877563476562,13.529186248779297
-22.0,-20.654922485351562,-7.291534423828125
25.0,16.457111358642578,11.42288589477539
-20.0,3.88861083984375,8.142852783203125
27.0,11.245346069335938,4.415153503417969
-22.0,-8.886627197265625,9.13763427734375
20.0,8.025596618652344,4.224063873291016
-40.0,-6.40234375,-7.4600677490234375
32.0,7.27003288269043,3.4852638244628906
-16.0,-0.29559326171875,15.602752685546875
23.0,14.202484130859375,11.328832626342773
0.0,-13.390731811523438,-51.135475158691406
1.0,2.581390380859375,48.02775573730469
0.0,-1.9561519622802734,-0.5346050262451172
-1.0,0.5368585586547852,-0.4850196838378906
10.0,5.080284118652344,-0.6406269073486328
-10.0,-2.5428466796875,-0.005018711090087891
12.0,9.746784210205078,3.9255523681640625
-8.0,-12.119218826293945,-1.5794363021850586
0.0,29.23139190673828,5.620269775390625
-2.0,-16.5288143157959,-8.339925765991211
-5.0,4.198577880859375,-0.937164306640625
3.0,3.1848220825195312,1.0696525573730469
3.0,-12.720474243164062,-8.15631103515625
-9.0,9.496845245361328,10.12716293334961
5.0,21.431976318359375,11.4405517578125
-3.0,-10.846961975097656,-7.8124237060546875
3.0,16.162979125976562,28.489288330078125
7.0,-1.1748428344726562,-9.69228744506836
9.0,-2.7521514892578125,-3.9822998046875
-11.0,-1.240774154663086,-2.8140525817871094
9.0,8.903076171875,-2.18804931640625
-12.0,-2.466562271118164,4.289356231689453
15.0,-4.028572082519531,-22.28710174560547
-10.0,-1.601644515991211,21.718276977539062
4.0,-2.3526153564453125,3.118988037109375
-4.0,-1.8055095672607422,-2.6181650161743164
16.0,6.063816070556641,2.586832046508789
-17.0,-3.5630252361297607,-0.16381597518920898
19.0,12.200756072998047,4.350767135620117
-13.0,-14.882059097290039,-3.739048480987549
22.0,24.351219177246094,1.1921234130859375
-24.0,-23.7828311920166,-17.34727668762207
18.0,17.9134521484375,2.155517578125
-19.0,-13.524055480957031,-12.45953369140625
25.0,7.9344482421875,-0.864776611328125
-34.0,-6.96026611328125,-1.2957229614257812
25.0,17.543365478515625,3.297698974609375
-30.0,-22.092308044433594,-12.227577209472656
25.0,25.049606323242188,19.351654052734375
-13.0,-9.200439453125,-13.916351318359375
49.0,3.6501922607421875,3.4777679443359375
-43.0,-8.510807037353516,-6.29931640625
25.0,9.19866943359375,-17.790802001953125
-35.0,-16.66904640197754,-7.03947639465332
2.0,4.915674209594727,-0.7007312774658203
-3.0,1.0344576835632324,0.34723949432373047
6.0,10.730979919433594,4.423458099365234
-3.0,0.13995099067687988,0.3572225570678711
10.0,24.262680053710938,3.257476806640625
-6.0,-0.3935508728027344,0.29189586639404297
9.0,71.63763427734375,9.860015869140625
-11.0,-5.438121795654297,-2.2420501708984375
31.0,59.802215576171875,17.177490234375
-27.0,-1.7379913330078125,-3.63946533203125
6.0,43.794921875,18.785552978515625
-3.0,-14.041011810302734,-10.920791625976562
1.0,3.4553680419921875,-4.139739990234375
-4.0,-2.2779922485351562,-0.8642539978027344
-5.0,51.66743469238281,-1.43206787109375
-7.0,-14.783477783203125,-13.63143539428711
44.0,90.28616333007812,6.380859375
-47.0,-33.91413116455078,-7.598236083984375
32.0,77.62393188476562,16.795440673828125
-31.0,-32.988616943359375,-11.632598876953125
9.0,32.91954040527344,13.634567260742188
-6.0,-10.236824035644531,-4.820091247558594
0.0,4.242176055908203,1.0455131530761719
-3.0,0.5775413513183594,0.2968940734863281
4.0,6.353532791137695,1.686819076538086
-3.0,0.197861909866333,0.10130167007446289
9.0,24.071807861328125,-0.3582763671875
-7.0,1.1835460662841797,0.5574512481689453
20.0,68.20344543457031,1.528289794921875
-29.0,3.7559471130371094,0.18267059326171875
35.0,60.819732666015625,10.49822998046875
-38.0,-7.689369201660156,-1.479095458984375
25.0,47.424224853515625,16.094696044921875
-14.0,-9.593463897705078,-5.976169586181641
-4.0,17.92034912109375,-1.989013671875
-1.0,-7.2651519775390625,-2.9523162841796875
-4.0,43.102386474609375,1.262786865234375
2.0,-6.2890167236328125,-5.803077697753906
67.0,82.90716552734375,3.13946533203125
-70.0,-15.232376098632812,0.0311737060546875
39.0,96.06671142578125,16.0035400390625
-47.0,-55.33467102050781,-26.045379638671875
5.0,28.014572143554688,15.425582885742188
-5.0,-12.34420394897461,-4.491207122802734
2.0,7.695285797119141,5.341154098510742
-5.0,0.05197286605834961,0.16343975067138672
9.0,11.7593994140625,4.57692813873291
-8.0,-4.80362606048584,-0.4929666519165039
54.0,32.627532958984375,2.9105224609375
-46.0,-9.118827819824219,-2.684854507446289
69.0,109.3131103515625,36.335723876953125
-80.0,-84.18335723876953,-55.80705261230469
78.0,111.09806823730469,85.06494140625
-83.0,-62.21202087402344,-75.0921630859375
46.0,66.99635314941406,45.787872314453125
-57.0,-67.8306884765625,-71.36730194091797
44.0,49.46928405761719,23.117401123046875
-38.0,-55.596031188964844,-49.62150573730469
65.0,103.07518005371094,42.110809326171875
-66.0,-76.05409240722656,-69.526611328125
111.0,160.90908813476562,75.4532470703125
-102.0,-82.65081787109375,-89.07186889648438
76.0,128.3956298828125,76.05307006835938
-87.0,-63.290924072265625,-76.67645263671875
68.0,52.11412048339844,50.50672912597656
-70.0,-63.899112701416016,-74.0201644897461
0.0,6.33306884765625,3.346599578857422
0.0,0.6082775592803955,0.2860603332519531
3.0,8.292491912841797,3.045133590698242
1.0,0.2550022602081299,0.1601700782775879
2.0,26.40149688720703,0.5470504760742188
-4.0,2.5560779571533203,0.21274185180664062
10.0,67.540283203125,7.977783203125
-17.0,-9.887203216552734,-4.008155822753906
12.0,54.779388427734375,7.35162353515625
-14.0,-0.11669921875,0.6525039672851562
1.0,37.19671630859375,5.347869873046875
-5.0,-4.92523193359375,-4.019138336181641
-11.0,16.185989379882812,-3.7933349609375
8.0,-5.297004699707031,-0.7873077392578125
15.0,36.846038818359375,0.21435546875
-11.0,-1.8570899963378906,-1.1380043029785156
43.0,95.69100952148438,17.27947998046875
-47.0,-17.7230224609375,-7.626617431640625
40.0,81.36016845703125,12.43463134765625
-44.0,-40.404388427734375,-16.77989959716797
0.0,30.849395751953125,15.25347900390625
-4.0,-12.657711029052734,-6.855888366699219
13.0,11.710412979125977,7.168745040893555
-13.0,-7.344631195068359,-1.2501235008239746
7.0,11.766094207763672,2.389263153076172
-7.0,-7.460614204406738,-0.9962000846862793
52.0,43.59950256347656,9.098800659179688
-49.0,-24.842483520507812,-4.678215026855469
84.0,115.77565002441406,44.924835205078125
-91.0,-91.81363677978516,-58.99424743652344
107.0,144.3034210205078,137.8205108642578
-104.0,-79.25895690917969,-127.4375
89.0,93.71076965332031,103.66778564453125
-81.0,-84.78036499023438,-121.21722412109375
52.0,52.18206787109375,29.81597900390625
-61.0,-69.01929473876953,-65.56321716308594
95.0,106.322509765625,72.749755859375
-94.0,-91.99403381347656,-99.23442077636719
89.0,157.24002075195312,65.31454467773438
-101.0,-83.06373596191406,-96.0206298828125
97.0,149.73580932617188,149.169921875
-101.0,-75.58811950683594,-132.41998291015625
79.0,63.03880310058594,68.8912353515625
-74.0,-66.67811584472656,-81.16698455810547
-2.0,-0.6734981536865234,1.7462444305419922
0.0,-0.45691633224487305,-0.050345420837402344
-2.0,-4.377447128295898,-2.7366390228271484
0.0,0.057910919189453125,-0.2559208869934082
-1.0,-0.1908721923828125,-3.615753173828125
-1.0,1.577096939086914,0.26555538177490234
11.0,-3.4341888427734375,-8.33172607421875
-18.0,9.194068908691406,2.4247207641601562
4.0,1.01751708984375,-6.67926025390625
-11.0,-5.951377868652344,2.160369873046875
19.0,3.629302978515625,-2.69085693359375
-11.0,4.447547912597656,4.944622039794922
-5.0,14.464981079101562,2.150726318359375
3.0,-4.987159729003906,-2.088062286376953
1.0,-8.565048217773438,2.694854736328125
9.0,8.494461059570312,7.828357696533203
23.0,-7.378997802734375,-3.24139404296875
-23.0,18.68175506591797,7.6294097900390625
7.0,18.442779541015625,-0.791900634765625
-16.0,-22.346054077148438,-14.41278076171875
-4.0,-4.90496826171875,1.791015625
1.0,-2.107379913330078,0.3288841247558594
0.0,2.779611587524414,6.0418853759765625
-2.0,-0.9824848175048828,-0.18379974365234375
3.0,1.0284194946289062,0.15347003936767578
-5.0,-4.943576812744141,-0.850189208984375
44.0,8.364852905273438,-0.346954345703125
-40.0,-8.725276947021484,-2.976750373840332
60.0,37.67547607421875,26.4757080078125
-69.0,-78.7452392578125,-53.56500244140625
47.0,51.29585266113281,67.887451171875
-56.0,-60.474029541015625,-71.45269775390625
40.0,23.201431274414062,27.0023193359375
-54.0,-53.789676666259766,-60.446510314941406
43.0,46.013916015625,27.25714111328125
-34.0,-53.31803894042969,-48.75725173950195
70.0,51.407745361328125,43.542877197265625
-59.0,-61.27061462402344,-55.89517593383789
67.0,70.6229248046875,69.0723876953125
-55.0,-48.73668670654297,-81.4736328125
44.0,50.771697998046875,59.25762939453125
-56.0,-30.30230712890625,-65.04385375976562
59.0,19.194580078125,36.872161865234375
-64.0,-53.662288665771484,-69.2000732421875
-2.0,1.4173946380615234,4.047330856323242
3.0,-0.4261801242828369,-0.061179161071777344
-3.0,-2.438488006591797,-1.3783245086669922
4.0,0.11505126953125,-0.1970524787902832
-8.0,2.1388168334960938,-2.7104263305664062
2.0,2.9496288299560547,-0.07915401458740234
1.0,-4.09735107421875,-1.882232666015625
-6.0,-4.4490814208984375,-1.7661056518554688
-19.0,-5.0228271484375,-9.82586669921875
13.0,1.6212921142578125,4.291969299316406
-5.0,-6.59820556640625,-13.43768310546875
-2.0,9.115779876708984,6.901653289794922
-12.0,12.730621337890625,0.346405029296875
12.0,-3.019012451171875,0.07694625854492188
20.0,-14.821395874023438,1.64642333984375
-4.0,12.926387786865234,12.493431091308594
-1.0,5.40484619140625,10.89862060546875
0.0,16.19110870361328,-0.02838134765625
8.0,3.736236572265625,-4.360809326171875
-13.0,-7.415771484375,-5.147300720214844
-9.0,-2.0701446533203125,1.6189117431640625
2.0,-2.420886993408203,-2.035797119140625
11.0,6.79473876953125,7.869476318359375
-10.0,-8.37908935546875,-1.597362995147705
1.0,1.0351142883300781,-2.0341949462890625
-4.0,-7.600564956665039,-1.3534226417541504
42.0,19.336822509765625,5.8413238525390625
-43.0,-24.448932647705078,-4.970110893249512
75.0,44.13801574707031,35.0648193359375
-80.0,-86.37551879882812,-56.752197265625
76.0,84.50120544433594,120.64302062988281
-77.0,-77.52096557617188,-123.79803466796875
83.0,49.91584777832031,84.88223266601562
-78.0,-70.73934936523438,-110.29643249511719
51.0,48.72669982910156,33.955718994140625
-57.0,-66.74130249023438,-64.69895935058594
100.0,54.65507507324219,74.18182373046875
-87.0,-77.21055603027344,-85.60298156738281
45.0,66.953857421875,58.933685302734375
-54.0,-49.14960479736328,-88.42239379882812
65.0,72.11187744140625,132.37448120117188
-70.0,-42.59950256347656,-120.78738403320312
70.0,30.1192626953125,55.25666809082031
-68.0,-56.441287994384766,-76.34689331054688
2.0,3.4531097412109375,4.29564094543457
-2.0,-0.5255684852600098,-0.1334543228149414
5.0,5.405866622924805,2.890109062194824
-5.0,-5.001487731933594,-0.5942683219909668
45.0,8.55572509765625,3.268798828125
-39.0,-10.302373886108398,-3.2423057556152344
49.0,41.10966491699219,34.80743408203125
-51.0,-87.93930053710938,-55.989723205566406
43.0,50.27833557128906,74.56671142578125
-45.0,-54.52265167236328,-73.61306762695312
21.0,19.572128295898438,29.69317626953125
-43.0,-58.23722457885742,-65.39112854003906
48.0,31.548934936523438,25.106414794921875
-37.0,-48.33087921142578,-46.669189453125
69.0,59.97279357910156,40.8480224609375
-68.0,-69.76507568359375,-63.723533630371094
44.0,78.00192260742188,72.31378173828125
-32.0,-67.41844177246094,-89.10304260253906
37.0,32.32891845703125,60.049530029296875
-40.0,-7.9562530517578125,-50.631072998046875
63.0,24.09954833984375,35.081146240234375
-65.0,-51.554908752441406,-69.52896118164062
0.0,2.090892791748047,2.30108642578125
3.0,0.030736207962036133,-0.010833740234375
-1.0,1.9389591217041016,1.3583145141601562
4.0,0.057140350341796875,0.058868408203125
-7.0,2.3296890258789062,0.9053268432617188
3.0,1.3725318908691406,-0.3447093963623047
-10.0,-0.6631622314453125,6.449493408203125
12.0,-13.643150329589844,-4.190826416015625
-23.0,-6.04034423828125,-3.1466064453125
24.0,7.572669982910156,2.1315994262695312
-24.0,-10.227508544921875,-10.746826171875
9.0,4.668231964111328,1.95703125
-7.0,-1.7343597412109375,-1.8043212890625
9.0,1.9681472778320312,2.165008544921875
19.0,-6.25634765625,-1.048431396484375
-13.0,4.431926727294922,4.665073394775391
-24.0,12.783843994140625,14.1400146484375
23.0,-2.4906463623046875,-7.6577911376953125
1.0,-14.70654296875,-3.56890869140625
3.0,14.930282592773438,9.265480041503906
-5.0,2.8348236083984375,-0.1721038818359375
1.0,-0.313507080078125,-2.3646812438964844
13.0,7.468236923217773,6.123231887817383
-10.0,-7.922172546386719,-1.5470175743103027
3.0,5.412561416625977,0.7024440765380859
-4.0,-7.658475875854492,-1.0975017547607422
43.0,19.527694702148438,9.457077026367188
-42.0,-26.026029586791992,-5.235666275024414
64.0,47.57220458984375,43.39654541015625
-62.0,-95.569580078125,-59.176918029785156
72.0,83.48368835449219,127.32228088378906
-66.0,-71.56958770751953,-125.95840454101562
64.0,46.28654479980469,87.57308959960938
-67.0,-75.18690490722656,-115.24105834960938
56.0,34.26171875,31.80499267578125
-60.0,-61.75414276123047,-62.61090087890625
99.0,63.220123291015625,71.48696899414062
-96.0,-85.70501708984375,-93.43134307861328
22.0,74.33285522460938,62.175079345703125
-31.0,-67.83135986328125,-96.05180358886719
58.0,53.669097900390625,133.1663818359375
-54.0,-20.253448486328125,-106.37460327148438
74.0,35.02423095703125,53.46565246582031
-69.0,-54.33390808105469,-76.67578125
-2.0,-1.3622169494628906,-1.9945545196533203
5.0,0.5563046932220459,0.1226205825805664
-6.0,-3.466907501220703,-1.531794548034668
9.0,5.058628082275391,0.6531367301940918
-52.0,-6.226036071777344,-2.3634719848632812
42.0,11.674905776977539,2.8975963592529297
-59.0,-41.7728271484375,-28.357940673828125
63.0,74.29615783691406,51.79889678955078
-66.0,-56.31867980957031,-77.71331787109375
69.0,62.09532165527344,75.74466705322266
-45.0,-29.799636840820312,-40.44000244140625
52.0,62.90545654296875,67.34815979003906
-55.0,-33.283294677734375,-26.910736083984375
46.0,50.29902648925781,48.834197998046875
-50.0,-66.22914123535156,-41.896453857421875
55.0,74.19700622558594,68.38861083984375
-68.0,-65.21807861328125,-58.17376708984375
55.0,64.92779541015625,81.44525146484375
-36.0,-47.03546142578125,-63.618438720703125
43.0,22.88653564453125,59.89655303955078
-68.0,-21.264724731445312,-35.25325012207031
66.0,51.24140167236328,67.16427612304688
11.0,4.015127182006836,1.8275909423828125
-8.0,-7.396604061126709,-1.4135632514953613
-2.0,0.006694793701171875,-2.1876649856567383
1.0,-2.6569881439208984,-0.5032334327697754
-2.0,10.971969604492188,6.1882781982421875
-3.0,-15.723655700683594,-1.9933605194091797
15.0,6.4625396728515625,8.589111328125
-11.0,-7.630279541015625,-3.18719482421875
29.0,33.205352783203125,52.75556945800781
-21.0,-17.04693603515625,-52.3453369140625
43.0,26.71441650390625,57.879913330078125
-24.0,-16.949676513671875,-49.84992218017578
8.0,2.7127838134765625,6.698577880859375
-23.0,-13.423263549804688,-15.94171142578125
30.0,3.2473297119140625,30.638946533203125
-28.0,-15.93994140625,-29.707809448242188
-22.0,-3.6690673828125,-10.138702392578125
1.0,-0.4129180908203125,-6.948760986328125
21.0,21.340179443359375,73.11685180664062
-14.0,-12.297195434570312,-55.7435302734375
11.0,10.9246826171875,18.384506225585938
-4.0,-2.7789993286132812,-7.146820068359375
13.0,5.377344131469727,3.822145462036133
-13.0,-7.952908515930176,-1.5361838340759277
4.0,3.473602294921875,-0.6558704376220703
-8.0,-7.715616226196289,-1.1563701629638672
50.0,17.19800567626953,8.551750183105469
-45.0,-27.398561477661133,-4.890956878662109
74.0,48.23536682128906,36.947052001953125
-74.0,-81.92643737792969,-54.98609161376953
95.0,89.52403259277344,130.46888732910156
-90.0,-79.14225769042969,-128.08999633789062
88.0,56.51405334472656,98.31991577148438
-76.0,-79.85513305664062,-117.19808959960938
63.0,35.99607849121094,33.60931396484375
-69.0,-63.7222900390625,-64.77590942382812
80.0,69.47647094726562,72.535400390625
-83.0,-90.13694763183594,-98.09642028808594
46.0,61.54901123046875,48.035064697265625
-54.0,-65.34071350097656,-88.39401245117188
57.0,68.37564086914062,136.73529052734375
-57.0,-35.18373107910156,-115.64008331298828
79.0,32.18940734863281,53.63775634765625
-70.0,-54.02040100097656,-74.31109619140625
-1.0,4.820930480957031,-0.12432479858398438
-1.0,0.555783748626709,-0.028621673583984375
2.0,11.980701446533203,1.7106266021728516
-3.0,0.4249763488769531,-0.46797752380371094
8.0,5.693294525146484,-0.7715225219726562
-6.0,0.4006690979003906,0.0656890869140625
7.0,29.22332763671875,-5.1815032958984375
-10.0,2.5067577362060547,2.659505844116211
13.0,37.976593017578125,-2.5718994140625
-6.0,0.23034286499023438,0.331298828125
9.0,52.53758239746094,-9.731842041015625
-14.0,-4.3848114013671875,-1.6119155883789062
23.0,51.16241455078125,13.1888427734375
-21.0,-11.87420654296875,-7.747890472412109
-1.0,10.04913330078125,1.109222412109375
3.0,2.9413299560546875,4.120109558105469
16.0,63.429443359375,4.1611328125
-13.0,2.5354232788085938,-1.2399520874023438
19.0,53.343109130859375,14.81365966796875
-20.0,-15.959434509277344,-2.126708984375
5.0,19.879562377929688,7.078155517578125
-6.0,-3.325580596923828,3.3736801147460938
-2.0,8.773109436035156,3.752704620361328
1.0,0.4853382110595703,-0.9551029205322266
3.0,10.432861328125,1.8262825012207031
-3.0,1.1919846534729004,0.2696352005004883
8.0,8.037227630615234,3.6714324951171875
-8.0,-0.5361919403076172,-0.2644786834716797
8.0,24.602020263671875,-1.4885101318359375
-8.0,2.1664810180664062,2.3256053924560547
14.0,49.420501708984375,4.4778594970703125
-8.0,1.1712722778320312,-4.209453582763672
12.0,54.292816162109375,-13.5811767578125
-23.0,-1.70709228515625,-2.5408897399902344
28.0,60.57673645019531,19.333541870117188
-24.0,-21.004112243652344,-12.753314971923828
-3.0,8.5281982421875,2.028472900390625
1.0,3.1240005493164062,5.643917083740234
12.0,72.2109375,6.9036865234375
-13.0,-1.3865890502929688,-7.957263946533203
0.0,50.1396484375,15.79840087890625
-5.0,-11.531646728515625,0.12776947021484375
-3.0,20.44512939453125,6.182952880859375
-2.0,-5.270549774169922,0.433563232421875
7.0,2.3169708251953125,-2.3654823303222656
-15.0,-2.3738036155700684,-4.482398986816406
15.0,17.423809051513672,5.3260040283203125
-13.0,-6.659012794494629,-0.42853355407714844
11.0,10.738384246826172,-3.310821533203125
-14.0,-7.880998611450195,-2.2251243591308594
49.0,51.56575012207031,7.0234222412109375
-45.0,-32.20635223388672,-20.85475730895996
73.0,70.69754028320312,7.5901641845703125
-70.0,-55.85624313354492,-42.542457580566406
80.0,91.9036865234375,15.538864135742188
-82.0,-64.34608459472656,-63.039825439453125
116.0,100.44680786132812,52.15339660644531
-100.0,-71.48268127441406,-86.94627380371094
69.0,73.23281860351562,28.30377197265625
-74.0,-78.3799057006836,-82.40093994140625
86.0,125.41073608398438,43.282958984375
-78.0,-82.37713623046875,-73.69551086425781
91.0,91.41070556640625,28.958740234375
-97.0,-77.90940856933594,-67.12010955810547
57.0,57.29920959472656,30.27545166015625
-66.0,-63.666744232177734,-61.923805236816406
-2.0,6.5176239013671875,3.3076324462890625
0.0,0.012224674224853516,-0.5997848510742188
1.0,10.736867904663086,-0.012355804443359375
-2.0,1.368821620941162,0.31541919708251953
3.0,4.256832122802734,-1.030782699584961
-2.0,0.841639518737793,-0.27918434143066406
11.0,28.958160400390625,-0.629119873046875
-12.0,2.355257034301758,1.7447834014892578
9.0,47.13536071777344,0.585418701171875
-8.0,-2.3767967224121094,-5.6910400390625
19.0,54.5628662109375,-2.89837646484375
-21.0,-1.5695037841796875,-2.211944580078125
26.0,51.86006164550781,8.5745849609375
-19.0,-8.335010528564453,-2.2940139770507812
-3.0,6.62115478515625,-3.594451904296875
0.0,4.020011901855469,4.256175994873047
-3.0,66.57080078125,-2.191650390625
-3.0,-4.123710632324219,-7.125995635986328
1.0,48.777801513671875,6.532958984375
-4.0,-15.440170288085938,-6.093925476074219
-5.0,13.331375122070312,-1.59906005859375
-3.0,-2.8662681579589844,1.8063430786132812
8.0,7.459407806396484,3.014415740966797
-18.0,-11.170677185058594,-5.91563606262207
10.0,12.603607177734375,-0.9894638061523438
-11.0,-6.948332786560059,-0.9428892135620117
28.0,12.810916900634766,-5.927024841308594
-33.0,-14.484357833862305,-2.6524219512939453
55.0,57.52827453613281,8.271209716796875
-56.0,-38.667259216308594,-27.124876022338867
90.0,82.92105102539062,28.475189208984375
-88.0,-67.8974609375,-65.4630355834961
97.0,103.10301208496094,51.28657531738281
-102.0,-80.73309326171875,-105.74775695800781
135.0,110.86589050292969,80.998046875
-131.0,-81.30628967285156,-116.45989990234375
102.0,93.490478515625,76.67143249511719
-99.0,-91.0093765258789,-116.69139099121094
84.0,135.7332305908203,46.230224609375
-84.0,-93.01243591308594,-89.05370330810547
80.0,104.75885009765625,72.0560302734375
-98.0,-94.07810974121094,-106.48485565185547
57.0,58.84278869628906,40.52947998046875
-66.0,-66.58442687988281,-71.9654312133789
-1.0,3.952178955078125,3.8770294189453125
2.0,-0.07044553756713867,-0.9264812469482422
1.0,-1.5478401184082031,0.11565589904785156
0.0,0.7670083045959473,0.7376127243041992
0.0,2.34393310546875,4.442955017089844
-2.0,-0.9368610382080078,-0.3301677703857422
1.0,-4.621307373046875,3.6929931640625
2.0,-0.34027671813964844,-0.33390045166015625
1.0,11.44390869140625,7.0497589111328125
-2.0,0.9409294128417969,-4.540752410888672
3.0,1.7552337646484375,-3.849334716796875
-9.0,2.6777191162109375,-0.9289741516113281
5.0,9.414321899414062,6.1446990966796875
-3.0,-9.129905700683594,-5.005424499511719
-2.0,-1.52093505859375,0.91925048828125
-2.0,0.18267059326171875,1.5238075256347656
-4.0,8.781494140625,2.7425537109375
0.0,-3.9220123291015625,-6.717311859130859
-19.0,-3.203460693359375,0.9847412109375
15.0,4.427787780761719,2.2544784545898438
-8.0,0.5655670166015625,-0.89520263671875
4.0,-1.9449691772460938,-2.9401168823242188
8.0,-2.5039596557617188,-2.2411575317382812
-14.0,-2.9295873641967773,-4.453777313232422
13.0,5.443107604980469,3.615377426147461
-10.0,-7.083989143371582,0.0394439697265625
3.0,5.0450897216796875,-2.5392990112304688
-8.0,-8.281667709350586,-2.290813446044922
42.0,22.342422485351562,12.204925537109375
-35.0,-34.713111877441406,-23.514263153076172
60.0,32.720947265625,10.162063598632812
-64.0,-56.086585998535156,-42.873756408691406
71.0,39.36610412597656,25.270706176757812
-68.0,-59.961273193359375,-61.42790985107422
93.0,49.284393310546875,38.96455383300781
-79.0,-59.60847473144531,-79.19837951660156
70.0,63.183685302734375,27.194549560546875
-77.0,-81.32123565673828,-86.52105712890625
70.0,61.981292724609375,39.121826171875
-65.0,-84.91255950927734,-72.45555877685547
72.0,38.067596435546875,14.14508056640625
-77.0,-61.949974060058594,-64.99340057373047
52.0,37.419647216796875,23.197296142578125
-60.0,-60.341163635253906,-65.2974853515625
-1.0,1.6966934204101562,3.431957244873047
1.0,-0.5435590744018555,-0.5711631774902344
-1.0,-1.2438335418701172,-1.722982406616211
1.0,0.943845272064209,0.7833967208862305
-5.0,-1.43646240234375,-0.2592601776123047
4.0,0.44097042083740234,-0.34487342834472656
4.0,-0.265167236328125,4.5523834228515625
-2.0,-0.15150070190429688,-0.9147224426269531
-4.0,9.158767700195312,3.157318115234375
-2.0,-2.6071395874023438,-6.0223388671875
10.0,2.0252838134765625,6.833465576171875
-7.0,2.8153076171875,-0.6000289916992188
3.0,0.6976470947265625,-4.6142578125
2.0,3.539196014404297,5.453876495361328
-2.0,-3.427978515625,-4.70367431640625
-3.0,1.0786819458007812,0.13606643676757812
-19.0,3.141357421875,-6.352783203125
10.0,-6.6591339111328125,-5.886043548583984
-18.0,-4.5653076171875,-8.28070068359375
16.0,0.5192642211914062,-3.9672164916992188
-10.0,-6.548187255859375,-8.677215576171875
3.0,0.45931243896484375,-1.5673370361328125
9.0,2.638477325439453,3.1387405395507812
-17.0,-11.726460456848145,-5.887014389038086
8.0,0.6229057312011719,-2.7000904083251953
-8.0,-7.373309135437012,-0.4749116897583008
20.0,7.117622375488281,-5.1555023193359375
-27.0,-14.885026931762695,-2.718111038208008
48.0,28.304946899414062,13.452713012695312
-46.0,-41.17401885986328,-29.784381866455078
77.0,44.9444580078125,31.047088623046875
-82.0,-68.12779998779297,-65.7943344116211
88.0,50.5654296875,61.01841735839844
-88.0,-76.34828186035156,-104.1358413696289
112.0,59.70347595214844,67.8092041015625
-110.0,-69.43208312988281,-108.71200561523438
103.0,83.44134521484375,75.56221008300781
-102.0,-93.9507064819336,-120.81150817871094
68.0,72.30378723144531,42.069091796875
-71.0,-95.54785919189453,-87.81375122070312
61.0,51.415740966796875,57.24237060546875
-78.0,-78.1186752319336,-104.35814666748047
52.0,38.963226318359375,33.451324462890625
-60.0,-63.25885009765625,-75.339111328125
9.0,-6.456138610839844,-6.118186950683594
-16.0,-2.8591418266296387,-3.5272960662841797
12.0,6.990947723388672,3.4997215270996094
-10.0,-7.850997447967529,-0.6981687545776367
3.0,2.7011566162109375,-6.9822540283203125
-6.0,-7.344806671142578,-1.9606456756591797
41.0,26.963729858398438,8.511932373046875
-37.0,-34.372833251953125,-23.180362701416016
59.0,21.27703857421875,3.1123046875
-62.0,-57.02751541137695,-38.333003997802734
68.0,37.610870361328125,29.120040893554688
-59.0,-62.63899230957031,-60.49893569946289
88.0,39.87007141113281,32.819854736328125
-76.0,-50.47856903076172,-74.19295501708984
72.0,64.70462036132812,26.275299072265625
-75.0,-81.50390625,-88.04486083984375
74.0,53.199798583984375,36.3792724609375
-65.0,-80.99054718017578,-65.73825073242188
91.0,41.27105712890625,13.16033935546875
-92.0,-66.37776184082031,-67.24787902832031
60.0,36.85408020019531,24.092498779296875
-64.0,-58.39619445800781,-62.35736846923828
0.0,-2.2554855346679688,-0.4450721740722656
-1.0,-0.4731135368347168,0.3553180694580078
-2.0,0.30400657653808594,-1.8386383056640625
1.0,0.17683696746826172,0.04578399658203125
-5.0,-3.7803955078125,-4.702215194702148
6.0,1.3778314590454102,-0.014705657958984375
3.0,4.35614013671875,0.8593902587890625
-4.0,0.18877601623535156,-0.5808219909667969
-5.0,-2.2851409912109375,-3.8924407958984375
0.0,-3.5480690002441406,-1.4815864562988281
7.0,0.270050048828125,10.68280029296875
2.0,0.1375885009765625,0.3289451599121094
-2.0,-8.7166748046875,-10.758956909179688
5.0,12.66910171508789,10.459300994873047
0.0,-1.90704345703125,-5.6229248046875
-1.0,0.8960113525390625,-1.3877410888671875
-15.0,-5.64013671875,-9.0953369140625
10.0,-2.73712158203125,0.831268310546875
1.0,-1.361846923828125,-9.26544189453125
1.0,-3.9085235595703125,-6.2216949462890625
-2.0,-7.1137542724609375,-7.782012939453125
-1.0,2.4042816162109375,1.3727798461914062
10.0,-1.3137016296386719,-0.7382888793945312
-19.0,-11.656015396118164,-4.960533142089844
7.0,2.170745849609375,-2.815746307373047
-8.0,-8.140317916870117,-1.2125244140625
20.0,4.773689270019531,-9.598457336425781
-25.0,-13.948165893554688,-2.3879432678222656
47.0,32.92625427246094,9.759719848632812
-48.0,-40.833740234375,-29.450481414794922
76.0,33.50054931640625,23.997329711914062
-80.0,-69.0687255859375,-61.25358200073242
85.0,48.81019592285156,64.86775207519531
-79.0,-79.0260009765625,-103.20686340332031
107.0,50.289154052734375,61.66450500488281
-107.0,-60.30217742919922,-103.70658111572266
105.0,84.9622802734375,74.64295959472656
-100.0,-94.13337707519531,-122.33531188964844
72.0,63.52229309082031,39.3265380859375
-71.0,-91.62584686279297,-81.096435546875
80.0,54.61920166015625,56.25762939453125
-93.0,-82.54646301269531,-106.61262512207031
60.0,38.39765930175781,34.346527099609375
-64.0,-61.313880920410156,-72.39899444580078
-9.0,4.200653076171875,5.673114776611328
15.0,2.386028289794922,3.8826141357421875
-14.0,-6.686941146850586,-5.338359832763672
11.0,8.027833938598633,0.743952751159668
-8.0,-6.4815521240234375,2.280038833618164
12.0,8.722638130187988,1.9459400177001953
-38.0,-22.607589721679688,-7.6525421142578125
33.0,34.56161117553711,22.59954071044922
-64.0,-23.562179565429688,-7.0047454833984375
62.0,53.47944641113281,36.851417541503906
-61.0,-37.3408203125,-18.437240600585938
61.0,62.776580810546875,60.827880859375
-90.0,-48.58674621582031,-43.57881164550781
81.0,63.14767074584961,84.65225219726562
-72.0,-66.61166381835938,-31.898223876953125
74.0,82.39991760253906,86.65711975097656
-89.0,-58.839935302734375,-45.474609375
75.0,78.25342559814453,66.56951904296875
-90.0,-42.632904052734375,-22.42578125
93.0,62.46923828125,61.02618408203125
-62.0,-43.96783447265625,-31.87451171875
63.0,60.80047607421875,63.73014831542969
1.0,5.142436981201172,5.3798980712890625
-3.0,-8.796873092651367,-1.433237075805664
-5.0,-4.820201873779297,-6.315467834472656
2.0,-0.2893199920654297,-0.5143556594848633
17.0,2.0725326538085938,-2.6162033081054688
-19.0,-6.603359222412109,-0.42729759216308594
6.0,5.9625244140625,1.2477874755859375
-11.0,-6.460906982421875,-6.270118713378906
17.0,12.2235107421875,20.885025024414062
-18.0,-12.041213989257812,-22.920578002929688
17.0,11.199325561523438,35.747711181640625
-20.0,-16.387008666992188,-42.70793151855469
19.0,10.419082641601562,28.844650268554688
-31.0,-9.8236083984375,-29.513626098632812
33.0,20.257659912109375,48.36766052246094
-25.0,-12.629470825195312,-34.29045104980469
-2.0,10.322494506835938,2.947265625
-6.0,-10.635299682617188,-15.358192443847656
-11.0,13.34814453125,43.0972900390625
-1.0,-16.168701171875,-39.36474609375
0.0,1.5435791015625,10.2540283203125
0.0,-2.9176864624023438,-10.0416259765625
10.0,0.9417839050292969,-0.2932167053222656
-18.0,-11.182901382446289,-5.315851211547852
9.0,1.866739273071289,-0.9771080017089844
-9.0,-8.317153930664062,-1.2583084106445312
25.0,8.554084777832031,-4.896242141723633
-31.0,-15.325997352600098,-2.3732376098632812
44.0,28.570114135742188,8.90032958984375
-44.0,-41.022518157958984,-28.869659423828125
81.0,35.78569030761719,27.8897705078125
-80.0,-65.52066040039062,-59.771995544433594
78.0,48.54014587402344,54.18495178222656
-81.0,-79.16358947753906,-103.53581237792969
109.0,59.005828857421875,72.4234619140625
-112.0,-72.97128295898438,-114.16587829589844
105.0,86.86932373046875,80.26588439941406
-99.0,-95.02938842773438,-120.94757080078125
87.0,69.16242980957031,48.421875
-81.0,-88.88872528076172,-81.92770385742188
79.0,55.981048583984375,65.5230712890625
-94.0,-78.637939453125,-100.39093017578125
62.0,45.51141357421875,42.1285400390625
-63.0,-63.718162536621094,-73.77177429199219
1.0,0.6478853225708008,0.22514629364013672
-1.0,0.13663768768310547,0.09711647033691406
4.0,3.422614097595215,1.5459280014038086
-2.0,-0.47374820709228516,0.07967901229858398
5.0,26.226348876953125,4.945722579956055
-3.0,2.8988418579101562,0.6725244522094727
10.0,40.289512634277344,2.5278472900390625
-11.0,4.736297607421875,-0.4793529510498047
14.0,7.7362060546875,19.895065307617188
-7.0,-6.155372619628906,-10.340152740478516
-2.0,20.18085479736328,6.7783203125
2.0,-4.985225677490234,-7.427925109863281
8.0,3.873870849609375,-4.3343658447265625
-7.0,-4.465253829956055,0.5013236999511719
6.0,19.991867065429688,-0.8468780517578125
-1.0,-2.4168243408203125,-2.8038864135742188
20.0,38.73710632324219,9.088134765625
-16.0,-6.748363494873047,-7.292858123779297
24.0,18.945846557617188,17.769699096679688
-20.0,-18.88886260986328,-4.55535888671875
11.0,21.406761169433594,18.52227020263672
-8.0,-7.837587356567383,-3.1537647247314453
1.0,0.5391683578491211,0.6478080749511719
0.0,-0.2144489288330078,0.20983171463012695
2.0,3.13381290435791,1.7412362098693848
0.0,0.8232581615447998,0.23547911643981934
8.0,30.027477264404297,8.144352912902832
-7.0,0.5177211761474609,0.8236598968505859
7.0,53.14762878417969,12.604743957519531
0.0,-7.414234161376953,-5.656944274902344
9.0,4.57928466796875,5.0792083740234375
-9.0,-8.465435028076172,-5.879154205322266
2.0,16.834609985351562,-1.742645263671875
-6.0,1.9937553405761719,-0.33209228515625
11.0,8.364860534667969,-2.3459625244140625
-9.0,-3.356344223022461,1.88397216796875
3.0,18.97149658203125,1.280303955078125
3.0,-0.956573486328125,-3.29290771484375
3.0,39.61500549316406,8.45703125
1.0,-8.852455139160156,-9.127605438232422
20.0,16.189056396484375,19.15472412109375
-16.0,-16.313560485839844,-10.869537353515625
10.0,11.821044921875,7.5635223388671875
-13.0,-5.593202590942383,-1.132364273071289
1.0,-0.05552101135253906,-0.7158908843994141
-2.0,-0.2829606533050537,-0.12101030349731445
4.0,3.1398773193359375,0.24717235565185547
-4.0,-1.1953105926513672,-0.14926719665527344
15.0,31.639774322509766,5.212795257568359
-16.0,-11.782855987548828,0.17115020751953125
40.0,66.82581329345703,23.316253662109375
-37.0,-38.726715087890625,-24.89537811279297
41.0,26.424789428710938,60.025177001953125
-38.0,-42.801849365234375,-60.338226318359375
25.0,31.097946166992188,16.319488525390625
-22.0,-23.61404037475586,-22.079910278320312
19.0,15.150405883789062,3.669189453125
-20.0,-22.537355422973633,-12.724773406982422
24.0,39.07414245605469,17.17687225341797
-19.0,-31.092247009277344,-28.524417877197266
34.0,69.05790710449219,36.84208679199219
-35.0,-42.61414337158203,-40.61613464355469
38.0,35.80293273925781,42.493865966796875
-37.0,-32.210166931152344,-31.51752471923828
32.0,29.549278259277344,47.80821990966797
-31.0,-28.93468475341797,-27.13741111755371
1.0,1.008772850036621,0.9951510429382324
0.0,0.11155176162719727,0.12464189529418945
-1.0,1.900411605834961,0.4709634780883789
1.0,0.10284066200256348,-0.030332088470458984
8.0,22.970901489257812,5.058150291442871
-5.0,2.904874801635742,0.3429880142211914
11.0,36.93330383300781,3.6143798828125
-11.0,2.5723609924316406,-0.5463180541992188
11.0,2.071319580078125,8.060531616210938
-8.0,-8.89205551147461,-5.220703125
4.0,12.004547119140625,-5.7332763671875
-6.0,-0.3929862976074219,0.018642425537109375
8.0,11.3743896484375,-0.922607421875
0.0,-3.224641799926758,0.057331085205078125
-4.0,19.366424560546875,-0.6138763427734375
6.0,0.7288894653320312,-0.06261444091796875
9.0,37.8538818359375,6.526275634765625
-5.0,-4.080101013183594,-3.2931365966796875
17.0,21.616439819335938,20.508941650390625
-16.0,-21.832557678222656,-11.089729309082031
6.0,14.987747192382812,11.027717590332031
-4.0,-3.026905059814453,1.0817737579345703
2.0,3.961071014404297,0.1885542869567871
-1.0,-4.60513162612915,0.057399749755859375
7.0,3.0223073959350586,0.843731164932251
-7.0,-1.3443241119384766,0.14347076416015625
25.0,35.558841705322266,4.287595748901367
-24.0,-12.648704528808594,0.25565433502197266
48.0,76.00624084472656,38.108123779296875
-38.0,-42.42951965332031,-31.744739532470703
35.0,20.109939575195312,31.422164916992188
-32.0,-40.31291961669922,-38.995445251464844
39.0,34.24064636230469,31.594100952148438
-32.0,-30.906513214111328,-35.495460510253906
31.0,28.708343505859375,14.646995544433594
-31.0,-32.600433349609375,-23.146480560302734
36.0,46.89344787597656,23.516265869140625
-28.0,-50.92149353027344,-41.071128845214844
53.0,71.38796997070312,45.036224365234375
-47.0,-40.89129638671875,-51.390663146972656
37.0,47.47528076171875,79.3079833984375
-37.0,-46.20397186279297,-66.40782165527344
30.0,27.626541137695312,33.409889221191406
-29.0,-28.400691986083984,-24.586572647094727
0.0,-0.10871696472167969,0.42266178131103516
1.0,-0.3510866165161133,0.11271524429321289
-2.0,-0.2888011932373047,0.19530820846557617
2.0,1.297006368637085,0.15580010414123535
3.0,3.801128387451172,3.1986303329467773
-4.0,-2.3811206817626953,0.15113544464111328
-3.0,12.858116149902344,10.076896667480469
11.0,-12.150531768798828,-5.177591323852539
-5.0,-3.15692138671875,-14.81585693359375
-2.0,-2.3100624084472656,4.46099853515625
4.0,-3.3462448120117188,-8.520965576171875
-8.0,6.978981018066406,7.095832824707031
3.0,4.490989685058594,1.9884033203125
-2.0,1.1089096069335938,1.3826484680175781
-3.0,-1.0203704833984375,2.1271820068359375
4.0,1.4602508544921875,-0.48902130126953125
-17.0,0.877899169921875,-0.631103515625
17.0,-2.1040916442871094,-1.834747314453125
-4.0,-2.7567901611328125,1.3850250244140625
4.0,2.5753021240234375,-6.314178466796875
-1.0,-9.585716247558594,-10.958747863769531
-5.0,2.244384765625,2.0214004516601562
0.0,-0.7034063339233398,-0.9410371780395508
-1.0,-0.4195983409881592,-0.21812677383422852
0.0,-0.28273677825927734,-1.2987556457519531
-2.0,-0.721562385559082,-0.22894620895385742
10.0,5.413425445556641,0.2670726776123047
-13.0,-14.681697845458984,-0.5013742446899414
30.0,26.536300659179688,20.788406372070312
-26.0,-43.4630126953125,-24.416025161743164
27.0,18.688583374023438,40.13011169433594
-31.0,-36.64647674560547,-49.99807357788086
27.0,10.917091369628906,9.541168212890625
-24.0,-18.628814697265625,-14.651985168457031
11.0,11.276535034179688,8.003555297851562
-13.0,-18.072101593017578,-13.226097106933594
18.0,19.082275390625,18.02375030517578
-18.0,-28.67542266845703,-25.720531463623047
14.0,30.32080078125,27.753952026367188
-19.0,-35.865779876708984,-33.32327651977539
14.0,16.857086181640625,24.724166870117188
-17.0,-13.321304321289062,-26.96216583251953
21.0,8.14251708984375,29.28594970703125
-23.0,-21.097097396850586,-23.983646392822266
0.0,0.3608875274658203,0.7700047492980957
1.0,-0.025085926055908203,0.02752542495727539
-5.0,-1.522202491760254,-1.0749645233154297
3.0,0.5765888690948486,-0.11001110076904297
3.0,-3.2554473876953125,0.1124277114868164
-2.0,0.0060329437255859375,-0.32953643798828125
1.0,-3.3562088012695312,1.0865325927734375
0.0,-2.1639366149902344,-0.06696510314941406
-3.0,-5.664886474609375,-11.83453369140625
-1.0,-2.736682891845703,5.119449615478516
6.0,-8.176307678222656,-12.5115966796875
-8.0,4.5922393798828125,7.446567535400391
0.0,7.500518798828125,3.4117584228515625
7.0,1.2406120300292969,-0.44399261474609375
-10.0,-0.6254425048828125,0.233001708984375
7.0,3.1457138061523438,2.74127197265625
-11.0,-0.8832244873046875,-2.561859130859375
11.0,2.668262481689453,3.9997215270996094
-7.0,2.67059326171875,2.7392425537109375
4.0,-2.943695068359375,-6.534370422363281
-5.0,-6.419013977050781,-7.4945526123046875
4.0,4.81068229675293,4.235538482666016
1.0,3.313185691833496,-0.03659200668334961
0.0,-4.741769313812256,-0.03971672058105469
3.0,-0.40030670166015625,-0.7021968364715576
-5.0,-0.8705759048461914,0.06379175186157227
20.0,9.33249282836914,-0.6581268310546875
-21.0,-15.54754638671875,-0.4168701171875
38.0,35.71672821044922,35.58027648925781
-27.0,-47.16581726074219,-31.2653865814209
21.0,12.373733520507812,11.527099609375
-25.0,-34.15754699707031,-28.655292510986328
41.0,14.059791564941406,24.815780639648438
-34.0,-25.921287536621094,-28.067535400390625
23.0,24.83447265625,18.981361389160156
-24.0,-28.135177612304688,-23.647804260253906
30.0,26.901580810546875,24.363143920898438
-27.0,-48.504669189453125,-38.267242431640625
33.0,32.65086364746094,35.948089599609375
-31.0,-34.1429328918457,-44.09780502319336
13.0,28.529434204101562,61.53828430175781
-17.0,-27.315109252929688,-61.85246276855469
19.0,6.219779968261719,14.887619018554688
-21.0,-20.5631046295166,-21.43280792236328
0.0,-0.5946893692016602,-1.363698959350586
-2.0,-0.0685117244720459,-0.3308420181274414
2.0,0.006064414978027344,-1.4940638542175293
-4.0,-2.018568754196167,-0.3847463130950928
7.0,1.6122970581054688,-2.9315576553344727
-9.0,-12.300577163696289,-0.6525096893310547
33.0,13.678184509277344,10.711509704589844
-37.0,-31.312480926513672,-19.238433837890625
32.0,21.845504760742188,54.94596862792969
-29.0,-34.3364143371582,-54.45907211303711
23.0,14.263336181640625,18.0621337890625
-16.0,-25.60779571533203,-21.747817993164062
8.0,6.785545349121094,6.0151519775390625
-11.0,-19.181011199951172,-14.608745574951172
21.0,20.102645874023438,15.896568298339844
-22.0,-30.13567352294922,-25.231510162353516
31.0,29.442901611328125,28.385055541992188
-36.0,-33.761688232421875,-31.488529205322266
18.0,19.613876342773438,23.339141845703125
-21.0,-15.8966064453125,-20.647987365722656
22.0,17.728233337402344,40.24469757080078
-18.0,-23.341482162475586,-26.005046844482422
0.0,0.4696044921875,0.34734296798706055
0.0,0.3260006904602051,-0.0851898193359375
-3.0,-1.2334012985229492,-1.2702727317810059
1.0,-0.7204174995422363,-0.2658112049102783
0.0,-7.056575775146484,-3.086202621459961
2.0,2.3871536254882812,-0.48067188262939453
4.0,-16.214324951171875,-8.990364074707031
-11.0,9.986595153808594,5.110626220703125
2.0,-2.507965087890625,2.9813232421875
1.0,-0.4266204833984375,0.6584510803222656
2.0,-4.8300628662109375,-3.990631103515625
0.0,-2.3867416381835938,0.3507347106933594
-3.0,3.0095291137695312,1.4233551025390625
9.0,0.13170242309570312,-1.8266410827636719
-7.0,0.394927978515625,-1.8941802978515625
3.0,1.6854629516601562,3.2302932739257812
6.0,-1.7611236572265625,-1.930755615234375
-6.0,4.7723541259765625,5.834468841552734
-3.0,5.4273834228515625,1.354217529296875
0.0,-5.5189971923828125,-0.22019195556640625
-4.0,3.1667022705078125,3.4641952514648438
9.0,2.5662975311279297,2.2141380310058594
1.0,3.421902656555176,-0.45925378799438477
-1.0,-4.390682697296143,-0.15243196487426758
5.0,-0.11150550842285156,-0.8975050449371338
-7.0,-2.1675822734832764,-0.09200835227966309
17.0,5.531364440917969,-3.856757164001465
-17.0,-13.166425704956055,-0.5680055618286133
41.0,22.858612060546875,25.503379821777344
-38.0,-35.01528549194336,-26.08779525756836
26.0,15.530654907226562,26.34295654296875
-23.0,-31.847484588623047,-33.11629104614258
37.0,17.406036376953125,33.33674621582031
-26.0,-32.9002685546875,-35.163368225097656
20.0,20.343482971191406,16.992958068847656
-22.0,-29.24408721923828,-25.030452728271484
33.0,27.921951293945312,22.2359619140625
-31.0,-49.96492004394531,-37.778221130371094
50.0,31.772964477539062,36.579193115234375
-48.0,-32.038841247558594,-42.263057708740234
17.0,31.286224365234375,60.15325927734375
-21.0,-29.890411376953125,-55.53828430175781
20.0,15.805496215820312,25.84636688232422
-16.0,-22.8074893951416,-23.454208374023438
0.0,1.0642938613891602,1.7110419273376465
2.0,0.394512414932251,0.2456521987915039
-5.0,-1.2394657135009766,0.22379112243652344
5.0,1.2981512546539307,0.11893510818481445
-7.0,-8.668872833251953,-0.15464496612548828
11.0,14.68773078918457,0.17183780670166016
-29.0,-29.89250946044922,-19.701873779296875
26.0,41.299076080322266,24.34906005859375
-30.0,-24.353469848632812,-51.96464538574219
30.0,33.909793853759766,55.117523193359375
-21.0,-19.093399047851562,-22.052764892578125
16.0,23.221054077148438,22.098552703857422
-11.0,-3.7760162353515625,-4.591796875
20.0,19.312713623046875,12.7821044921875
-28.0,-19.707717895507812,-17.790748596191406
25.0,31.821136474609375,28.461803436279297
-25.0,-31.204025268554688,-30.315811157226562
30.0,38.53404235839844,37.322998046875
-21.0,-14.186492919921875,-21.98492431640625
21.0,10.377609252929688,20.42779541015625
-26.0,-14.561531066894531,-36.78050231933594
27.0,25.907779693603516,28.21918487548828
1.0,4.016592025756836,0.9044451713562012
1.0,-4.322171211242676,0.17841005325317383
3.0,-0.1175699234008789,0.5965588092803955
-3.0,-0.14901351928710938,0.2927379608154297
10.0,3.9190673828125,-0.9251995086669922
-8.0,-0.8658485412597656,0.0845041275024414
8.0,9.180427551269531,14.7918701171875
-1.0,-3.7028045654296875,-6.849361419677734
-6.0,-6.314849853515625,-28.603012084960938
6.0,2.4889297485351562,21.34278106689453
14.0,3.1427001953125,15.274612426757812
-10.0,-7.292472839355469,-13.415550231933594
12.0,13.557937622070312,10.977806091308594
-11.0,-10.06307601928711,-10.421707153320312
12.0,7.819305419921875,6.339393615722656
-9.0,-19.829246520996094,-12.546710968017578
19.0,2.3300628662109375,8.194137573242188
-12.0,1.7228469848632812,-10.774528503417969
-1.0,11.672348022460938,36.814117431640625
0.0,-13.993804931640625,-34.890296936035156
-2.0,-1.9227371215820312,-14.398330688476562
2.0,0.5339927673339844,2.5508384704589844
1.0,2.952298164367676,-0.8065967559814453
-1.0,-4.716683387756348,-0.06724214553833008
8.0,1.1218957901000977,0.37276768684387207
-8.0,-1.44716477394104,0.17380285263061523
17.0,12.587940216064453,-0.7705545425415039
-19.0,-15.553579330444336,-0.08733367919921875
37.0,39.07293701171875,34.493743896484375
-27.0,-45.00188064575195,-31.198421478271484
24.0,18.038619995117188,23.36163330078125
-24.0,-31.42086410522461,-33.774742126464844
35.0,22.236099243164062,37.32737731933594
-26.0,-30.513526916503906,-35.514102935791016
23.0,17.333953857421875,15.569602966308594
-31.0,-29.375789642333984,-23.203811645507812
40.0,27.527023315429688,24.130142211914062
-34.0,-51.65038299560547,-41.008514404296875
44.0,33.534088134765625,38.50994873046875
-42.0,-36.811195373535156,-48.09752655029297
20.0,25.858840942382812,58.799041748046875
-21.0,-24.371414184570312,-55.318092346191406
24.0,12.6387939453125,22.382171630859375
-25.0,-25.37378692626953,-25.668346405029297
-1.0,4.255767822265625,3.8806514739990234
1.0,-0.8136529922485352,0.02508258819580078
-2.0,4.273378372192383,-0.879387378692627
1.0,1.002927303314209,-0.04407954216003418
2.0,4.929351806640625,1.4829912185668945
-2.0,0.6363511085510254,0.21705961227416992
-4.0,15.606399536132812,0.47989654541015625
4.0,2.773181915283203,0.7215824127197266
-1.0,19.26050567626953,2.6759719848632812
0.0,0.4435405731201172,-2.2769603729248047
10.0,28.39977264404297,-0.329315185546875
-13.0,-2.4619293212890625,1.0910568237304688
5.0,20.559616088867188,4.785331726074219
-7.0,-7.242521286010742,-5.547868728637695
1.0,10.689598083496094,5.376335144042969
-5.0,-6.030509948730469,-3.065746307373047
-1.0,33.78912353515625,8.778762817382812
-2.0,-2.160839080810547,-8.492229461669922
7.0,15.740325927734375,6.85211181640625
-11.0,-0.9276809692382812,0.7727432250976562
3.0,3.0639801025390625,6.8900604248046875
-3.0,1.3875255584716797,3.1233253479003906
1.0,3.275665283203125,3.356508255004883
0.0,0.1038980484008789,0.15715980529785156
-2.0,5.048330307006836,-0.039849042892456055
2.0,1.3725862503051758,-0.03978157043457031
4.0,5.598117828369141,0.04321479797363281
-3.0,0.684293270111084,0.04435300827026367
0.0,18.187095642089844,1.2392349243164062
2.0,-0.6917591094970703,1.8068561553955078
-10.0,17.845138549804688,-0.7096328735351562
7.0,0.5753078460693359,-0.5167121887207031
12.0,34.20286560058594,3.8258819580078125
-11.0,2.606159210205078,-2.5951995849609375
1.0,21.96221160888672,9.763618469238281
-1.0,-6.811655044555664,-8.583307266235352
1.0,11.191146850585938,2.4113540649414062
-1.0,-3.983043670654297,-2.2405471801757812
15.0,37.31294250488281,17.785690307617188
-16.0,0.9995841979980469,-9.621803283691406
0.0,15.778671264648438,14.853164672851562
-1.0,-6.273368835449219,-3.9413604736328125
1.0,9.978935241699219,5.3647613525390625
-4.0,-1.254720687866211,2.1322364807128906
1.0,1.3689041137695312,1.149160385131836
-3.0,-1.822202205657959,-2.2736358642578125
1.0,7.114128112792969,0.3398752212524414
-1.0,-1.5324311256408691,0.13437724113464355
11.0,7.17341423034668,2.032179832458496
-9.0,-1.796678066253662,0.19555091857910156
19.0,20.780014038085938,3.7545814514160156
-16.0,-7.314735412597656,-4.463533401489258
15.0,31.1297607421875,16.56591033935547
-20.0,-20.930727005004883,-23.901018142700195
36.0,53.32795715332031,17.329574584960938
-29.0,-30.048141479492188,-27.772926330566406
29.0,33.916236877441406,14.253402709960938
-28.0,-22.049375534057617,-26.527055740356445
37.0,40.003379821777344,28.86072540283203
-39.0,-42.01165008544922,-35.32085418701172
47.0,59.287261962890625,27.549911499023438
-46.0,-36.10437774658203,-37.62418746948242
37.0,36.22843933105469,44.565826416015625
-34.0,-38.39289855957031,-35.88670349121094
19.0,17.655471801757812,11.2252197265625
-24.0,-26.969093322753906,-19.649181365966797
-3.0,1.4479484558105469,-0.5756320953369141
1.0,-0.044907569885253906,0.6678552627563477
-1.0,3.367938995361328,-1.0265398025512695
0.0,0.6155080795288086,-0.014541387557983398
-2.0,6.912841796875,1.4027528762817383
1.0,0.3600773811340332,0.21997690200805664
4.0,19.164138793945312,0.99749755859375
1.0,4.109498977661133,1.3729114532470703
-1.0,18.327072143554688,2.846771240234375
4.0,-0.7629184722900391,-1.235799789428711
16.0,28.942001342773438,2.3121490478515625
-11.0,0.5349769592285156,-1.689178466796875
-2.0,14.293472290039062,0.1068878173828125
0.0,-4.298337936401367,-1.494577407836914
3.0,7.1640777587890625,-3.6698455810546875
-3.0,-3.8172607421875,-0.07592391967773438
2.0,28.746292114257812,12.858856201171875
-8.0,2.0147781372070312,-7.777500152587891
-1.0,8.6337890625,7.7566680908203125
-3.0,-2.2977752685546875,-1.7317657470703125
-1.0,6.324531555175781,11.35211181640625
-6.0,-4.106719970703125,-3.5601730346679688
7.0,9.057649612426758,7.464262008666992
-8.0,-9.473875045776367,-1.877243995666504
1.0,5.7875518798828125,1.217821478843689
0.0,-0.5062432289123535,0.01880049705505371
11.0,6.711986541748047,1.149233341217041
-12.0,-5.491888523101807,-0.058254241943359375
26.0,27.312049865722656,4.485809326171875
-24.0,-20.385265350341797,-7.365201950073242
26.0,30.843948364257812,3.02008056640625
-34.0,-27.282732009887695,-17.269060134887695
55.0,50.37712097167969,16.33734130859375
-55.0,-37.79186248779297,-29.8411865234375
36.0,31.077720642089844,15.619117736816406
-40.0,-31.15812110900879,-29.640268325805664
35.0,48.13597106933594,34.978492736816406
-37.0,-45.73485565185547,-39.964752197265625
48.0,62.975250244140625,33.90800476074219
-49.0,-47.26593780517578,-49.53580856323242
44.0,36.298095703125,39.01280212402344
-45.0,-45.334197998046875,-40.8887939453125
23.0,30.214576721191406,27.293739318847656
-27.0,-35.55934143066406,-33.2435188293457
2.0,-0.9801025390625,-0.5241432189941406
-1.0,0.9175510406494141,0.13207721710205078
0.0,0.7749519348144531,0.8395383358001709
1.0,0.3696589469909668,0.004297971725463867
2.0,0.6687660217285156,-1.4397764205932617
-1.0,0.047942161560058594,-0.17270660400390625
4.0,2.5806961059570312,0.75933837890625
-2.0,-3.4649410247802734,1.0852737426757812
-9.0,-1.4153671264648438,-3.3856048583984375
7.0,0.13176727294921875,1.7602481842041016
2.0,5.803092956542969,4.1551971435546875
2.0,5.068088531494141,-3.6862564086914062
-4.0,1.4025955200195312,4.9782867431640625
6.0,0.4308662414550781,-3.0354385375976562
0.0,0.5015487670898438,-2.9649810791015625
4.0,2.047466278076172,0.8251991271972656
16.0,3.5238189697265625,9.006927490234375
-14.0,3.1604232788085938,-1.1295738220214844
-7.0,0.0383453369140625,8.001052856445312
10.0,-5.3456878662109375,-4.714103698730469
-2.0,6.914955139160156,-1.525299072265625
-1.0,-2.6422462463378906,-0.9910888671875
2.0,-2.8868637084960938,-2.7314910888671875
-4.0,-1.0085492134094238,-2.2987184524536133
3.0,2.840749740600586,1.2192625999450684
-2.0,-2.535358428955078,0.17845678329467773
9.0,2.2440624237060547,0.5491886138916016
-7.0,-2.4330291748046875,-0.02150869369506836
23.0,5.173614501953125,3.2746849060058594
-20.0,-10.08791732788086,-5.185115814208984
16.0,11.869255065917969,13.889938354492188
-20.0,-21.374267578125,-21.62405776977539
26.0,24.928184509277344,17.658889770507812
-16.0,-27.586212158203125,-28.863983154296875
24.0,13.356620788574219,9.468070983886719
-21.0,-14.806854248046875,-20.97918701171875
36.0,29.31378173828125,23.484390258789062
-34.0,-35.98114013671875,-32.25510787963867
48.0,25.498138427734375,18.771148681640625
-44.0,-33.943538665771484,-29.1319580078125
30.0,20.488113403320312,37.713714599609375
-23.0,-37.46521759033203,-36.659446716308594
16.0,14.59149169921875,4.3351593017578125
-21.0,-28.356618881225586,-22.772506713867188
-2.0,-2.807819366455078,-4.4562835693359375
0.0,0.7687454223632812,0.6427726745605469
1.0,-0.9054393768310547,-0.14715242385864258
-1.0,-0.3874192237854004,0.02953815460205078
-4.0,1.983489990234375,-0.08023834228515625
3.0,-0.2762737274169922,0.0029172897338867188
8.0,3.5577392578125,0.5176010131835938
-3.0,1.3363170623779297,0.6513290405273438
0.0,-0.9334335327148438,0.17079925537109375
4.0,-1.2064590454101562,1.0411605834960938
6.0,0.5422286987304688,2.6414642333984375
2.0,2.996906280517578,-2.7802352905273438
-7.0,-6.266143798828125,-4.678443908691406
7.0,2.944183349609375,4.053291320800781
2.0,-3.5255203247070312,-9.046180725097656
2.0,2.2132492065429688,2.9898223876953125
3.0,-5.0428314208984375,4.0800933837890625
-6.0,4.175617218017578,0.7147293090820312
-8.0,-7.106536865234375,0.9045562744140625
8.0,-1.3700942993164062,-2.5045089721679688
-4.0,3.2605514526367188,4.4620513916015625
-3.0,-5.494245529174805,-6.683498382568359
8.0,4.801881790161133,3.5836105346679688
-9.0,-8.660222053527832,-1.9023265838623047
3.0,1.5141735076904297,2.0972089767456055
-1.0,-1.5091705322265625,0.06288003921508789
9.0,1.7826347351074219,-0.3337578773498535
-10.0,-6.128239631652832,-0.2753138542175293
30.0,11.705650329589844,4.005912780761719
-28.0,-23.158447265625,-8.086784362792969
27.0,11.583442687988281,0.34410858154296875
-34.0,-27.726272583007812,-14.99209976196289
45.0,21.97734832763672,16.666656494140625
-42.0,-35.329933166503906,-30.93224334716797
31.0,10.518104553222656,10.833786010742188
-33.0,-23.915599822998047,-24.09239959716797
34.0,37.446372985839844,29.602157592773438
-32.0,-39.704345703125,-36.89900588989258
49.0,29.186126708984375,25.129241943359375
-47.0,-45.105098724365234,-41.0435791015625
37.0,20.557769775390625,32.16069030761719
-34.0,-44.406517028808594,-41.661537170410156
20.0,27.150596618652344,20.40367889404297
-24.0,-36.946868896484375,-36.366844177246094
0.0,-1.9067611694335938,-2.207347869873047
-3.0,-1.926100254058838,-2.430795669555664
3.0,2.065797805786133,0.37972426414489746
-3.0,-2.905017375946045,0.17415881156921387
7.0,1.575296401977539,1.9889650344848633
-6.0,-2.480971336364746,0.1511979103088379
19.0,2.5929183959960938,2.5153465270996094
-18.0,-6.622976303100586,-6.270389556884766
25.0,13.284622192382812,17.275543212890625
-27.0,-21.50603485107422,-23.384305953979492
24.0,19.125091552734375,13.503692626953125
-18.0,-32.654300689697266,-25.17772674560547
28.0,11.954025268554688,4.489784240722656
-27.0,-15.237720489501953,-17.943748474121094
36.0,28.812232971191406,26.449371337890625
-38.0,-38.02860641479492,-33.08030700683594
32.0,21.974319458007812,9.76422119140625
-30.0,-37.10396194458008,-28.002384185791016
37.0,20.44976806640625,29.712661743164062
-33.0,-32.119529724121094,-31.945343017578125
18.0,7.676536560058594,5.8604583740234375
-20.0,-25.714372634887695,-21.781417846679688
-4.0,-1.8277168273925781,-3.932140350341797
1.0,-0.1488056182861328,0.5106954574584961
1.0,-1.6803913116455078,-0.9866907596588135
-2.0,-0.7570781707763672,0.025240182876586914
-6.0,1.3147239685058594,1.3595380783081055
4.0,-0.3242158889770508,0.17562389373779297
4.0,0.9770431518554688,-0.24173736572265625
-1.0,4.801258087158203,-0.4339447021484375
9.0,0.48193359375,3.5564041137695312
-3.0,-1.338226318359375,-0.7190876007080078
4.0,-5.2608642578125,-1.51373291015625
0.0,-2.0711822509765625,0.9060211181640625
-3.0,-7.668739318847656,-9.656730651855469
1.0,2.513317108154297,7.0887298583984375
2.0,-4.027069091796875,-6.081199645996094
-2.0,0.16578292846679688,2.164623260498047
-13.0,-8.566650390625,-4.9268341064453125
8.0,1.0151939392089844,1.8443031311035156
-1.0,-7.1448822021484375,-7.09649658203125
-2.0,3.9755935668945312,2.2095947265625
-2.0,-3.6544036865234375,5.9873504638671875
-2.0,-2.851999282836914,-5.692409515380859
6.0,5.781984329223633,4.107753753662109
-8.0,-9.577773094177246,-2.0344038009643555
3.0,0.7392215728759766,1.257670521736145
-2.0,-1.8788294792175293,0.05858206748962402
7.0,1.1138687133789062,1.1060185432434082
-9.0,-6.176181793212891,-0.10260725021362305
26.0,9.124954223632812,3.2465744018554688
-26.0,-19.693506240844727,-9.17205810546875
36.0,12.998809814453125,3.7297134399414062
-41.0,-27.85803985595703,-16.752347946166992
43.0,16.17425537109375,12.511459350585938
-44.0,-40.39802169799805,-27.245986938476562
35.0,9.115509033203125,5.855499267578125
-39.0,-24.346466064453125,-21.056961059570312
34.0,36.94482421875,32.567138671875
-36.0,-41.75181198120117,-37.724205017089844
33.0,25.662307739257812,16.122314453125
-33.0,-48.26552200317383,-39.914005279541016
44.0,20.519424438476562,24.159637451171875
-44.0,-39.060829162597656,-36.94743347167969
22.0,20.235641479492188,21.928977966308594
-23.0,-34.30461883544922,-35.375755310058594
-4.0,0.07904434204101562,-1.72479248046875
4.0,1.777294635772705,2.94149112701416
-2.0,-3.7461891174316406,-1.366415023803711
1.0,2.1479392051696777,-0.14891862869262695
-13.0,-0.2605724334716797,-0.6294269561767578
10.0,2.1567554473876953,0.024425983428955078
-15.0,-1.615875244140625,-2.7570838928222656
17.0,11.424234390258789,5.836444854736328
-16.0,-12.802688598632812,-13.719139099121094
24.0,20.167808532714844,22.665218353271484
-20.0,-24.385955810546875,-15.017425537109375
18.0,30.583118438720703,26.08374786376953
-31.0,-19.622764587402344,-14.146514892578125
28.0,17.75103759765625,25.03247833251953
-34.0,-32.83930206298828,-32.53057098388672
36.0,38.19438934326172,35.244930267333984
-45.0,-30.540969848632812,-14.691055297851562
38.0,38.11915588378906,29.84668731689453
-38.0,-27.594650268554688,-36.80915832519531
31.0,36.095123291015625,34.154937744140625
-20.0,-11.330940246582031,0.12689208984375
18.0,22.86237335205078,16.089008331298828
6.0,7.688745498657227,6.315101623535156
-5.0,-7.651672840118408,0.3963918685913086
0.0,-1.3265762329101562,0.8779462575912476
1.0,1.0261878967285156,-0.11557674407958984
0.0,-0.4614276885986328,-0.8829464912414551
-3.0,-3.6952104568481445,-0.25380516052246094
7.0,6.532035827636719,0.7312278747558594
-8.0,-13.07052993774414,-2.9016685485839844
11.0,-0.2858123779296875,-13.545829772949219
-14.0,-6.3520050048828125,6.6319580078125
19.0,-2.950836181640625,-0.9922332763671875
-26.0,-7.743721008300781,-2.0682601928710938
7.0,-2.8385162353515625,1.3657150268554688
-12.0,-9.108745574951172,-3.1132125854492188
-2.0,8.132591247558594,6.117767333984375
2.0,-3.72320556640625,-4.643898010253906
1.0,3.68798828125,6.35809326171875
-3.0,-11.16156005859375,-11.91162109375
7.0,0.0696563720703125,-5.5530242919921875
-11.0,-6.9412994384765625,-5.0020904541015625
4.0,12.559104919433594,16.068519592285156
-3.0,-8.590248107910156,-13.594337463378906
10.0,7.609701156616211,8.039894104003906
-9.0,-9.428967475891113,-2.5450992584228516
2.0,2.4196128845214844,2.244361400604248
0.0,-1.121751308441162,0.03334188461303711
13.0,-0.20085525512695312,-0.25351953506469727
-13.0,-5.85196590423584,-0.278231143951416
22.0,8.147911071777344,3.488311767578125
-25.0,-24.49476432800293,-8.738113403320312
27.0,12.516876220703125,0.173309326171875
-38.0,-26.519813537597656,-16.033260345458984
39.0,21.43511962890625,14.025192260742188
-44.0,-38.326839447021484,-28.152008056640625
38.0,16.78424835205078,15.512229919433594
-40.0,-26.859783172607422,-28.14569091796875
32.0,40.971893310546875,38.648338317871094
-34.0,-41.91759490966797,-39.88882827758789
46.0,34.22895812988281,21.049148559570312
-41.0,-49.28071594238281,-41.75830841064453
45.0,27.664306640625,31.256134033203125
-42.0,-43.03642272949219,-39.15702819824219
24.0,23.890045166015625,15.941627502441406
-21.0,-31.452621459960938,-29.683345794677734
-2.0,0.761286735534668,0.101226806640625
1.0,1.004807710647583,0.09069013595581055
-2.0,9.778173446655273,0.4492030143737793
2.0,0.9171736240386963,0.16731023788452148
-2.0,23.25249481201172,0.4564323425292969
1.0,3.468130111694336,0.1971273422241211
12.0,30.763809204101562,2.43890380859375
-11.0,7.3550567626953125,0.7501029968261719
-2.0,26.43634033203125,13.33966064453125
0.0,3.2520008087158203,-1.0787391662597656
6.0,32.09458923339844,7.9694061279296875
-7.0,2.2352046966552734,-0.23299407958984375
1.0,30.336700439453125,0.806243896484375
-3.0,3.5228538513183594,1.134683609008789
5.0,41.854827880859375,4.274787902832031
-2.0,1.6984233856201172,1.352142333984375
0.0,42.640869140625,16.184463500976562
-3.0,-4.823383331298828,-1.7434158325195312
-11.0,18.082748413085938,3.354583740234375
4.0,-4.982166290283203,0.18694305419921875
2.0,20.314254760742188,0.40001678466796875
-5.0,0.03482246398925781,0.7306690216064453
-1.0,2.8824996948242188,1.257059097290039
1.0,0.6886303424835205,0.06766462326049805
-1.0,8.942777633666992,-0.636955976486206
0.0,1.5806012153625488,0.0773317813873291
-7.0,25.27684783935547,0.2562236785888672
6.0,3.910353660583496,0.24843740463256836
6.0,27.406723022460938,3.0699081420898438
-6.0,7.518619537353516,1.3148384094238281
8.0,34.404937744140625,16.884735107421875
-3.0,0.9999198913574219,-0.6653404235839844
12.0,34.19244384765625,2.811981201171875
-10.0,2.5637989044189453,-0.7858943939208984
1.0,26.848464965820312,0.20859527587890625
-1.0,2.941844940185547,1.3850688934326172
3.0,36.251434326171875,4.154106140136719
-2.0,1.9182167053222656,1.0261688232421875
3.0,30.220932006835938,4.878570556640625
-10.0,-1.7471733093261719,-0.24645233154296875
-5.0,23.760818481445312,32.901397705078125
-1.0,-14.13278579711914,-9.490470886230469
11.0,29.844505310058594,7.060981750488281
-11.0,-0.26029109954833984,-0.014056205749511719
1.0,1.8595905303955078,0.6434125900268555
-2.0,0.8284881114959717,0.1285080909729004
0.0,13.54645824432373,0.5521012544631958
0.0,-2.906655788421631,0.10778117179870605
15.0,26.20256805419922,2.3375229835510254
-13.0,-0.1656808853149414,0.3262820243835449
20.0,89.87937927246094,25.201366424560547
-21.0,-50.52220916748047,-4.391689300537109
52.0,76.85867309570312,32.631500244140625
-47.0,-27.440465927124023,-9.68405532836914
39.0,83.45071411132812,32.173248291015625
-43.0,-45.72064208984375,-16.09364891052246
31.0,66.99258422851562,13.55099868774414
-25.0,-30.864816665649414,-5.743186950683594
26.0,76.28548431396484,17.49842071533203
-22.0,-23.901784896850586,-4.811727523803711
46.0,52.947113037109375,11.825630187988281
-57.0,-28.151988983154297,-6.402496337890625
40.0,67.98933410644531,46.04693603515625
-39.0,-53.68217086791992,-15.054054260253906
34.0,51.108306884765625,20.894550323486328
-35.0,-22.306055068969727,-2.76568603515625
-1.0,1.4930295944213867,0.1942577362060547
1.0,0.9664773941040039,0.10848045349121094
-2.0,8.43156623840332,-0.55281662940979
1.0,1.6153020858764648,0.16525602340698242
-4.0,27.990921020507812,-0.41363525390625
4.0,2.9919509887695312,0.07519149780273438
7.0,32.41737365722656,10.632400512695312
-1.0,7.339574813842773,0.0111541748046875
2.0,44.778350830078125,17.893951416015625
0.0,3.1063709259033203,-0.21040725708007812
4.0,32.89570617675781,6.2019500732421875
-2.0,2.103403091430664,-1.9326763153076172
9.0,32.32203674316406,2.654541015625
-9.0,3.473155975341797,-0.37992095947265625
-1.0,46.87663269042969,7.352333068847656
0.0,-0.5120468139648438,0.6361160278320312
11.0,32.58595275878906,10.732093811035156
-12.0,-4.477558135986328,-1.4932403564453125
10.0,44.94490051269531,30.326751708984375
-14.0,-18.550098419189453,-4.712818145751953
2.0,30.34278106689453,7.4246063232421875
-4.0,0.04844379425048828,-0.5719747543334961
2.0,5.737409591674805,0.6149554252624512
-2.0,-1.5325090885162354,0.004492282867431641
3.0,12.738900184631348,0.16336297988891602
-2.0,-1.413632869720459,0.08030486106872559
14.0,34.00421142578125,-0.26061439514160156
-16.0,-5.85474967956543,0.5100822448730469
46.0,90.54935455322266,29.05913543701172
-42.0,-52.87956237792969,-6.075496673583984
38.0,93.94438934326172,42.57134246826172
-39.0,-45.198936462402344,-14.779964447021484
39.0,88.53675842285156,33.68721008300781
-38.0,-47.38493347167969,-19.24225425720215
47.0,78.89070892333984,23.601394653320312
-43.0,-40.508201599121094,-8.80112075805664
39.0,90.46372985839844,22.44842529296875
-34.0,-40.97283172607422,-6.575265884399414
54.0,79.9200439453125,18.363067626953125
-65.0,-55.627010345458984,-12.254165649414062
37.0,68.49496459960938,42.60589599609375
-45.0,-51.19545364379883,-11.763187408447266
43.0,52.53599548339844,25.470863342285156
-37.0,-26.648717880249023,-2.175485610961914
1.0,2.121212959289551,1.155832290649414
0.0,-0.3161773681640625,-0.0230255126953125
1.0,-0.8353958129882812,-1.0861589908599854
-2.0,0.6634275913238525,-0.08997845649719238
-5.0,2.02435302734375,-0.2002086639404297
5.0,0.44222354888916016,0.051310062408447266
-6.0,-3.357086181640625,0.6310043334960938
5.0,0.16356277465820312,0.5647354125976562
10.0,7.968597412109375,3.545074462890625
-3.0,-2.2520809173583984,0.41339874267578125
6.0,2.0978546142578125,-5.1574249267578125
-3.0,0.3285942077636719,-0.5529003143310547
0.0,-3.4882354736328125,-0.5976486206054688
2.0,-0.5810089111328125,0.2503852844238281
-2.0,-5.6033935546875,-0.1206817626953125
0.0,0.21979331970214844,-0.3259735107421875
3.0,-12.419937133789062,-11.305892944335938
-7.0,3.0762100219726562,1.4969635009765625
6.0,5.678070068359375,29.54681396484375
-5.0,-9.150619506835938,-9.677413940429688
9.0,9.530250549316406,6.6609649658203125
-6.0,-0.29511356353759766,-0.744725227355957
3.0,1.0983037948608398,0.5421857833862305
-3.0,-0.17631959915161133,0.037817955017089844
2.0,3.768284797668457,0.1028982400894165
-2.0,-3.823829412460327,-0.05952906608581543
17.0,2.9500732421875,1.8810906410217285
-14.0,-3.6338109970092773,0.12915468215942383
8.0,59.115570068359375,22.762462615966797
-10.0,-57.87726593017578,-5.141792297363281
54.0,50.422332763671875,19.291839599609375
-47.0,-30.692466735839844,-8.605316162109375
33.0,51.35612487792969,24.203842163085938
-36.0,-47.95584487915039,-15.860654830932617
30.0,36.6558837890625,12.744754791259766
-22.0,-34.387672424316406,-6.877870559692383
21.0,34.43065643310547,13.2236328125
-20.0,-25.600208282470703,-6.163869857788086
46.0,10.306243896484375,-4.358833312988281
-54.0,-23.32860565185547,-4.659080505371094
51.0,49.906585693359375,42.692352294921875
-43.0,-48.70000457763672,-15.240997314453125
32.0,30.794052124023438,20.49453353881836
-30.0,-22.340877532958984,-3.4963550567626953
1.0,0.7317428588867188,0.09303092956542969
0.0,-0.0383303165435791,0.01779031753540039
0.0,-1.3466072082519531,-1.0020196437835693
-1.0,0.6981284618377686,-0.0020542144775390625
-2.0,4.738426208496094,-0.8700675964355469
3.0,-0.4761791229248047,-0.12193584442138672
-5.0,1.653564453125,8.193496704101562
10.0,-0.015481948852539062,-0.7389488220214844
4.0,18.342010498046875,4.554290771484375
0.0,-0.1456298828125,0.8683319091796875
-2.0,0.801116943359375,-1.7674560546875
5.0,-0.13180160522460938,-1.6996822357177734
8.0,1.9853363037109375,1.848297119140625
-6.0,-0.0496978759765625,-1.5146045684814453
-6.0,5.0218048095703125,3.077545166015625
2.0,-2.210470199584961,-0.7160263061523438
11.0,-10.054916381835938,-5.452369689941406
-9.0,0.3458251953125,0.25017547607421875
21.0,26.862152099609375,26.97216796875
-18.0,-13.56793212890625,-4.899761199951172
0.0,10.028526306152344,7.024589538574219
1.0,0.013621330261230469,-1.3026437759399414
4.0,4.976122856140137,0.5137286186218262
-3.0,-2.5373167991638184,-0.0861978530883789
5.0,2.960726737976074,-0.2858400344848633
-4.0,-2.3308064937591553,-0.0870053768157959
16.0,10.751716613769531,-0.7170467376708984
-17.0,-9.322879791259766,0.3129549026489258
34.0,59.785545349121094,26.62023162841797
-31.0,-60.234619140625,-6.825599670410156
40.0,67.50804901123047,29.23168182373047
-39.0,-48.45093536376953,-13.701225280761719
33.0,56.442169189453125,25.717803955078125
-31.0,-49.62013626098633,-19.009260177612305
46.0,48.55400848388672,22.795150756835938
-40.0,-44.03105926513672,-9.93580436706543
34.0,48.60890197753906,18.17363739013672
-32.0,-42.6712532043457,-7.927408218383789
54.0,37.2791748046875,2.1786041259765625
-62.0,-50.803627014160156,-10.510749816894531
48.0,50.41221618652344,39.251312255859375
-49.0,-46.213287353515625,-11.950130462646484
41.0,32.22174072265625,25.070846557617188
-32.0,-26.68354034423828,-2.9061546325683594
2.0,-1.022909164428711,-0.6136465072631836
-3.0,0.13985776901245117,0.060843467712402344
1.0,4.603680610656738,1.1890572309494019
0.0,-4.48725700378418,0.030449390411376953
22.0,0.92572021484375,2.081299304962158
-19.0,-4.0760345458984375,0.07784461975097656
14.0,62.47265625,22.131458282470703
-15.0,-58.04082489013672,-5.7065277099609375
44.0,42.4537353515625,15.74676513671875
-44.0,-28.440385818481445,-9.018714904785156
27.0,49.258270263671875,29.36126708984375
-33.0,-48.28443908691406,-15.307754516601562
30.0,40.14411926269531,13.342403411865234
-24.0,-33.806663513183594,-7.128255844116211
23.0,40.03404998779297,13.344314575195312
-20.0,-25.82000160217285,-5.837896347045898
43.0,22.726181030273438,6.947059631347656
-47.0,-26.404815673828125,-6.156044006347656
45.0,44.228515625,13.145538330078125
-38.0,-39.54938507080078,-5.5635833740234375
23.0,21.26380157470703,13.833568572998047
-24.0,-22.045764923095703,-2.7516298294067383
0.0,-1.389470100402832,-1.0628013610839844
0.0,0.2778470516204834,0.04081583023071289
-1.0,-0.5112113952636719,0.08413934707641602
1.0,0.034700870513916016,0.08792424201965332
3.0,2.7140731811523438,-0.6698589324951172
-2.0,-0.9184026718139648,-0.17324590682983398
1.0,5.010650634765625,7.562492370605469
5.0,-0.1790447235107422,-1.3036842346191406
-6.0,10.3734130859375,1.00921630859375
3.0,2.1064510345458984,0.45493316650390625
-8.0,-1.2967376708984375,3.3899688720703125
8.0,-0.46039581298828125,-1.1467819213867188
8.0,5.47357177734375,2.4459457397460938
-8.0,0.53131103515625,-1.7649898529052734
-4.0,10.625198364257812,3.1982269287109375
2.0,-2.4302635192871094,-0.39005279541015625
8.0,2.365020751953125,5.853523254394531
-2.0,-2.7303848266601562,-1.2467880249023438
15.0,21.18408203125,-2.57464599609375
-13.0,-4.4173126220703125,4.777652740478516
-9.0,0.4982757568359375,0.36362457275390625
7.0,0.3087348937988281,-0.5579185485839844
3.0,2.854909896850586,-0.6421036720275879
-3.0,-2.221139430999756,-0.0631723403930664
4.0,3.7961225509643555,0.8003189563751221
-2.0,-2.994234085083008,0.0029730796813964844
21.0,8.727363586425781,-0.5168380737304688
-22.0,-9.765103340148926,0.2616448402404785
40.0,63.14263153076172,25.989227294921875
-36.0,-60.39817810058594,-7.3903350830078125
30.0,59.539451599121094,25.686607360839844
-36.0,-46.1988525390625,-14.1146240234375
27.0,54.34431457519531,30.875228881835938
-28.0,-49.94873046875,-18.45635986328125
46.0,52.04224395751953,23.392799377441406
-42.0,-43.450050354003906,-10.186189651489258
36.0,54.21229553222656,18.29431915283203
-32.0,-42.89104461669922,-7.601434707641602
51.0,49.69911193847656,13.4844970703125
-55.0,-53.87983703613281,-12.007713317871094
42.0,44.73414611816406,9.704498291015625
-44.0,-37.06266784667969,-2.272716522216797
32.0,22.691490173339844,18.409881591796875
-26.0,-26.388427734375,-2.1614294052124023
-2.0,-0.3665609359741211,-0.4491548538208008
3.0,0.13798928260803223,-0.020027637481689453
-2.0,-5.11489200592041,-1.1049178838729858
1.0,4.521957874298096,0.05747485160827637
-19.0,1.7883529663085938,-2.7511582374572754
17.0,3.1576318740844727,-0.25109052658081055
-13.0,-57.462005615234375,-14.568965911865234
20.0,57.86178207397461,4.402843475341797
-50.0,-32.080322265625,-14.737548828125
47.0,30.546836853027344,9.473648071289062
-35.0,-50.55500793457031,-25.971298217773438
41.0,47.82404327392578,14.160972595214844
-22.0,-34.67054748535156,-10.89645767211914
16.0,34.337974548339844,5.3632659912109375
-27.0,-29.408851623535156,-10.146087646484375
22.0,23.389738082885742,5.447843551635742
-35.0,-20.361160278320312,-1.093536376953125
45.0,23.67443084716797,4.9092559814453125
-30.0,-23.04443359375,-15.720184326171875
25.0,35.13207244873047,10.341236114501953
-32.0,-20.765525817871094,-13.46994400024414
31.0,22.35449981689453,2.193711280822754
1.0,3.877819061279297,-0.028457164764404297
0.0,-2.360997200012207,-0.12401580810546875
3.0,-0.8075580596923828,-0.3887382745742798
-2.0,1.4930229187011719,-0.02747631072998047
-1.0,7.801643371582031,-2.598137378692627
-3.0,-5.689068794250488,0.18380022048950195
26.0,0.6699752807617188,3.857769012451172
-21.0,-2.3573532104492188,-1.683807373046875
-14.0,17.085716247558594,9.939842224121094
8.0,-17.758468627929688,-5.095909118652344
0.0,5.0860443115234375,1.5139617919921875
5.0,-1.6642913818359375,-3.1486053466796875
16.0,11.898124694824219,10.050395965576172
-18.0,-9.643386840820312,-3.057933807373047
13.0,14.178245544433594,4.950004577636719
-12.0,-17.071044921875,-1.7635383605957031
8.0,26.972930908203125,6.537437438964844
-8.0,-27.475021362304688,-5.8516693115234375
-3.0,0.5056304931640625,-3.4410400390625
-6.0,2.4867172241210938,3.2908668518066406
9.0,1.4276885986328125,4.576313018798828
-2.0,-4.342662811279297,0.5902004241943359
3.0,4.244379997253418,0.4206976890563965
-3.0,-2.4989864826202393,-0.1039881706237793
5.0,4.307333946228027,0.716179609298706
-3.0,-3.028934955596924,-0.08495116233825684
18.0,6.0132904052734375,0.15302085876464844
-20.0,-8.846700668334961,0.4348907470703125
39.0,58.131980895996094,18.426734924316406
-41.0,-60.21913528442383,-6.086650848388672
36.0,49.166038513183594,24.677391052246094
-39.0,-48.30530548095703,-14.569557189941406
35.0,55.64105224609375,27.485260009765625
-36.0,-49.48833465576172,-17.30957794189453
38.0,46.56867218017578,20.946853637695312
-34.0,-43.981361389160156,-8.421199798583984
40.0,43.58709716796875,15.096092224121094
-34.0,-40.460784912109375,-7.211381912231445
43.0,47.33409118652344,7.630973815917969
-53.0,-51.149452209472656,-10.76092529296875
27.0,23.550064086914062,12.279144287109375
-31.0,-32.645355224609375,-7.0503692626953125
41.0,22.193214416503906,18.04625701904297
-33.0,-26.697162628173828,-1.603510856628418
1.0,4.697990417480469,1.0801620483398438
0.0,1.2847535610198975,0.4861459732055664
-1.0,0.6493930816650391,-0.032396793365478516
1.0,-0.3851292133331299,0.05944561958312988
1.0,5.119625091552734,0.836829662322998
-2.0,0.3120718002319336,-0.09797048568725586
2.0,21.576385498046875,4.341285705566406
-1.0,0.5797061920166016,0.1898937225341797
6.0,47.16331481933594,4.228843688964844
-5.0,2.952737808227539,0.4085426330566406
3.0,56.09510040283203,7.356544494628906
-5.0,2.0376062393188477,0.17135238647460938
7.0,22.69847869873047,5.546760559082031
-12.0,1.2772579193115234,0.6874313354492188
3.0,28.641021728515625,10.49759292602539
-2.0,-1.4304790496826172,0.1933746337890625
8.0,30.505859375,-1.0267715454101562
-9.0,0.8196849822998047,2.2706069946289062
6.0,43.7080078125,22.21947479248047
-3.0,-3.83990478515625,-0.6329975128173828
6.0,33.225341796875,6.522346496582031
-7.0,0.7246618270874023,2.482128143310547
1.0,4.189899444580078,0.8580226898193359
0.0,1.16139817237854,0.26068592071533203
-1.0,-0.15575027465820312,0.22462129592895508
1.0,-0.024323463439941406,0.052716970443725586
1.0,5.380741119384766,0.790255069732666
0.0,0.6691226959228516,0.2685863971710205
0.0,23.038558959960938,-0.4188232421875
-1.0,2.308429718017578,0.126495361328125
5.0,41.404510498046875,4.1940765380859375
-2.0,2.576176643371582,-1.7951679229736328
-2.0,54.607566833496094,9.403724670410156
-2.0,1.4846200942993164,0.33246612548828125
4.0,26.516891479492188,4.1155548095703125
-7.0,1.6887340545654297,0.4119720458984375
1.0,25.271469116210938,-0.3519134521484375
0.0,0.4692115783691406,0.8839015960693359
8.0,32.11485290527344,4.502838134765625
-6.0,2.132253646850586,0.6015434265136719
5.0,40.5277099609375,12.258842468261719
-1.0,1.9619102478027344,1.321115493774414
0.0,27.50830078125,10.930648803710938
-1.0,0.6377363204956055,1.411447525024414
4.0,10.715597152709961,0.7523288726806641
-4.0,-3.453732490539551,0.309969425201416
4.0,-0.8515472412109375,-0.144974946975708
-3.0,-0.05448317527770996,-0.060205698013305664
9.0,6.539546966552734,0.35392141342163086
-4.0,-1.4526872634887695,-0.03113698959350586
16.0,25.755584716796875,3.6367874145507812
-13.0,-2.3035240173339844,-1.6606950759887695
34.0,54.687744140625,13.39886474609375
-33.0,-11.920032501220703,-4.686994552612305
44.0,87.70976257324219,17.907066345214844
-41.0,-28.86495590209961,-7.349431991577148
51.0,52.124267578125,11.9010009765625
-57.0,-25.163848876953125,-6.570890426635742
26.0,71.94595336914062,15.594596862792969
-28.0,-42.5152587890625,-6.15846061706543
28.0,93.18009948730469,15.866554260253906
-27.0,-42.98114013671875,-6.255302429199219
38.0,80.10797119140625,34.878684997558594
-40.0,-30.043729782104492,-9.612403869628906
36.0,65.000732421875,24.712379455566406
-42.0,-27.883033752441406,-3.6305274963378906
2.0,6.054496765136719,2.484893798828125
0.0,0.5930168628692627,0.47463202476501465
0.0,-0.5327281951904297,0.17403340339660645
0.0,-0.150773286819458,0.07542943954467773
1.0,6.181491851806641,0.4889812469482422
-1.0,0.8059301376342773,0.16025924682617188
3.0,21.279449462890625,2.4364280700683594
-2.0,0.9454460144042969,0.1340322494506836
4.0,38.029197692871094,3.08612060546875
-2.0,2.761686325073242,0.6507625579833984
-2.0,51.50691223144531,3.0140609741210938
-2.0,2.960094451904297,0.6282577514648438
10.0,32.81040954589844,12.601921081542969
-8.0,-0.4890422821044922,-0.6141338348388672
1.0,31.827545166015625,8.063240051269531
0.0,0.11181831359863281,0.9569435119628906
8.0,38.05867004394531,8.780540466308594
-9.0,1.1828899383544922,1.668548583984375
5.0,36.37422180175781,20.314544677734375
-2.0,0.1560230255126953,-0.5685367584228516
5.0,36.616722106933594,15.62579345703125
-4.0,0.9054994583129883,1.527787208557129
8.0,9.727060317993164,0.11202049255371094
-8.0,-4.039080619812012,-0.3116893768310547
3.0,1.902308464050293,0.08853912353515625
-3.0,-1.08705735206604,0.03598642349243164
17.0,9.209842681884766,1.950782299041748
-10.0,-2.6431665420532227,0.1506037712097168
28.0,29.222625732421875,5.679027557373047
-28.0,-4.776704788208008,-2.1722841262817383
41.0,79.10948944091797,19.338790893554688
-37.0,-25.986530303955078,-7.63682746887207
51.0,96.03787231445312,18.338943481445312
-52.0,-36.668724060058594,-8.818208694458008
40.0,61.02882385253906,14.194511413574219
-46.0,-32.04790496826172,-8.594062805175781
45.0,72.47129821777344,13.451667785644531
-45.0,-41.96630859375,-7.49122428894043
47.0,92.39373779296875,19.6021728515625
-48.0,-56.34486389160156,-10.709882736206055
48.0,93.24211120605469,38.590553283691406
-48.0,-40.24571990966797,-10.27850341796875
40.0,68.68080139160156,26.25091552734375
-44.0,-27.392616271972656,-4.693292617797852
0.0,-0.5080909729003906,-0.2221393585205078
0.0,-0.12335538864135742,-0.22546005249023438
0.0,-0.8051433563232422,0.2570180892944336
0.0,0.3608057498931885,-0.006728649139404297
0.0,0.26111602783203125,-0.04657459259033203
2.0,0.35705089569091797,0.36655688285827637
-2.0,1.4621734619140625,-4.760108947753906
0.0,1.7287235260009766,-0.06339836120605469
-1.0,-5.7588043212890625,-0.03476715087890625
3.0,-0.37656116485595703,-2.2037105560302734
-5.0,-1.4875335693359375,2.04718017578125
3.0,-0.5529861450195312,0.16111373901367188
-3.0,3.8184127807617188,-1.4312057495117188
5.0,0.41147613525390625,-0.27545928955078125
-2.0,-3.3695526123046875,-10.849506378173828
2.0,1.8996906280517578,0.6905269622802734
0.0,1.6089935302734375,5.529609680175781
3.0,1.3125686645507812,-1.6690635681152344
-1.0,-3.1802978515625,-9.96063232421875
2.0,5.801815032958984,1.9541130065917969
-6.0,-5.717041015625,4.408302307128906
6.0,-0.08692550659179688,-1.0706806182861328
3.0,6.017606735229492,-0.3278331756591797
-4.0,-4.738486289978027,-0.1761765480041504
5.0,-1.5009403228759766,-0.11257815361022949
-4.0,0.3306460380554199,-0.11965131759643555
8.0,1.419921875,-0.4829082489013672
-2.0,-1.7647590637207031,0.06683349609375
14.0,4.17919921875,-0.704498291015625
-12.0,-2.883230209350586,-1.8505887985229492
28.0,7.5244293212890625,9.170021057128906
-28.0,-14.872770309448242,-5.095537185668945
41.0,31.614662170410156,10.550521850585938
-36.0,-30.902563095092773,-7.520784378051758
44.0,29.42578887939453,6.354240417480469
-45.0,-26.44110679626465,-7.258321762084961
23.0,43.304931640625,5.097003936767578
-26.0,-41.08477783203125,-6.351835250854492
20.0,62.67424011230469,16.893325805664062
-18.0,-43.80082321166992,-8.525909423828125
32.0,36.39996337890625,12.659210205078125
-37.0,-26.203824996948242,-8.979406356811523
30.0,31.775390625,18.190032958984375
-35.0,-28.607696533203125,-6.1126556396484375
1.0,1.35650634765625,1.4047317504882812
0.0,-0.6917366981506348,-0.011513948440551758
1.0,-1.1821212768554688,0.20643019676208496
-1.0,0.23435592651367188,0.01598381996154785
0.0,1.0618667602539062,-0.34784841537475586
1.0,0.49385833740234375,0.25822973251342773
1.0,-0.29693603515625,-1.9048576354980469
-1.0,0.3657398223876953,-0.055861473083496094
-2.0,-9.134117126464844,-1.1427230834960938
3.0,-0.19105148315429688,0.2422199249267578
-5.0,-4.588188171386719,-4.3424835205078125
3.0,0.9224882125854492,0.4569053649902344
3.0,10.111930847167969,7.0551605224609375
4.0,-1.7663002014160156,-1.301565170288086
-2.0,3.1865234375,-2.4343528747558594
2.0,1.54229736328125,0.7635688781738281
0.0,7.5528106689453125,9.80731201171875
0.0,0.3632049560546875,-0.6020584106445312
-1.0,-7.3337860107421875,-1.9049301147460938
1.0,3.9959278106689453,0.06446075439453125
-1.0,3.3913803100585938,9.103446960449219
3.0,0.18083763122558594,-0.954340934753418
7.0,5.029069900512695,-0.9681415557861328
-8.0,-5.323834419250488,-0.7978353500366211
4.0,1.252915382385254,0.12093591690063477
-4.0,-0.7019281387329102,-0.023459196090698242
16.0,4.090217590332031,1.11395263671875
-8.0,-2.9552383422851562,0.24857425689697266
26.0,7.646240234375,1.3377418518066406
-27.0,-5.356410980224609,-2.362177848815918
35.0,31.94617462158203,15.109947204589844
-32.0,-28.939268112182617,-8.045370101928711
48.0,39.942771911621094,10.982398986816406
-47.0,-38.706329345703125,-8.989561080932617
33.0,38.330345153808594,8.647750854492188
-34.0,-33.325164794921875,-9.281494140625
42.0,43.83027648925781,2.9540748596191406
-43.0,-40.53582763671875,-7.684598922729492
39.0,61.88787841796875,20.628944396972656
-39.0,-57.164546966552734,-12.980489730834961
42.0,49.53410339355469,16.371078491210938
-45.0,-36.40581512451172,-9.645505905151367
34.0,35.45545959472656,19.72856903076172
-37.0,-28.117279052734375,-7.175420761108398
3.0,6.525697708129883,-0.10569381713867188
-4.0,-4.615130424499512,0.049283504486083984
5.0,-0.6957969665527344,-0.3695962429046631
-4.0,-0.030159711837768555,-0.11292266845703125
8.0,1.1588058471679688,-0.43633365631103516
-4.0,-2.121809959411621,-0.29972338676452637
16.0,2.7170257568359375,4.055610656738281
-12.0,-4.6119537353515625,-1.7871904373168945
29.0,13.283233642578125,9.204788208007812
-31.0,-14.496209144592285,-2.891826629638672
46.0,33.102195739746094,8.503341674804688
-39.0,-30.349576950073242,-7.68189811706543
47.0,25.607376098632812,7.7854461669921875
-50.0,-26.852582931518555,-6.98286247253418
25.0,46.67448425292969,15.946510314941406
-28.0,-42.984466552734375,-7.042362213134766
20.0,61.06524658203125,11.363716125488281
-21.0,-45.1133918762207,-6.856845855712891
33.0,39.58026123046875,22.619842529296875
-39.0,-32.005638122558594,-10.93351936340332
36.0,37.492431640625,13.781730651855469
-41.0,-28.520771026611328,-5.041975021362305
1.0,1.8645973205566406,1.626871109008789
0.0,-0.5683813095092773,0.21394610404968262
1.0,-0.37697792053222656,-0.05058789253234863
-1.0,-0.1264498233795166,0.02271246910095215
0.0,0.800750732421875,-0.30127382278442383
-1.0,0.13680744171142578,-0.10832715034484863
3.0,-1.7591094970703125,2.8552513122558594
-1.0,-1.3629837036132812,0.007536888122558594
-1.0,-3.3753128051757812,-1.1079559326171875
0.0,0.18550968170166016,2.4459304809570312
0.0,-3.1006546020507812,-6.3896636962890625
0.0,1.4754743576049805,0.2957916259765625
6.0,6.29351806640625,8.486366271972656
-1.0,-2.177776336669922,-1.0261058807373047
0.0,6.5560760498046875,8.415153503417969
0.0,-0.3573932647705078,0.07304191589355469
0.0,5.943817138671875,4.277702331542969
-3.0,-0.9493637084960938,1.0670051574707031
0.0,-4.1534881591796875,8.055702209472656
-1.0,-1.805887222290039,-1.8896522521972656
5.0,9.108421325683594,4.6951446533203125
-3.0,0.2677631378173828,0.11633968353271484
7.0,5.537160873413086,-0.746002197265625
-8.0,-5.200478553771973,-0.5723752975463867
4.0,2.058058738708496,-0.13608217239379883
-4.0,-1.0627338886260986,-0.016730546951293945
16.0,3.8291015625,1.160527229309082
-10.0,-3.312289237976074,-0.11798262596130371
28.0,6.1840667724609375,6.097850799560547
-27.0,-7.085134506225586,-2.2987794876098633
36.0,37.704978942871094,15.14471435546875
-35.0,-28.562705993652344,-5.8416595458984375
53.0,41.43030548095703,8.935218811035156
-50.0,-38.153343200683594,-9.150674819946289
36.0,34.511932373046875,10.078956604003906
-39.0,-33.73664093017578,-9.006034851074219
44.0,47.1998291015625,13.803581237792969
-45.0,-42.435516357421875,-8.375125885009766
39.0,60.27888488769531,15.099334716796875
-42.0,-58.477115631103516,-11.311426162719727
43.0,52.71440124511719,26.331710815429688
-47.0,-42.20762634277344,-11.599618911743164
40.0,41.17250061035156,15.320266723632812
-43.0,-28.030353546142578,-6.104740142822266
-2.0,-4.661100387573242,1.732564926147461
4.0,4.046749114990234,0.16466259956359863
-4.0,0.3188190460205078,0.31900835037231445
3.0,-0.09629011154174805,0.1356351375579834
-8.0,-0.35805511474609375,0.13505983352661133
3.0,2.258617401123047,0.19139623641967773
-13.0,-4.47613525390625,-1.2003593444824219
11.0,3.2489700317382812,1.7947273254394531
-30.0,-16.658546447753906,-10.312744140625
31.0,14.681718826293945,5.337757110595703
-46.0,-36.202850341796875,-14.89300537109375
39.0,31.825050354003906,7.977689743041992
-41.0,-19.313858032226562,0.7009201049804688
49.0,24.674806594848633,5.956756591796875
-25.0,-40.118408203125,-7.5313568115234375
28.0,42.6270751953125,7.11540412902832
-20.0,-55.121429443359375,-7.0860137939453125
18.0,44.16402816772461,7.923851013183594
-33.0,-43.73374938964844,-14.564140319824219
38.0,30.199752807617188,9.043867111206055
-31.0,-28.384010314941406,-9.086585998535156
38.0,28.78853416442871,5.1583147048950195
4.0,-0.9885368347167969,-0.6403083801269531
-4.0,-0.5853481292724609,-0.6216588020324707
-1.0,2.7538557052612305,0.23351407051086426
0.0,-1.03257417678833,0.0961921215057373
8.0,2.6702957153320312,1.5968608856201172
-6.0,-1.1904792785644531,0.18174076080322266
12.0,3.467041015625,2.0422401428222656
-15.0,-2.4731807708740234,-0.5115890502929688
7.0,24.42174530029297,5.9399261474609375
-4.0,-14.066497802734375,-2.9498329162597656
7.0,8.328109741210938,0.43187713623046875
-11.0,-7.803768157958984,-1.4687767028808594
-11.0,8.904556274414062,2.2935104370117188
11.0,-6.884056091308594,-2.023172378540039
19.0,0.5253448486328125,-2.1429290771484375
-17.0,0.5489501953125,-1.332763671875
19.0,-0.7863616943359375,3.7356185913085938
-21.0,-13.363723754882812,-4.454580307006836
10.0,13.134140014648438,3.7118682861328125
-8.0,-10.201988220214844,-0.6660995483398438
4.0,3.6800689697265625,1.5385360717773438
-2.0,0.49041748046875,-1.062765121459961
6.0,3.6725635528564453,-2.372873306274414
-8.0,-4.632097244262695,-0.7863214015960693
3.0,2.4350366592407227,-0.0854942798614502
-3.0,-0.936284065246582,-0.039443016052246094
16.0,3.028350830078125,1.4618010520935059
-9.0,-3.4490966796875,-0.009655475616455078
25.0,7.94317626953125,3.2425994873046875
-26.0,-5.722150802612305,-2.306316375732422
37.0,41.080291748046875,16.252670288085938
-35.0,-28.74821662902832,-8.287590026855469
53.0,44.53096008300781,15.324882507324219
-50.0,-39.62881851196289,-9.446466445922852
30.0,28.218414306640625,1.59259033203125
-38.0,-31.558862686157227,-7.979928970336914
44.0,40.64375305175781,5.388427734375
-45.0,-42.078125,-8.44816780090332
39.0,54.33506774902344,10.821632385253906
-39.0,-57.52775192260742,-12.37843132019043
43.0,56.867889404296875,18.27600860595703
-46.0,-40.40174102783203,-9.709966659545898
35.0,32.06407928466797,10.6251220703125
-40.0,-28.29811668395996,-6.2210798263549805
3.0,7.720172882080078,2.9082999229431152
-3.0,0.17049884796142578,0.8490419387817383
1.0,6.053764343261719,0.14779257774353027
-1.0,0.6116595268249512,0.13776302337646484
-4.0,21.318260192871094,-0.9087724685668945
3.0,3.0311851501464844,-0.07535743713378906
-2.0,4.167510986328125,4.470531463623047
1.0,-1.9185981750488281,1.5023651123046875
-1.0,20.193023681640625,-17.013107299804688
-1.0,4.24114990234375,12.084495544433594
0.0,19.58544921875,3.4841156005859375
-1.0,-2.027729034423828,0.43547630310058594
3.0,-0.4577178955078125,-8.568031311035156
-11.0,-4.478567123413086,3.013673782348633
13.0,0.425994873046875,1.554656982421875
-12.0,-4.382097244262695,3.6557693481445312
10.0,12.38677978515625,6.095100402832031
-9.0,-10.63772201538086,4.914131164550781
-3.0,14.842575073242188,-0.7705612182617188
3.0,2.6753406524658203,1.5929107666015625
-4.0,26.073028564453125,-13.164894104003906
-1.0,1.232278823852539,2.8092288970947266
4.0,4.730892181396484,-0.12395191192626953
-6.0,0.4118843078613281,0.3836245536804199
0.0,5.645666122436523,-0.08761715888977051
0.0,-0.28809022903442383,0.30652618408203125
-1.0,23.419845581054688,0.6130614280700684
-1.0,2.3971424102783203,0.18811511993408203
18.0,-1.6679534912109375,0.44646453857421875
-14.0,-5.62109375,2.7228469848632812
-5.0,28.424407958984375,-0.56585693359375
2.0,-2.955516815185547,-4.43878173828125
5.0,18.231826782226562,18.965206146240234
3.0,-1.960794448852539,-0.9603519439697266
1.0,6.957427978515625,3.7952041625976562
-5.0,-9.903705596923828,-1.7155513763427734
17.0,9.434539794921875,3.411163330078125
-16.0,-6.789451599121094,0.9553909301757812
23.0,18.65203857421875,6.232872009277344
-18.0,-21.294395446777344,3.6414260864257812
4.0,21.153915405273438,5.926811218261719
1.0,0.7707939147949219,1.3686866760253906
0.0,29.497039794921875,-16.26032257080078
-2.0,0.6486072540283203,3.0079755783081055
5.0,8.222755432128906,-1.1207904815673828
-6.0,-4.332924842834473,0.14521551132202148
2.0,7.136899948120117,-0.02780008316040039
-2.0,-1.0181713104248047,0.2750720977783203
8.0,24.093826293945312,-1.3127474784851074
-7.0,1.0457782745361328,0.3590855598449707
13.0,13.406875610351562,1.1827278137207031
-11.0,-10.30462646484375,-9.916915893554688
14.0,36.84942626953125,6.7664031982421875
-17.0,-12.01992416381836,-5.746604919433594
16.0,50.97062683105469,17.02167510986328
-10.0,-24.814748764038086,-4.959772109985352
25.0,6.9417572021484375,-4.001514434814453
-27.0,-17.609291076660156,-4.991044998168945
38.0,39.81242370605469,2.093231201171875
-36.0,-38.833900451660156,-0.7629241943359375
19.0,35.69572448730469,8.931549072265625
-15.0,-36.69806671142578,-6.43707275390625
32.0,26.212173461914062,12.580253601074219
-23.0,-10.119319915771484,-3.963479995727539
9.0,55.789039611816406,-6.6478424072265625
-19.0,-18.00732421875,1.2152462005615234
0.0,4.040489196777344,0.6122512817382812
-2.0,-0.20113658905029297,0.2604246139526367
0.0,4.63282585144043,-0.16139698028564453
0.0,2.1644091606140137,0.30925583839416504
-5.0,20.37066650390625,0.1804518699645996
2.0,3.304448127746582,0.015608787536621094
5.0,3.2341766357421875,2.993854522705078
-5.0,-8.718353271484375,-0.1837921142578125
-4.0,18.74945068359375,-20.173377990722656
-1.0,2.218618392944336,7.572166442871094
3.0,18.950225830078125,11.645477294921875
2.0,-1.4140453338623047,-1.8523426055908203
-5.0,-0.833404541015625,-6.6328125
-7.0,-5.95518684387207,0.8335666656494141
10.0,11.0845947265625,-6.79718017578125
-12.0,-4.816661834716797,2.9509124755859375
12.0,6.469207763671875,2.48016357421875
-10.0,-16.513206481933594,2.6581268310546875
-5.0,13.596786499023438,9.150108337402344
7.0,0.8959083557128906,1.3791618347167969
-6.0,28.936431884765625,-3.32867431640625
3.0,0.9266843795776367,3.1266613006591797
3.0,13.944517135620117,-0.3053627014160156
-6.0,-8.140615463256836,0.3763852119445801
1.0,7.49124813079834,0.017342090606689453
-1.0,-2.395902156829834,0.03493070602416992
16.0,23.337936401367188,-0.1224050521850586
-12.0,0.21376895904541016,0.3427267074584961
14.0,7.8240509033203125,5.169673919677734
-15.0,-10.632156372070312,-3.3565521240234375
20.0,36.811065673828125,13.208480834960938
-23.0,-14.966121673583984,-11.161888122558594
25.0,48.062652587890625,19.06170654296875
-19.0,-28.515409469604492,-7.087427139282227
23.0,35.70326232910156,3.2038650512695312
-24.0,-32.095664978027344,-5.274141311645508
40.0,45.795074462890625,8.9649658203125
-39.0,-44.248069763183594,-6.080188751220703
24.0,39.01411437988281,22.00922393798828
-14.0,-36.703582763671875,-12.033103942871094
43.0,39.76570129394531,17.91533660888672
-38.0,-18.756389617919922,-4.691291809082031
27.0,72.11102294921875,6.674579620361328
-28.0,-36.71481704711914,-0.26215553283691406
1.0,-2.9892807006835938,-3.0322518348693848
-3.0,0.24138545989990234,-0.46541738510131836
-1.0,-0.4080982208251953,-0.23540973663330078
1.0,-0.899749755859375,0.1687631607055664
3.0,2.1015853881835938,1.521833896636963
-4.0,-0.6340427398681641,0.2634725570678711
20.0,-5.8354644775390625,-4.024066925048828
-15.0,-3.702495574951172,1.2204818725585938
-4.0,8.23138427734375,16.447250366210938
3.0,-7.196666717529297,-16.523277282714844
5.0,-1.3536224365234375,15.481090545654297
4.0,0.06693458557128906,-1.3958282470703125
-2.0,7.4151458740234375,12.363235473632812
6.0,-5.425138473510742,-4.729225158691406
4.0,9.008544921875,1.85650634765625
-4.0,-2.4073543548583984,-2.70037841796875
13.0,6.2652587890625,0.1377716064453125
-9.0,-10.656673431396484,-1.272705078125
7.0,6.31134033203125,6.6973724365234375
-2.0,-1.9045467376708984,-0.22422409057617188
4.0,3.42401123046875,-3.095428466796875
-1.0,-0.5836715698242188,0.1987466812133789
2.0,0.5025825500488281,-4.029090404510498
-3.0,-4.503423690795898,-0.7038264274597168
1.0,1.0831356048583984,-0.17559266090393066
-1.0,-1.6298308372497559,0.13730907440185547
12.0,2.7755661010742188,-0.4039750099182129
-10.0,-1.9854068756103516,0.43444299697875977
15.0,9.239364624023438,-3.2878036499023438
-12.0,-8.386028289794922,-11.419281005859375
15.0,16.656402587890625,23.779510498046875
-16.0,-16.26107406616211,-17.831100463867188
16.0,31.385177612304688,13.537559509277344
-9.0,-22.787019729614258,-5.3952484130859375
22.0,7.39947509765625,4.566516876220703
-16.0,-13.13072395324707,-8.004718780517578
25.0,39.38642883300781,0.53857421875
-24.0,-34.451805114746094,-4.418693542480469
9.0,23.308944702148438,2.8364486694335938
-6.0,-26.060344696044922,-11.351203918457031
35.0,11.369598388671875,13.350814819335938
-26.0,-12.794660568237305,-5.556390762329102
13.0,29.71601104736328,6.517051696777344
-18.0,-19.23960304260254,-1.5939826965332031
-3.0,-3.6796836853027344,-2.296048641204834
1.0,-0.37163543701171875,-0.5886173248291016
-1.0,-1.420938491821289,-0.3091895580291748
1.0,1.5527496337890625,0.1714928150177002
-1.0,-0.9475936889648438,1.0892243385314941
-1.0,0.27326297760009766,0.09096622467041016
7.0,-0.9333343505859375,-1.4766769409179688
-6.0,-6.799755096435547,-1.6861572265625
-3.0,-1.443572998046875,-3.1602706909179688
0.0,-2.022531509399414,-4.5123291015625
3.0,-0.635223388671875,8.161361694335938
3.0,0.6136837005615234,-2.2878189086914062
-8.0,-0.3756866455078125,1.9352188110351562
4.0,-1.4766197204589844,-2.1801071166992188
-3.0,10.658599853515625,-8.351837158203125
0.0,-0.43456459045410156,-0.7048568725585938
2.0,-5.917572021484375,-3.6149368286132812
-1.0,-5.875484466552734,-2.2560043334960938
-2.0,-1.24578857421875,9.920669555664062
4.0,-1.7794322967529297,-0.21374893188476562
-2.0,2.8634033203125,9.836219787597656
4.0,-0.30559444427490234,0.3174324035644531
0.0,6.224344253540039,-3.213662624359131
-3.0,-8.311114311218262,-0.4726567268371582
0.0,1.437483787536621,-0.13045048713684082
0.0,-3.007561683654785,-0.10283231735229492
20.0,2.0196762084960938,0.7863674163818359
-15.0,-2.817416191101074,0.41808414459228516
16.0,3.6565399169921875,0.6991424560546875
-16.0,-8.713558197021484,-4.858917236328125
21.0,16.6180419921875,30.221588134765625
-22.0,-19.207271575927734,-23.246383666992188
25.0,28.477203369140625,15.577590942382812
-18.0,-26.487680435180664,-7.5229034423828125
20.0,36.160980224609375,11.771896362304688
-13.0,-27.617097854614258,-8.28781509399414
27.0,45.36907958984375,7.410308837890625
-27.0,-39.86597442626953,-9.735958099365234
14.0,26.627334594726562,15.91412353515625
-5.0,-26.065860748291016,-16.947235107421875
46.0,24.923126220703125,18.685897827148438
-41.0,-21.431730270385742,-6.284202575683594
31.0,46.037994384765625,19.839473724365234
-27.0,-37.94709777832031,-3.0713844299316406
1.0,3.491863250732422,-0.9968385696411133
0.0,-4.744809150695801,-0.23840904235839844
2.0,1.4912338256835938,0.05981707572937012
-2.0,-0.7300810813903809,-0.03145408630371094
9.0,0.673980712890625,-1.9258089065551758
-6.0,-1.3513641357421875,0.17097043991088867
-5.0,15.0748291015625,0.7362632751464844
3.0,-4.68353271484375,-12.639762878417969
19.0,8.425018310546875,7.3322601318359375
-19.0,-9.064407348632812,-1.3078231811523438
11.0,32.738800048828125,-1.9435310363769531
-13.0,-22.853954315185547,-3.999420166015625
24.0,-0.0156707763671875,-7.796718597412109
-22.0,-7.705585479736328,-3.275493621826172
21.0,30.377883911132812,-1.31793212890625
-20.0,-32.04444885253906,-1.7183151245117188
-4.0,17.043685913085938,2.6986770629882812
3.0,-15.403671264648438,-10.078498840332031
28.0,5.058258056640625,6.6534423828125
-24.0,-10.890113830566406,-5.33216667175293
9.0,26.29199981689453,9.612480163574219
-17.0,-18.65593147277832,-1.792729377746582
-4.0,-0.6904029846191406,0.7362031936645508
4.0,-0.6130208969116211,-0.1231999397277832
0.0,-1.0128402709960938,-0.07377982139587402
0.0,2.4524993896484375,0.002729654312133789
-4.0,-3.0491790771484375,-0.43260955810546875
3.0,0.9073057174682617,-0.17250633239746094
-13.0,4.902130126953125,2.5473899841308594
9.0,-3.097259521484375,-2.9066390991210938
1.0,-9.674957275390625,-19.607521057128906
-3.0,5.174135208129883,12.010948181152344
-2.0,0.7183990478515625,-7.319728851318359
-1.0,0.5467491149902344,-0.8919906616210938
-6.0,-7.79083251953125,-10.428016662597656
-2.0,3.948518753051758,2.5491180419921875
-7.0,1.650054931640625,-10.208343505859375
4.0,1.9727897644042969,1.9955215454101562
-11.0,-12.182830810546875,-3.7527084350585938
8.0,4.78118896484375,-0.9832992553710938
-9.0,-7.55712890625,3.223297119140625
6.0,0.12511444091796875,0.01047515869140625
-6.0,-0.56060791015625,12.931648254394531
5.0,0.2780771255493164,0.11868572235107422
-1.0,9.213624954223633,-0.1814107894897461
0.0,-8.552499771118164,-0.007239341735839844
1.0,1.8455820083618164,0.10495924949645996
-1.0,-2.10781192779541,-0.27159547805786133
17.0,-0.0819091796875,-0.735466480255127
-11.0,-2.18337345123291,0.15461158752441406
-4.0,9.49200439453125,4.723209381103516
-1.0,-5.0110626220703125,-6.079399108886719
25.0,8.38665771484375,13.774337768554688
-25.0,-12.010604858398438,-6.723106384277344
20.0,29.830825805664062,0.09650039672851562
-22.0,-26.554615020751953,-6.1270751953125
22.0,28.745834350585938,-0.591339111328125
-19.0,-22.191959381103516,-3.5585899353027344
23.0,36.36053466796875,5.553802490234375
-23.0,-37.4586181640625,-7.035579681396484
1.0,20.362075805664062,15.776351928710938
4.0,-15.409187316894531,-15.674530029296875
39.0,18.611785888671875,11.988525390625
-39.0,-19.527183532714844,-6.059978485107422
27.0,42.613983154296875,22.93490219116211
-26.0,-37.363426208496094,-3.2701311111450195
-5.0,-4.1822662353515625,1.733041763305664
4.0,4.13178825378418,0.11520910263061523
-2.0,-2.5040740966796875,-0.13359689712524414
2.0,3.1825804710388184,0.03418374061584473
-13.0,-3.7231597900390625,1.493199348449707
9.0,2.258669853210449,-0.3434767723083496
-8.0,-10.172698974609375,1.811126708984375
6.0,1.586273193359375,9.733123779296875
-18.0,-18.0999755859375,-26.939781188964844
16.0,14.238542556762695,13.318771362304688
-13.0,-32.02040100097656,-5.376197814941406
12.0,23.40070343017578,3.1074295043945312
-30.0,-7.7751617431640625,-2.631298065185547
20.0,11.654104232788086,5.824611663818359
-28.0,-28.727828979492188,-8.890411376953125
24.0,34.01723861694336,3.713836669921875
-7.0,-29.226516723632812,-6.451385498046875
5.0,20.184860229492188,9.095199584960938
-37.0,-12.615386962890625,-3.430145263671875
30.0,11.015228271484375,5.342641830444336
-15.0,-26.85260772705078,3.3191680908203125
22.0,18.934009552001953,1.9114151000976562
-2.0,5.721761703491211,0.8154277801513672
0.0,-3.8076906204223633,0.2311697006225586
-1.0,0.35434818267822266,0.045142173767089844
1.0,-1.3777308464050293,-0.2401413917541504
8.0,-0.755889892578125,1.1903424263000488
-5.0,-0.8320093154907227,-0.01635885238647461
1.0,-5.58282470703125,3.9869461059570312
-4.0,-0.3275299072265625,6.56036376953125
6.0,-0.038360595703125,6.44207763671875
-6.0,-2.946197509765625,-5.415283203125
9.0,-2.9079742431640625,2.0400314331054688
-9.0,-3.7006607055664062,-2.127655029296875
-2.0,28.761505126953125,7.205379486083984
3.0,-14.486373901367188,-0.2830963134765625
2.0,5.9826507568359375,6.871734619140625
-3.0,-5.4141693115234375,-5.317264556884766
5.0,3.318389892578125,13.077674865722656
1.0,-0.00551605224609375,-5.596031188964844
11.0,13.55352783203125,5.3350830078125
-15.0,-8.637069702148438,-0.7278118133544922
18.0,16.321983337402344,13.32242202758789
-9.0,-18.70749282836914,-1.4774017333984375
3.0,9.904027938842773,-0.9176139831542969
-4.0,-7.939478874206543,0.11596059799194336
1.0,2.85842227935791,0.17873907089233398
-1.0,-4.560311317443848,-0.2743251323699951
21.0,2.9672698974609375,-0.3028569221496582
-14.0,-3.090679168701172,0.327117919921875
9.0,4.589874267578125,2.1758193969726562
-10.0,-1.9138031005859375,-3.172760009765625
24.0,18.061614990234375,33.381858825683594
-22.0,-17.18474006652832,-18.734054565429688
22.0,29.1124267578125,7.416229248046875
-21.0,-27.101364135742188,-5.235084533691406
28.0,36.53666687011719,9.836677551269531
-17.0,-26.140478134155273,-6.107707977294922
30.0,34.710479736328125,15.76214599609375
-27.0,-39.4314079284668,-9.03110122680664
12.0,32.54490661621094,19.52906036376953
-4.0,-20.19037628173828,-14.691230773925781
48.0,26.168914794921875,8.765228271484375
-45.0,-19.652297973632812,-6.070453643798828
33.0,43.174591064453125,10.003253936767578
-31.0,-37.641502380371094,-3.3888168334960938
-1.0,6.949974060058594,-0.2920875549316406
-1.0,-1.9337215423583984,-0.8818187713623047
-2.0,8.862533569335938,2.6376466751098633
5.0,-0.172515869140625,0.0995631217956543
1.0,2.949970245361328,0.052453041076660156
0.0,1.1258573532104492,-0.017011642456054688
0.0,13.541496276855469,0.2518768310546875
0.0,0.1302642822265625,0.20466995239257812
8.0,35.15098571777344,10.090850830078125
-12.0,0.38114166259765625,1.0508460998535156
21.0,19.983016967773438,11.518394470214844
-14.0,-5.882402420043945,1.2047500610351562
-1.0,8.05377197265625,-9.560440063476562
3.0,-4.395622253417969,-0.13912200927734375
6.0,8.342269897460938,16.227401733398438
-3.0,-5.62818717956543,-2.254680633544922
23.0,34.47209167480469,21.19178009033203
-22.0,-14.628952026367188,-3.2897262573242188
2.0,27.470001220703125,-2.3967056274414062
-3.0,-6.667701721191406,3.3787994384765625
2.0,-0.8421783447265625,-13.253265380859375
-6.0,-3.049107551574707,1.9886207580566406
-3.0,1.1624298095703125,1.6610603332519531
2.0,-3.7356815338134766,-0.1916961669921875
0.0,13.44698715209961,2.611328125
1.0,-3.265237808227539,-0.34342527389526367
3.0,5.266956329345703,0.8620600700378418
-1.0,1.4388031959533691,0.18869447708129883
2.0,14.190109252929688,2.2933712005615234
-2.0,-0.04316520690917969,-0.10465145111083984
4.0,40.20361328125,18.16577911376953
-6.0,-0.4693269729614258,-0.08012580871582031
23.0,19.883209228515625,17.1121826171875
-20.0,-5.341522216796875,-0.8065052032470703
2.0,6.4072113037109375,-6.2779541015625
-2.0,-0.584625244140625,4.577049255371094
6.0,3.97320556640625,-2.1620407104492188
-5.0,-4.251293182373047,0.15224456787109375
18.0,31.845779418945312,17.502906799316406
-9.0,-12.695743560791016,-3.6050071716308594
-3.0,28.51104736328125,-2.47412109375
1.0,-5.0423126220703125,0.31734657287597656
5.0,13.2073974609375,8.031326293945312
-1.0,-5.356178283691406,0.4807853698730469
12.0,33.39973449707031,14.262456893920898
-10.0,-14.066225051879883,-3.6532344818115234
1.0,18.877525329589844,0.8600826263427734
-1.0,-5.572904586791992,0.4009413719177246
4.0,3.3644142150878906,0.9436812400817871
-3.0,0.16060161590576172,-0.5834741592407227
15.0,19.99315643310547,1.854410171508789
-10.0,-3.896718978881836,-0.9608144760131836
36.0,53.42523956298828,25.52515411376953
-37.0,-13.439794540405273,-1.3303661346435547
29.0,47.157676696777344,20.901153564453125
-28.0,-25.546091079711914,-7.271039962768555
19.0,17.85498046875,3.6028213500976562
-18.0,-8.6417236328125,-4.735542297363281
23.0,34.43028259277344,13.150985717773438
-28.0,-32.785255432128906,-7.603298187255859
15.0,45.930084228515625,27.18537139892578
-9.0,-23.086688995361328,-7.805316925048828
19.0,39.578216552734375,1.3304595947265625
-23.0,-19.940750122070312,-8.575265884399414
30.0,26.194717407226562,2.716094970703125
-26.0,-16.95966911315918,-0.4923591613769531
1.0,3.166717529296875,0.9135818481445312
-1.0,-1.022439956665039,0.49483299255371094
1.0,10.269401550292969,3.570985794067383
3.0,-1.6879568099975586,0.05506324768066406
0.0,2.1401100158691406,-1.1147541999816895
0.0,1.5102319717407227,0.0945887565612793
3.0,15.121253967285156,0.8799476623535156
0.0,0.4956398010253906,0.1613445281982422
8.0,41.14863586425781,16.049667358398438
-3.0,0.7439479827880859,0.8011608123779297
28.0,12.810958862304688,15.92034912109375
-22.0,-3.3463306427001953,-0.3569927215576172
-6.0,-1.7435150146484375,-4.4252471923828125
2.0,1.8641090393066406,1.8242263793945312
0.0,-0.354766845703125,0.5792694091796875
4.0,-2.6462955474853516,-0.9676094055175781
24.0,16.798782348632812,21.008926391601562
-9.0,-5.890995025634766,-4.559528350830078
6.0,25.914154052734375,1.5230560302734375
-3.0,-4.003728866577148,-0.40062522888183594
17.0,-0.4425048828125,-6.970466613769531
-11.0,-3.7030296325683594,2.1774864196777344
6.0,24.8399658203125,3.626049041748047
-9.0,-15.537458419799805,-5.232242584228516
2.0,13.878376007080078,1.742544174194336
0.0,-3.1844701766967773,-0.18610811233520508
4.0,10.984363555908203,-1.7840895652770996
-4.0,-3.112091064453125,-0.3542666435241699
24.0,40.60022735595703,3.1093578338623047
-20.0,-12.562095642089844,-0.8170785903930664
38.0,74.37966918945312,20.396697998046875
-41.0,-21.66864776611328,-1.0652656555175781
43.0,51.84428405761719,13.637496948242188
-42.0,-28.028886795043945,-3.084146499633789
21.0,15.233345031738281,1.723052978515625
-13.0,-6.093116760253906,-0.4766387939453125
35.0,62.90472412109375,34.79682922363281
-37.0,-48.464317321777344,-14.406272888183594
26.0,50.35624694824219,20.90583038330078
-26.0,-33.7635612487793,-4.101627349853516
31.0,47.91143798828125,3.754364013671875
-30.0,-20.52417755126953,-4.107080459594727
31.0,47.32423400878906,13.381912231445312
-34.0,-30.011035919189453,-2.3214797973632812
-2.0,-5.787544250488281,1.9531478881835938
3.0,-1.8019599914550781,0.6901226043701172
2.0,4.584453582763672,-0.02631855010986328
-4.0,-3.092721939086914,-0.44298839569091797
2.0,2.316986083984375,0.8096070289611816
-1.0,0.3129458427429199,0.20570611953735352
2.0,0.6486129760742188,2.041494369506836
-2.0,-0.1734294891357422,-0.30932140350341797
-4.0,5.0526275634765625,8.074928283691406
6.0,-0.850468635559082,-1.130971908569336
2.0,-0.0998077392578125,5.593788146972656
-6.0,0.5408802032470703,-2.0112552642822266
3.0,-1.6465606689453125,3.2824859619140625
-5.0,3.8109970092773438,4.7161712646484375
0.0,-4.3690643310546875,-18.389442443847656
-2.0,1.3768939971923828,2.4069252014160156
-5.0,-2.626312255859375,-3.688873291015625
13.0,1.9332084655761719,-0.3152809143066406
-5.0,1.041046142578125,-0.07741546630859375
4.0,1.6253890991210938,-3.061452865600586
3.0,14.049575805664062,21.284591674804688
5.0,-2.307070732116699,-1.5078353881835938
13.0,26.44976043701172,14.554544448852539
-9.0,-12.132503509521484,-2.7714157104492188
3.0,10.014991760253906,-1.7775640487670898
-6.0,-5.400388717651367,0.3013782501220703
3.0,0.4144439697265625,0.891228199005127
-3.0,-0.9652557373046875,-0.566462516784668
15.0,6.45166015625,1.6025333404541016
-10.0,-4.026983261108398,-1.1654844284057617
28.0,18.274253845214844,15.434303283691406
-25.0,-13.82093620300293,-2.3812122344970703
8.0,27.174659729003906,9.382759094238281
-14.0,-19.66368865966797,-8.475790023803711
20.0,9.80120849609375,13.163261413574219
-21.0,-4.246101379394531,-4.5964202880859375
17.0,26.0880126953125,-3.076416015625
-25.0,-27.157066345214844,-5.3486175537109375
-8.0,11.457992553710938,5.99359130859375
13.0,-8.45773696899414,-4.515590667724609
17.0,12.10821533203125,3.7271652221679688
-20.0,-13.273048400878906,-11.954065322875977
28.0,27.036895751953125,15.9693603515625
-20.0,-13.910561561584473,-2.4809799194335938
2.0,-3.7832565307617188,1.2056694030761719
0.0,0.9112815856933594,1.3766517639160156
3.0,1.4068679809570312,0.9333391189575195
-2.0,-1.5154409408569336,-0.044499874114990234
-1.0,-0.8098602294921875,-1.1672072410583496
0.0,0.38437461853027344,0.11160039901733398
3.0,1.5797576904296875,0.6280708312988281
0.0,0.3653755187988281,-0.04332542419433594
0.0,5.997650146484375,5.9588165283203125
9.0,0.3628063201904297,-0.24968528747558594
7.0,-7.17205810546875,4.401954650878906
-8.0,2.53607177734375,-1.5617427825927734
-5.0,-9.797286987304688,5.13519287109375
-1.0,6.259731292724609,1.963348388671875
-6.0,-8.697036743164062,-15.64813232421875
7.0,2.981891632080078,1.2870712280273438
1.0,-17.673309326171875,-0.18285369873046875
13.0,8.737957000732422,-1.2698020935058594
4.0,-1.55584716796875,3.9197616577148438
0.0,2.663972854614258,-3.7794246673583984
15.0,0.3996734619140625,6.282798767089844
-5.0,-0.6539220809936523,0.18886566162109375
7.0,17.889991760253906,3.9181365966796875
-8.0,-13.603736877441406,-4.350423812866211
4.0,5.015842437744141,-0.8951025009155273
-5.0,-3.0119543075561523,-0.2856712341308594
3.0,8.034393310546875,-1.8365426063537598
-4.0,-4.237948417663574,-0.33725500106811523
24.0,27.058731079101562,2.857481002807617
-20.0,-12.692359924316406,-1.0217485427856445
30.0,39.22868347167969,10.30584716796875
-29.0,-22.049789428710938,-2.1161117553710938
22.0,31.86126708984375,2.1191024780273438
-28.0,-22.146484375,-4.288896560668945
22.0,7.179573059082031,11.283493041992188
-16.0,-1.6974945068359375,-0.33751678466796875
29.0,54.56245422363281,18.569427490234375
-34.0,-42.83612823486328,-12.151592254638672
3.0,15.8841552734375,-0.28594970703125
-4.0,-19.13460922241211,-0.8119010925292969
29.0,20.441436767578125,6.151069641113281
-27.0,-13.856475830078125,-7.485879898071289
29.0,48.166412353515625,26.635177612304688
-28.0,-26.961929321289062,-4.310100555419922
15.0,32.2373046875,12.601396560668945
-12.0,-10.330543518066406,-3.461538314819336
1.0,5.430538177490234,-1.7512454986572266
-2.0,-2.307666778564453,0.7443666458129883
1.0,-1.9025421142578125,0.08162117004394531
-2.0,-1.2782015800476074,-0.7721686363220215
13.0,5.803047180175781,-0.4389610290527344
-8.0,-3.8535537719726562,-0.8561630249023438
32.0,13.221626281738281,7.359375
-31.0,-12.970467567443848,-1.2502403259277344
6.0,27.27446746826172,3.788970947265625
-8.0,-20.20456886291504,-6.464534759521484
17.0,11.447769165039062,9.880775451660156
-16.0,-8.057098388671875,-9.312591552734375
17.0,30.457077026367188,15.313026428222656
-23.0,-28.533960342407227,-7.755542755126953
-3.0,14.084304809570312,9.682464599609375
0.0,-10.390945434570312,-4.200309753417969
22.0,11.067169189453125,3.8045806884765625
-24.0,-14.8984375,-8.89261245727539
25.0,12.987319946289062,-5.3152313232421875
-25.0,-11.603490829467773,-0.97314453125
4.0,2.0042877197265625,-0.7474784851074219
-3.0,2.7132415771484375,0.6865291595458984
1.0,-3.1775856018066406,0.9596576690673828
2.0,1.5772809982299805,0.39848852157592773
-3.0,-3.1268463134765625,-1.9768142700195312
1.0,0.07142877578735352,-0.09410572052001953
1.0,0.9311447143554688,-1.4134235382080078
2.0,0.5388050079345703,0.26599597930908203
4.0,0.9450225830078125,-2.1161117553710938
3.0,1.2132749557495117,0.88128662109375
5.0,-7.0722503662109375,-1.19183349609375
-2.0,1.9951915740966797,0.4495124816894531
-8.0,-8.150726318359375,1.8527069091796875
4.0,2.4487342834472656,-2.7528228759765625
-6.0,-4.327972412109375,2.7413101196289062
9.0,1.6049976348876953,-1.1198539733886719
6.0,-15.0469970703125,3.5060195922851562
0.0,6.80474853515625,-0.9545211791992188
9.0,-2.596893310546875,3.9971771240234375
-4.0,1.038583755493164,-0.7179718017578125
12.0,-13.64990234375,-15.001792907714844
-10.0,1.6531486511230469,1.6967010498046875
9.0,23.677536010742188,1.9649887084960938
-11.0,-11.801776885986328,-5.040546417236328
2.0,0.43138885498046875,-0.8687839508056641
-1.0,0.08076763153076172,0.1573171615600586
1.0,5.7174072265625,-2.6461496353149414
-3.0,-4.550894260406494,-0.5429611206054688
22.0,26.410118103027344,0.8159866333007812
-18.0,-12.518930435180664,-0.7124271392822266
34.0,34.176055908203125,2.2309188842773438
-35.0,-21.199321746826172,-0.9851398468017578
20.0,31.961074829101562,-3.4746856689453125
-22.0,-22.68736457824707,-2.2776412963867188
19.0,8.826133728027344,8.001007080078125
-11.0,-5.508491516113281,-5.053688049316406
29.0,58.9315185546875,36.95886993408203
-32.0,-44.21302032470703,-14.558517456054688
8.0,18.510467529296875,3.402923583984375
-17.0,-21.06781768798828,-0.49662017822265625
34.0,19.400390625,6.228485107421875
-31.0,-15.481864929199219,-4.424427032470703
26.0,34.11683654785156,5.3505859375
-33.0,-24.654857635498047,-2.802265167236328
-11.0,-30.233016967773438,-13.348875045776367
9.0,13.043785095214844,4.148067474365234
0.0,-8.608123779296875,2.7109031677246094
4.0,3.8849477767944336,-0.34587812423706055
-4.0,-1.22430419921875,-2.0584354400634766
3.0,1.349630355834961,0.678062915802002
-12.0,-4.8719024658203125,-0.9744625091552734
10.0,4.392358779907227,1.1221590042114258
-28.0,-12.276603698730469,-9.475486755371094
34.0,14.18374252319336,2.1315269470214844
-1.0,-34.346717834472656,-4.980804443359375
6.0,22.19976043701172,6.9140472412109375
-25.0,-19.598495483398438,-8.028068542480469
20.0,10.50583267211914,6.5597686767578125
-23.0,-34.78504943847656,-12.57171630859375
32.0,30.138957977294922,6.635688781738281
9.0,-29.131301879882812,-6.176445007324219
0.0,17.195693969726562,3.24578857421875
-13.0,-13.6640625,0.192596435546875
20.0,15.937021255493164,8.174640655517578
-13.0,-26.637222290039062,-9.686561584472656
15.0,13.25663948059082,2.6698455810546875
-6.0,-8.559768676757812,-10.636407852172852
1.0,-1.4712333679199219,-1.5790081024169922
1.0,-4.999149322509766,0.8824615478515625
1.0,2.388434410095215,-0.5870494842529297
0.0,7.6199493408203125,-2.7277708053588867
-1.0,-3.2726926803588867,0.22920751571655273
9.0,20.607070922851562,1.2549476623535156
-10.0,-8.665376663208008,0.1437358856201172
2.0,20.954429626464844,-5.128456115722656
-4.0,-8.228853225708008,0.26510047912597656
14.0,4.686607360839844,-7.2636566162109375
-14.0,-2.4827957153320312,4.186893463134766
2.0,-2.6216354370117188,-1.8797683715820312
5.0,2.5486068725585938,4.258903503417969
12.0,28.474441528320312,21.645843505859375
-9.0,-15.679061889648438,-6.802974700927734
11.0,4.4261627197265625,-6.279541015625
-17.0,-10.676872253417969,3.7036895751953125
12.0,8.333221435546875,2.4239044189453125
-7.0,-0.5834274291992188,4.4681854248046875
1.0,21.1295166015625,10.665817260742188
-8.0,-13.051366806030273,-1.8291206359863281
5.0,21.673248291015625,2.7124671936035156
-8.0,-14.515018463134766,-5.727075576782227
1.0,3.6089744567871094,-1.8284416198730469
-3.0,-1.4965133666992188,-0.24117136001586914
4.0,8.844253540039062,-0.6693353652954102
-4.0,-4.622323036193848,-0.4488554000854492
21.0,25.478973388671875,2.229410171508789
-20.0,-13.057735443115234,-0.9784231185913086
30.0,33.23103332519531,4.3470306396484375
-38.0,-22.412595748901367,-1.8664264678955078
15.0,39.0333251953125,-2.2828521728515625
-20.0,-24.68255615234375,-2.727153778076172
27.0,16.97686004638672,6.1483001708984375
-15.0,-7.957225799560547,-2.3008651733398438
35.0,63.259490966796875,34.217559814453125
-41.0,-45.81801986694336,-13.438663482666016
2.0,33.557464599609375,-0.10309600830078125
-17.0,-27.87256622314453,0.4579010009765625
25.0,21.997283935546875,2.2313079833984375
-27.0,-16.520448684692383,-3.7064552307128906
14.0,47.76673889160156,20.352378845214844
-23.0,-26.308006286621094,-4.498966217041016
1.0,21.357040405273438,0.9676742553710938
-4.0,1.3943877220153809,2.1139278411865234
-4.0,3.2577285766601562,1.6988487243652344
0.0,0.25124454498291016,0.8870401382446289
1.0,41.30162048339844,1.1367568969726562
-1.0,5.433023452758789,0.441802978515625
11.0,7.943084716796875,17.01739501953125
-12.0,-6.4971923828125,1.9786834716796875
4.0,11.05853271484375,-3.506011962890625
2.0,-0.7822494506835938,4.173694610595703
24.0,15.58935546875,14.432708740234375
-15.0,-6.1135711669921875,-0.7926788330078125
16.0,11.3328857421875,20.601837158203125
-20.0,-7.913871765136719,-5.9998931884765625
18.0,56.016815185546875,9.640625
-13.0,-4.014278411865234,1.8220252990722656
22.0,20.00897216796875,29.961669921875
-32.0,-18.638519287109375,1.7420120239257812
-1.0,39.31805419921875,38.491607666015625
-2.0,-10.090461730957031,-8.461982727050781
11.0,54.741546630859375,28.51971435546875
-11.0,0.6975650787353516,4.059207916259766
4.0,25.981407165527344,11.892898559570312
-2.0,1.0659923553466797,2.14984130859375
1.0,1.8364753723144531,1.2680625915527344
-4.0,0.9877414703369141,1.0435032844543457
10.0,43.159400939941406,2.7391738891601562
-7.0,5.606194496154785,0.13038921356201172
16.0,2.890380859375,11.0340576171875
-15.0,-6.418670654296875,0.17240142822265625
6.0,20.623291015625,10.71722412109375
2.0,-2.6034011840820312,-7.15435791015625
14.0,7.6517333984375,5.982940673828125
-6.0,-7.300876617431641,-1.736358642578125
12.0,-1.01434326171875,11.846221923828125
-13.0,-5.060813903808594,-2.9752426147460938
26.0,53.290924072265625,14.7435302734375
-19.0,-4.020786285400391,-1.5662345886230469
53.0,29.833038330078125,39.5081787109375
-56.0,-34.391204833984375,-8.640213012695312
-3.0,32.478668212890625,36.303863525390625
-5.0,-19.38648223876953,-10.833366394042969
9.0,51.73992919921875,22.8870849609375
-14.0,-1.7485828399658203,1.7603950500488281
10.0,22.050308227539062,14.635993957519531
-13.0,-4.740581512451172,-0.6234321594238281
2.0,6.025840759277344,3.1261634826660156
-4.0,-2.9665470123291016,0.25897693634033203
27.0,46.3699951171875,4.579868316650391
-23.0,-2.104351043701172,-0.9679536819458008
40.0,31.926025390625,7.70355224609375
-47.0,-28.187236785888672,-3.4295883178710938
43.0,32.570526123046875,32.0072021484375
-32.0,-16.917041778564453,-17.488784790039062
54.0,65.01370239257812,36.820159912109375
-50.0,-63.992740631103516,-31.313392639160156
51.0,16.436553955078125,23.761444091796875
-50.0,-30.3170166015625,-20.935550689697266
50.0,73.75772094726562,19.402862548828125
-53.0,-46.543453216552734,-22.940147399902344
43.0,32.8304443359375,28.76580810546875
-47.0,-52.23716735839844,-20.13072967529297
69.0,24.179779052734375,21.719573974609375
-60.0,-24.44013214111328,-17.0455322265625
28.0,91.27444458007812,51.431396484375
-37.0,-49.03327178955078,-22.160259246826172
0.0,20.78949737548828,4.5473480224609375
-2.0,1.484846591949463,1.8226051330566406
-3.0,2.457265853881836,1.0292816162109375
-2.0,-0.2911038398742676,0.7667560577392578
3.0,38.761627197265625,0.6831893920898438
-1.0,5.089237213134766,0.019559860229492188
20.0,13.7841796875,19.38726806640625
-19.0,-11.991718292236328,1.1639862060546875
14.0,27.94915771484375,20.695831298828125
-1.0,-7.313697814941406,-6.383148193359375
32.0,13.165283203125,21.1038818359375
-19.0,-7.707191467285156,-2.655040740966797
17.0,6.36328125,11.018218994140625
-17.0,-2.567291259765625,-0.8478889465332031
7.0,47.423370361328125,11.97540283203125
0.0,-3.547008514404297,1.4005699157714844
46.0,19.485748291015625,33.749908447265625
-47.0,-18.421531677246094,2.6302490234375
12.0,34.377197265625,26.348541259765625
-24.0,-16.605724334716797,-12.340744018554688
11.0,53.366790771484375,30.62591552734375
-17.0,-4.303632736206055,0.23405838012695312
12.0,23.579322814941406,18.791526794433594
-14.0,-16.085968017578125,-3.047903060913086
5.0,4.604907989501953,-0.3339424133300781
-10.0,-4.195531845092773,-0.3380289077758789
42.0,51.45347595214844,4.203605651855469
-41.0,-12.282304763793945,-0.7973546981811523
35.0,49.922149658203125,31.977935791015625
-42.0,-56.83298873901367,-18.73558807373047
54.0,36.45556640625,30.3719482421875
-56.0,-19.77733612060547,-20.0162353515625
61.0,79.07748413085938,54.263702392578125
-47.0,-70.93051147460938,-35.965065002441406
58.0,27.01214599609375,33.540985107421875
-55.0,-31.552101135253906,-17.376575469970703
79.0,97.56051635742188,34.42816162109375
-78.0,-56.70146560668945,-24.236236572265625
31.0,53.110687255859375,31.1551513671875
-53.0,-67.84379577636719,-24.967079162597656
70.0,13.9779052734375,13.065460205078125
-67.0,-19.86096954345703,-15.740325927734375
39.0,78.46029663085938,42.737396240234375
-50.0,-49.44831848144531,-19.98058319091797
3.0,4.624366760253906,10.925224304199219
2.0,-0.32839536666870117,0.03591346740722656
5.0,-1.4212532043457031,-0.4307861328125
-4.0,0.7364969253540039,0.1564631462097168
9.0,1.8577804565429688,1.6024169921875
-6.0,0.1731710433959961,-0.3114137649536133
5.0,-5.052703857421875,-5.98333740234375
-3.0,0.078521728515625,-1.8062820434570312
2.0,9.56475830078125,14.223236083984375
0.0,-1.8211517333984375,-11.328052520751953
-10.0,-7.9376220703125,-8.44976806640625
9.0,-1.1873054504394531,-0.9436798095703125
-4.0,-12.34722900390625,-8.755615234375
7.0,2.853057861328125,3.0246505737304688
8.0,-2.72589111328125,5.1029052734375
-6.0,-0.00650787353515625,-3.3882598876953125
31.0,9.824066162109375,9.5465087890625
-24.0,-15.752685546875,-10.382225036621094
-2.0,-6.839385986328125,-2.187744140625
-3.0,-9.2960205078125,-2.3713836669921875
-2.0,-3.001617431640625,-5.63262939453125
-3.0,-2.446147918701172,-2.2988128662109375
9.0,0.693267822265625,13.668319702148438
-9.0,-6.134969234466553,-2.7373600006103516
6.0,2.7681121826171875,1.4273147583007812
-4.0,-3.2177915573120117,-0.6280632019042969
26.0,5.0683746337890625,3.4431114196777344
-22.0,-7.537374496459961,-1.4097566604614258
29.0,23.982940673828125,-9.3138427734375
-35.0,-21.690044403076172,-5.408271789550781
39.0,21.511993408203125,35.513214111328125
-34.0,-16.13479232788086,-21.662479400634766
30.0,49.424346923828125,22.387451171875
-35.0,-57.87916946411133,-30.520713806152344
35.0,5.103668212890625,3.15960693359375
-30.0,-22.40314483642578,-14.935657501220703
32.0,17.74090576171875,9.762237548828125
-40.0,-42.5291748046875,-24.76217269897461
21.0,12.82147216796875,-1.19586181640625
-15.0,-33.59864807128906,-21.87274169921875
70.0,-15.138275146484375,-16.77203369140625
-58.0,-14.34967041015625,-8.583549499511719
17.0,36.53289794921875,22.91168212890625
-26.0,-49.7308349609375,-26.219467163085938
-1.0,-0.5675430297851562,3.5796737670898438
2.0,0.09045886993408203,-0.2913227081298828
1.0,-0.8004627227783203,-0.6695671081542969
-2.0,-0.5423483848571777,-0.1202840805053711
2.0,-2.5399932861328125,-0.4535675048828125
0.0,-0.34378623962402344,-0.4222431182861328
9.0,5.841094970703125,2.369873046875
-7.0,-5.494525909423828,-0.814697265625
10.0,16.890625,24.20184326171875
-3.0,-6.5314483642578125,-10.556842803955078
8.0,-2.424072265625,6.671173095703125
-4.0,-1.5936203002929688,-1.8623619079589844
1.0,-4.9696044921875,-9.5836181640625
3.0,5.346580505371094,5.152004241943359
-11.0,-8.59344482421875,2.33477783203125
13.0,0.4672698974609375,-0.42145538330078125
24.0,-0.523223876953125,3.788238525390625
-15.0,0.21698760986328125,0.8882369995117188
13.0,-4.94085693359375,-12.14306640625
-22.0,-6.515262603759766,-3.8787612915039062
0.0,-1.374755859375,2.106201171875
-6.0,-5.001197814941406,-3.8251495361328125
11.0,2.2222824096679688,17.8238525390625
-10.0,-17.480356216430664,-5.161830902099609
9.0,1.3471794128417969,-2.0327911376953125
-10.0,-4.446776390075684,-1.2250690460205078
41.0,10.15185546875,3.0668487548828125
-40.0,-17.715328216552734,-1.2391576766967773
24.0,41.97906494140625,14.960540771484375
-30.0,-50.33579635620117,-20.714271545410156
50.0,25.39703369140625,33.877960205078125
-58.0,-18.995086669921875,-24.189929962158203
37.0,63.488128662109375,39.83099365234375
-32.0,-64.81694030761719,-35.172386169433594
42.0,15.67926025390625,12.93914794921875
-35.0,-23.638229370117188,-11.37668228149414
61.0,41.543701171875,24.78753662109375
-65.0,-52.68718719482422,-26.05826187133789
9.0,33.101715087890625,1.1934814453125
-21.0,-49.20527648925781,-26.709091186523438
71.0,-25.34014892578125,-25.4261474609375
-65.0,-9.7705078125,-7.278343200683594
28.0,23.71875,14.217681884765625
-39.0,-50.14588165283203,-24.039791107177734
6.0,-3.9310989379882812,2.7430953979492188
-11.0,-5.806573867797852,-2.773273468017578
1.0,4.189365386962891,1.8581008911132812
0.0,-3.9542884826660156,-0.7845263481140137
17.0,3.2105941772460938,1.8406944274902344
-16.0,-7.710545539855957,-1.0983428955078125
24.0,29.03564453125,-3.33050537109375
-32.0,-21.768566131591797,-3.60198974609375
37.0,11.947235107421875,21.28997802734375
-34.0,-14.313640594482422,-10.334426879882812
40.0,57.361968994140625,30.83721923828125
-44.0,-56.691864013671875,-29.57703399658203
39.0,17.450897216796875,11.91522216796875
-37.0,-25.256202697753906,-17.960308074951172
24.0,20.466796875,4.659332275390625
-34.0,-42.522666931152344,-21.373912811279297
-10.0,2.997406005859375,-10.74237060546875
9.0,-17.845962524414062,-11.490516662597656
72.0,-8.29888916015625,-14.58428955078125
-55.0,-5.05364990234375,-6.212165832519531
19.0,39.534515380859375,28.5443115234375
-23.0,-47.28468704223633,-23.920654296875
-4.0,-5.1919097900390625,-7.345550537109375
0.0,0.4188542366027832,-0.3272361755371094
-4.0,0.6207904815673828,-0.23878097534179688
2.0,-1.2788453102111816,-0.2767472267150879
-7.0,-4.397773742675781,-2.0559844970703125
6.0,-0.5169572830200195,-0.11082935333251953
4.0,10.893798828125,8.35321044921875
-4.0,-5.573047637939453,0.9915847778320312
8.0,7.32586669921875,9.978607177734375
-3.0,-4.710296630859375,0.771209716796875
18.0,5.5135498046875,15.120941162109375
-13.0,-0.4063148498535156,-0.9186820983886719
5.0,7.37762451171875,-0.8280029296875
-4.0,2.4935226440429688,2.1273536682128906
-19.0,-5.8675537109375,-2.76812744140625
19.0,0.47377777099609375,2.9668045043945312
-7.0,-10.3472900390625,-5.758270263671875
9.0,15.969673156738281,11.270462036132812
15.0,1.898529052734375,-9.955322265625
-19.0,2.7807579040527344,-1.5073776245117188
2.0,1.626861572265625,7.73883056640625
-3.0,-2.5550498962402344,-1.526336669921875
8.0,-2.4020843505859375,6.898628234863281
-12.0,-17.151960372924805,-5.197744369506836
4.0,2.7684326171875,-1.6020050048828125
-6.0,-5.1832733154296875,-1.3815321922302246
32.0,8.294075012207031,1.4644317626953125
-34.0,-17.888500213623047,-0.9277439117431641
19.0,47.031768798828125,20.943878173828125
-27.0,-50.4143180847168,-18.907989501953125
48.0,15.832275390625,19.65472412109375
-58.0,-17.173934936523438,-12.86187744140625
47.0,71.42575073242188,48.28076171875
-41.0,-63.629638671875,-34.22870635986328
46.0,28.0264892578125,21.69476318359375
-42.0,-26.491287231445312,-14.40133285522461
53.0,44.26959228515625,19.68463134765625
-59.0,-52.68067932128906,-22.670001983642578
-22.0,23.27764892578125,-8.35302734375
3.0,-33.45259094238281,-16.326866149902344
73.0,-18.500762939453125,-23.2384033203125
-62.0,-0.4744873046875,-4.906959533691406
30.0,26.720367431640625,19.850311279296875
-36.0,-47.69973373413086,-21.740978240966797
-10.0,-1.2608108520507812,-10.088645935058594
11.0,6.225428104400635,2.4460372924804688
-5.0,-3.568574905395508,-2.096881866455078
2.0,2.675443172454834,0.5077791213989258
-24.0,-7.608367919921875,-3.896678924560547
22.0,7.1935882568359375,0.987513542175293
-20.0,-18.141845703125,11.6837158203125
28.0,16.195518493652344,4.593574523925781
-29.0,-4.621368408203125,-11.311370849609375
31.0,9.603343963623047,11.105636596679688
-22.0,-51.848419189453125,-15.716278076171875
31.0,56.28554916381836,28.65835189819336
-34.0,-10.073272705078125,-12.74322509765625
33.0,27.749725341796875,20.087661743164062
-43.0,-26.3343505859375,-7.427459716796875
53.0,42.99644470214844,24.340717315673828
3.0,-13.344696044921875,4.984100341796875
0.0,33.815635681152344,22.76097869873047
-57.0,10.197418212890625,4.62896728515625
36.0,7.834407806396484,4.7047882080078125
-17.0,-37.90765380859375,-20.80548095703125
20.0,44.729637145996094,22.394317626953125
2.0,1.5290145874023438,4.1555328369140625
-1.0,-11.345386505126953,-2.424470901489258
3.0,-1.4209327697753906,-3.4601058959960938
-6.0,-1.2289848327636719,-0.5970058441162109
15.0,5.0834808349609375,-0.3762626647949219
-18.0,-10.177953720092773,0.17059898376464844
-5.0,17.996124267578125,24.274383544921875
5.0,-28.645751953125,-15.305999755859375
11.0,3.885040283203125,-1.63525390625
-24.0,-2.8602943420410156,-2.5274505615234375
7.0,14.06378173828125,17.44354248046875
3.0,-6.937774658203125,-4.65167236328125
7.0,10.575592041015625,9.779541015625
-5.0,-1.2350845336914062,3.5589752197265625
29.0,23.80279541015625,15.025299072265625
-25.0,-10.158012390136719,-1.2960891723632812
-12.0,20.280242919921875,2.38934326171875
-6.0,-15.60662841796875,-4.8363494873046875
1.0,-10.201873779296875,-8.65411376953125
-7.0,4.57916259765625,1.305206298828125
11.0,-12.81414794921875,-8.694000244140625
-13.0,-0.41504669189453125,2.179676055908203
12.0,2.789825439453125,14.244178771972656
-12.0,-17.57081413269043,-4.870508193969727
8.0,2.147642135620117,-1.3632240295410156
-8.0,-3.904428005218506,-1.1047849655151367
39.0,12.691848754882812,3.520416259765625
-40.0,-17.37154197692871,-0.8169145584106445
15.0,36.137969970703125,12.590667724609375
-23.0,-44.841270446777344,-19.899574279785156
40.0,8.50640869140625,9.676116943359375
-55.0,-12.463638305664062,-13.633087158203125
29.0,65.91220092773438,33.159820556640625
-28.0,-63.223323822021484,-33.31002426147461
41.0,20.64886474609375,22.52276611328125
-38.0,-28.98480987548828,-16.5286865234375
72.0,50.13714599609375,22.4527587890625
-78.0,-53.154457092285156,-25.63680648803711
-15.0,33.62493896484375,-2.594757080078125
-6.0,-49.422264099121094,-27.597328186035156
58.0,-20.3992919921875,-13.2830810546875
-43.0,-3.2552452087402344,-3.3995819091796875
28.0,25.093505859375,12.111480712890625
-33.0,-45.144683837890625,-20.214641571044922
-4.0,20.26812744140625,32.705413818359375
-6.0,-5.654743194580078,-15.478744506835938
12.0,4.612571716308594,-8.833480834960938
-11.0,-1.5494613647460938,3.043508529663086
7.0,19.485309600830078,15.34808349609375
-4.0,-0.3111305236816406,1.3346796035766602
6.0,55.11952209472656,7.8162689208984375
-6.0,1.5735454559326172,0.1278247833251953
12.0,35.3955078125,13.25799560546875
-6.0,0.4157524108886719,1.6762046813964844
21.0,0.642669677734375,19.0601806640625
-28.0,-5.744722366333008,-0.16181182861328125
7.0,35.083160400390625,39.24513244628906
3.0,-6.51214599609375,-9.177696228027344
8.0,62.089141845703125,13.33819580078125
-11.0,-1.1034469604492188,-1.473052978515625
32.0,30.062225341796875,25.671875
-32.0,-12.598224639892578,-1.8000030517578125
-3.0,47.7088623046875,23.59539794921875
-1.0,-11.485363006591797,-2.7594375610351562
4.0,23.01971435546875,30.231475830078125
-8.0,-5.884178161621094,-0.04213714599609375
6.0,12.067718505859375,56.71783447265625
-5.0,1.0273094177246094,-20.310348510742188
-3.0,-7.6251068115234375,-14.106666564941406
2.0,-2.6255035400390625,3.1879825592041016
6.0,12.4527587890625,11.395389556884766
-5.0,0.027524948120117188,0.8871259689331055
10.0,53.6907958984375,6.9670257568359375
-5.0,0.8559589385986328,-0.06249046325683594
12.0,37.1240234375,17.60565185546875
-5.0,0.38161468505859375,-0.03302001953125
27.0,9.6102294921875,22.765533447265625
-31.0,-5.962976455688477,-5.216300964355469
4.0,26.517852783203125,40.22369384765625
0.0,-17.18262481689453,-20.14593505859375
8.0,56.979461669921875,14.016815185546875
-13.0,-5.093585968017578,-3.54498291015625
21.0,37.596282958984375,18.00823974609375
-21.0,-8.6568603515625,0.1306915283203125
11.0,37.84466552734375,25.251434326171875
-8.0,-7.681499481201172,-3.7242355346679688
10.0,23.29254150390625,21.613800048828125
-15.0,-4.840280532836914,-0.17990493774414062
9.0,1.517333984375,50.468017578125
-11.0,-6.141227722167969,-23.4976806640625
5.0,2.0204849243164062,1.179290771484375
-5.0,-3.5162010192871094,1.560150146484375
11.0,23.816360473632812,17.801292419433594
-9.0,-5.984560012817383,-0.2782316207885742
29.0,67.71955871582031,8.281120300292969
-29.0,-13.044395446777344,-6.316919326782227
57.0,58.673614501953125,28.636154174804688
-53.0,-33.1103401184082,-19.121192932128906
23.0,33.934326171875,41.97943115234375
-39.0,-45.10942840576172,-26.92981719970703
43.0,24.290252685546875,31.033843994140625
-34.0,-14.622611999511719,-20.676002502441406
63.0,93.31942749023438,24.802825927734375
-65.0,-50.59569549560547,-31.078659057617188
48.0,61.598663330078125,31.1453857421875
-48.0,-48.70761489868164,-20.062728881835938
74.0,52.28802490234375,33.424896240234375
-55.0,-36.71489334106445,-25.298912048339844
43.0,42.48565673828125,33.221771240234375
-52.0,-31.532546997070312,-18.841083526611328
5.0,9.748687744140625,30.2222900390625
-6.0,0.8189888000488281,-9.403610229492188
0.0,-2.9191055297851562,-6.258171081542969
0.0,-1.398366928100586,2.719005584716797
3.0,10.739097595214844,10.120758056640625
-3.0,0.2022266387939453,0.9989748001098633
0.0,53.357330322265625,5.76092529296875
-1.0,1.961090087890625,0.6734199523925781
5.0,38.1182861328125,17.534820556640625
-7.0,-1.1702728271484375,-1.62060546875
37.0,-6.0948486328125,14.2672119140625
-33.0,-7.881586074829102,-3.117767333984375
-4.0,32.2647705078125,31.34295654296875
1.0,-11.913414001464844,-10.4229736328125
10.0,50.00836181640625,14.58502197265625
-11.0,-0.7114830017089844,-4.436344146728516
23.0,30.072479248046875,18.136962890625
-28.0,-7.133205413818359,3.6957740783691406
-4.0,43.05035400390625,27.10711669921875
6.0,-11.34393310546875,-3.3252105712890625
15.0,22.6309814453125,25.72119140625
-16.0,-2.569459915161133,1.6148529052734375
19.0,18.954254150390625,42.72979736328125
-26.0,-14.02011489868164,-27.17790985107422
5.0,-3.867401123046875,-6.7875823974609375
-7.0,-7.907855987548828,4.157106399536133
22.0,20.001266479492188,17.335845947265625
-17.0,-3.078838348388672,-0.3654899597167969
49.0,73.92803192138672,2.9668960571289062
-45.0,-16.103717803955078,-6.523540496826172
49.0,62.338958740234375,24.491714477539062
-46.0,-35.34745407104492,-19.414966583251953
48.0,28.902587890625,22.46087646484375
-54.0,-39.384307861328125,-25.641616821289062
45.0,30.79156494140625,50.68373107910156
-34.0,-23.483970642089844,-27.9466552734375
95.0,115.71304321289062,45.332305908203125
-86.0,-70.25086212158203,-34.533233642578125
74.0,63.627899169921875,20.85687255859375
-76.0,-56.771053314208984,-18.723960876464844
96.0,84.40789794921875,36.81451416015625
-81.0,-63.43764114379883,-26.12236785888672
68.0,51.39630126953125,43.11456298828125
-71.0,-45.1077880859375,-20.435775756835938
10.0,-8.200408935546875,24.012420654296875
1.0,6.6820526123046875,-4.83160400390625
-15.0,-12.237678527832031,-5.273185729980469
13.0,-1.0760421752929688,0.14447402954101562
-1.0,-7.032550811767578,-3.9526939392089844
-1.0,0.3386554718017578,-0.4475536346435547
4.0,-1.4287261962890625,-0.8492431640625
1.0,-0.7175865173339844,-0.19031524658203125
0.0,1.728515625,4.34765625
1.0,-0.034137725830078125,-1.7092247009277344
6.0,8.967559814453125,3.705352783203125
-3.0,-0.21825408935546875,-5.0544891357421875
-3.0,-8.5653076171875,0.9785614013671875
-3.0,-10.670478820800781,-10.968238830566406
0.0,-5.10968017578125,0.678619384765625
-2.0,-3.9901390075683594,-2.071929931640625
-11.0,7.5340576171875,-7.66363525390625
11.0,3.941364288330078,1.930694580078125
14.0,-9.86419677734375,1.656036376953125
-7.0,3.803863525390625,-0.9647979736328125
6.0,0.2728271484375,-8.61767578125
-7.0,1.0438976287841797,-0.13776779174804688
13.0,-18.75079345703125,17.762603759765625
-5.0,-0.4864845275878906,-8.018936157226562
-7.0,-2.5920867919921875,10.012771606445312
6.0,-1.9667396545410156,-1.483358383178711
4.0,4.331050872802734,2.4532089233398438
-5.0,-5.673429489135742,-1.6129112243652344
23.0,12.60003662109375,0.46485137939453125
-23.0,-14.617940902709961,-6.444744110107422
45.0,23.278106689453125,15.378158569335938
-47.0,-33.526092529296875,-20.79739761352539
2.0,33.291656494140625,22.91925048828125
-11.0,-39.364707946777344,-26.76800537109375
36.0,-10.79290771484375,-8.211288452148438
-37.0,-8.110466003417969,-11.498306274414062
55.0,31.23028564453125,11.464630126953125
-54.0,-49.49224853515625,-29.605606079101562
16.0,31.53643798828125,5.4735107421875
-16.0,-36.10939025878906,-18.262725830078125
77.0,4.57916259765625,9.829498291015625
-54.0,-25.229530334472656,-22.539474487304688
39.0,19.4659423828125,2.99029541015625
-44.0,-25.64836883544922,-18.798946380615234
9.0,-10.519439697265625,-2.483123779296875
0.0,6.473731994628906,6.07513427734375
-12.0,-7.53167724609375,2.5753097534179688
11.0,0.1510944366455078,-0.32450294494628906
-4.0,-8.746212005615234,-5.227325439453125
1.0,0.5133571624755859,-0.3357048034667969
-6.0,-1.7621917724609375,-2.0553436279296875
5.0,0.3875446319580078,0.5455951690673828
-7.0,2.7227783203125,4.276824951171875
-1.0,-1.5860252380371094,-3.2968101501464844
16.0,-6.737518310546875,-4.79296875
-5.0,-2.1368637084960938,-2.9559555053710938
-11.0,-2.818389892578125,-7.9021759033203125
-2.0,-5.401268005371094,-1.2452774047851562
2.0,-12.080780029296875,1.246826171875
0.0,0.3919639587402344,-2.9632911682128906
-9.0,0.01025390625,-7.534912109375
4.0,5.465019226074219,5.495777130126953
-1.0,-4.65850830078125,3.51171875
7.0,0.14142990112304688,-0.5657730102539062
11.0,-0.38873291015625,-4.510284423828125
-8.0,3.314718246459961,1.6569900512695312
23.0,-1.313873291015625,10.024383544921875
-20.0,-8.365371704101562,-11.699165344238281
-7.0,-8.479972839355469,2.0458984375
4.0,-6.358394622802734,1.1135978698730469
15.0,0.5159568786621094,1.987762451171875
-13.0,-2.7677078247070312,-1.700169563293457
43.0,18.808509826660156,-4.849372863769531
-39.0,-17.677263259887695,-6.651365280151367
37.0,26.943450927734375,11.233718872070312
-40.0,-35.763206481933594,-21.091171264648438
27.0,28.259918212890625,3.40069580078125
-26.0,-33.63958740234375,-25.47980499267578
38.0,-4.291595458984375,11.4385986328125
-37.0,-16.971824645996094,-18.768959045410156
87.0,53.6239013671875,31.994110107421875
-75.0,-69.14741516113281,-33.0601806640625
42.0,33.565673828125,-4.81500244140625
-44.0,-44.172828674316406,-16.92395782470703
99.0,36.69903564453125,13.2191162109375
-80.0,-51.95227813720703,-23.362930297851562
64.0,28.3765869140625,12.883087158203125
-63.0,-39.223609924316406,-20.393638610839844
3.0,-10.550384521484375,-6.24981689453125
-6.0,-7.168537139892578,-3.1873321533203125
8.0,9.645591735839844,15.285957336425781
-7.0,-0.8906974792480469,-1.6278324127197266
5.0,11.363601684570312,6.405902862548828
-4.0,-6.0120849609375,-1.1653575897216797
19.0,14.028762817382812,1.3140945434570312
-24.0,-13.900354385375977,-6.254428863525391
45.0,21.549591064453125,11.030502319335938
-48.0,-33.4919548034668,-19.088172912597656
-4.0,24.3240966796875,19.213897705078125
-8.0,-39.146453857421875,-21.713516235351562
39.0,-2.22760009765625,-9.189849853515625
-34.0,2.5600128173828125,-0.5300674438476562
55.0,36.3399658203125,10.7860107421875
-52.0,-45.50210952758789,-27.533676147460938
27.0,24.00238037109375,13.13714599609375
-27.0,-40.05075454711914,-20.19342041015625
63.0,14.443359375,8.1734619140625
-47.0,-29.03339385986328,-21.574676513671875
33.0,19.193115234375,11.60797119140625
-37.0,-26.6922664642334,-18.661178588867188
-1.0,-2.31903076171875,-26.49554443359375
-1.0,-0.20832061767578125,10.90673828125
3.0,4.706001281738281,7.8484954833984375
-2.0,1.2271366119384766,-0.4689769744873047
-3.0,-1.7136611938476562,-1.2746315002441406
2.0,0.17470169067382812,0.11184883117675781
-10.0,-0.333465576171875,-1.2061004638671875
4.0,1.1051311492919922,0.7359104156494141
-7.0,0.9942626953125,-0.070831298828125
-2.0,-1.5518875122070312,-1.58758544921875
10.0,-15.705078125,-8.498321533203125
-2.0,-1.918609619140625,2.0985336303710938
-8.0,5.746917724609375,-8.8807373046875
1.0,5.2692108154296875,9.72296142578125
2.0,-6.971099853515625,0.568206787109375
2.0,4.382102966308594,-0.8913612365722656
2.0,-7.5238037109375,0.12872314453125
-7.0,1.5236549377441406,3.565082550048828
-15.0,5.2056884765625,1.855682373046875
14.0,-3.662433624267578,0.39902496337890625
5.0,-0.66156005859375,4.107391357421875
-1.0,2.2708206176757812,1.7947578430175781
13.0,6.88653564453125,-13.988037109375
-21.0,-15.04742431640625,-6.867561340332031
8.0,3.7577056884765625,7.319084167480469
-9.0,-5.282352447509766,0.9691238403320312
16.0,7.5485076904296875,5.940456390380859
-12.0,-3.106363296508789,-1.2526159286499023
39.0,20.23723602294922,-4.000129699707031
-40.0,-16.95967674255371,-6.461050033569336
37.0,25.214935302734375,6.8860626220703125
-41.0,-35.729068756103516,-19.381946563720703
21.0,19.2923583984375,-0.304656982421875
-23.0,-33.42133331298828,-20.425315856933594
41.0,4.273712158203125,10.460037231445312
-34.0,-6.3013458251953125,-7.80072021484375
87.0,58.73358154296875,31.31549072265625
-73.0,-65.15727233886719,-30.988250732421875
53.0,26.0316162109375,2.8486328125
-55.0,-48.114192962646484,-18.854652404785156
85.0,46.563232421875,11.563079833984375
-73.0,-55.756141662597656,-22.39813232421875
58.0,28.103759765625,21.500762939453125
-56.0,-40.26750946044922,-20.255870819091797
-4.0,8.231353759765625,-20.2457275390625
5.0,6.960216522216797,14.094070434570312
-5.0,-4.9395904541015625,-7.437461853027344
5.0,2.1178340911865234,1.1588554382324219
-8.0,-13.077262878417969,-7.680534362792969
6.0,6.186786651611328,1.2772064208984375
-29.0,-14.362228393554688,-2.5201950073242188
28.0,15.005485534667969,6.990339279174805
-52.0,-20.555328369140625,-11.101333618164062
46.0,31.940067291259766,17.500587463378906
14.0,-40.0291748046875,-27.71221923828125
6.0,37.22784423828125,23.812049865722656
-47.0,7.974517822265625,0.309112548828125
35.0,2.709197998046875,10.253028869628906
-53.0,-43.311065673828125,-10.217803955078125
54.0,49.884212493896484,26.642314910888672
-25.0,-31.52618408203125,-13.0084228515625
20.0,41.57440948486328,23.758502960205078
-78.0,-9.2376708984375,-6.317779541015625
61.0,25.370960235595703,21.97370147705078
-28.0,-19.85467529296875,-7.500579833984375
36.0,28.96308708190918,20.455936431884766
10.0,17.436920166015625,-7.73822021484375
-15.0,-7.878887176513672,-3.6802291870117188
0.0,-5.887886047363281,-7.9668731689453125
-2.0,-4.391654968261719,2.596956253051758
11.0,-3.815093994140625,-0.46544647216796875
-8.0,2.905721664428711,-0.08725833892822266
20.0,6.208473205566406,-5.3142242431640625
-16.0,-3.0593223571777344,-0.2066211700439453
-8.0,3.66534423828125,-4.144439697265625
7.0,-2.2371139526367188,-0.2937736511230469
25.0,-5.03173828125,-19.5185546875
-15.0,5.725120544433594,1.2882003784179688
2.0,6.501312255859375,19.649887084960938
0.0,-8.861358642578125,-7.270652770996094
32.0,22.39361572265625,20.52947998046875
-21.0,-19.655166625976562,-3.4545745849609375
26.0,2.02923583984375,-10.28851318359375
-28.0,-8.063438415527344,1.3387680053710938
22.0,32.119873046875,3.389617919921875
-26.0,-26.722747802734375,-0.823455810546875
25.0,8.91064453125,9.892791748046875
-19.0,-13.575241088867188,-1.5946922302246094
14.0,9.20556640625,12.50750732421875
-20.0,-14.839103698730469,-17.77429962158203
5.0,-0.9482955932617188,-0.5294113159179688
-7.0,-6.509489059448242,1.438100814819336
19.0,9.262168884277344,7.215087890625
-14.0,-3.281064987182617,-1.3644647598266602
49.0,20.570701599121094,-2.7940292358398438
-44.0,-18.064807891845703,-7.19696044921875
44.0,24.220672607421875,6.9568939208984375
-39.0,-34.177181243896484,-17.794361114501953
11.0,34.9974365234375,8.19366455078125
-21.0,-31.502723693847656,-22.523849487304688
49.0,-1.47320556640625,19.340774536132812
-35.0,-11.570556640625,-17.523681640625
85.0,65.70468139648438,30.747283935546875
-75.0,-69.53938293457031,-30.09688949584961
51.0,33.555419921875,2.71990966796875
-48.0,-49.637847900390625,-22.419734954833984
100.0,41.3575439453125,9.7073974609375
-87.0,-52.09370803833008,-22.797157287597656
53.0,28.76531982421875,17.39337158203125
-55.0,-42.538330078125,-22.050628662109375
0.0,-0.2469017505645752,-0.13302218914031982
0.0,-0.0072879791259765625,-0.05019313097000122
0.0,0.8576316833496094,0.7479318976402283
1.0,0.0526653528213501,0.016847074031829834
0.0,2.134993553161621,0.04777717590332031
1.0,0.30026936531066895,-0.007100462913513184
-1.0,10.278219223022461,1.6442441940307617
2.0,1.059077262878418,-0.02210402488708496
-7.0,-1.5967330932617188,-5.814122200012207
1.0,-0.38303375244140625,-0.23288869857788086
3.0,5.728366851806641,1.0737686157226562
-3.0,0.3275585174560547,0.1023869514465332
-5.0,7.256832122802734,-1.785353660583496
5.0,0.7782247066497803,0.1391310691833496
1.0,4.594844818115234,2.552975654602051
3.0,-0.3655991554260254,0.1654360294342041
5.0,2.8756027221679688,1.6955089569091797
-5.0,-1.0324764251708984,0.06435775756835938
-1.0,5.646877288818359,-2.8529224395751953
-7.0,-5.069755554199219,1.0479440689086914
-3.0,9.781648635864258,-1.7357549667358398
-1.0,-2.8140709400177,0.2632017135620117
0.0,-0.517033576965332,-0.12810158729553223
0.0,-0.02786308526992798,-0.05853456258773804
0.0,0.9143190383911133,0.7283464670181274
1.0,0.01866316795349121,0.012748181819915771
0.0,2.4211044311523438,0.07495617866516113
1.0,0.29131555557250977,0.008135557174682617
-1.0,7.821414947509766,0.6233921051025391
2.0,0.79876708984375,-0.02451610565185547
-3.0,-0.03667449951171875,-1.8460702896118164
1.0,-0.7270989418029785,-0.6102447509765625
-1.0,7.488243103027344,2.5542421340942383
1.0,-0.2140796184539795,-0.2478322982788086
-3.0,8.10617446899414,-0.4346752166748047
4.0,-0.03129768371582031,-0.023756980895996094
2.0,4.7866058349609375,2.96710205078125
1.0,0.4063401222229004,0.10877084732055664
6.0,0.0251312255859375,2.3074121475219727
-7.0,-2.5273971557617188,0.0783395767211914
-3.0,5.881200790405273,1.7885589599609375
1.0,-2.5483551025390625,-1.0395402908325195
-3.0,9.621694564819336,-0.4149131774902344
0.0,-1.945502519607544,0.2956995964050293
2.0,-0.011229991912841797,-0.05497574806213379
-2.0,-0.053722500801086426,-0.020568430423736572
1.0,0.7517375946044922,0.7737583518028259
0.0,0.012963056564331055,0.010219216346740723
2.0,3.168008804321289,0.24222421646118164
-1.0,0.09741497039794922,0.02058732509613037
2.0,12.470272064208984,0.39383602142333984
-2.0,-2.246583938598633,0.015369415283203125
0.0,3.7513179779052734,-2.84531307220459
-4.0,-3.2165069580078125,-0.2129368782043457
1.0,10.302997589111328,-0.19403648376464844
-2.0,-1.6083688735961914,-0.056589603424072266
2.0,11.413928985595703,-0.7908763885498047
-3.0,-1.9505081176757812,-0.06302309036254883
6.0,10.9471435546875,3.0126094818115234
-4.0,-5.847885608673096,-0.10747003555297852
5.0,2.9775466918945312,-0.3649892807006836
-7.0,-4.462383270263672,0.1610245704650879
3.0,6.850780487060547,1.7867240905761719
-7.0,-6.1206560134887695,-2.2387704849243164
3.0,12.933177947998047,0.29119253158569336
-3.0,-3.9860336780548096,0.6355161666870117
0.0,0.014779448509216309,-0.006274163722991943
0.0,-0.03966963291168213,0.0001112818717956543
0.0,-0.17859888076782227,0.03947901725769043
0.0,0.09936857223510742,-0.0067563652992248535
-2.0,2.7766590118408203,0.1480095386505127
2.0,0.1326146125793457,0.02074575424194336
1.0,8.46640396118164,0.6411819458007812
0.0,1.576676368713379,-0.03857564926147461
-3.0,2.7392349243164062,-2.3433942794799805
1.0,-1.7673988342285156,-0.4083266258239746
-1.0,7.60675048828125,1.7918529510498047
1.0,0.2636590003967285,0.11214470863342285
-2.0,8.066654205322266,-0.0342106819152832
2.0,0.8871488571166992,0.11383557319641113
-1.0,4.725181579589844,3.7569503784179688
3.0,-0.3232235908508301,-0.00732421875
7.0,-0.6258888244628906,0.5324020385742188
-10.0,-2.070582389831543,-0.2319469451904297
1.0,10.028450012207031,5.152432441711426
1.0,-5.23587703704834,0.6318502426147461
-2.0,9.064920425415039,-0.14386558532714844
-1.0,-2.0204155445098877,0.4248538017272949
3.0,0.36001265048980713,0.013908624649047852
-2.0,-0.2168339490890503,0.018631815910339355
1.0,0.9018425941467285,0.6829385757446289
0.0,-0.01683664321899414,0.012046992778778076
5.0,2.7855300903320312,0.4423079490661621
-4.0,-0.09993124008178711,-0.01120007038116455
3.0,12.983394622802734,1.5053119659423828
-2.0,-2.316059112548828,0.11708450317382812
1.0,6.678014755249023,-0.9540262222290039
-5.0,-5.612884521484375,-0.8070101737976074
3.0,12.766626358032227,1.5342998504638672
-1.0,-3.889336585998535,0.06920552253723145
4.0,10.51900863647461,-0.6118860244750977
0.0,-1.5487995147705078,-0.10217022895812988
8.0,6.8784332275390625,1.5287208557128906
-7.0,-3.195347785949707,-0.20676279067993164
12.0,9.784921646118164,3.1007041931152344
-14.0,-9.68606948852539,-0.7343196868896484
11.0,14.798824310302734,5.988047122955322
-12.0,-8.884683609008789,0.022582054138183594
3.0,10.034252166748047,0.7283539772033691
-5.0,-1.7980983257293701,0.4532597064971924
0.0,-0.27013182640075684,0.004920601844787598
0.0,-0.020575106143951416,-0.008341431617736816
0.0,0.056687355041503906,-0.01958543062210083
0.0,-0.03400218486785889,-0.0040988922119140625
0.0,0.28611087799072266,0.02717900276184082
0.0,-0.00895380973815918,0.0152360200881958
0.0,-2.4568042755126953,-1.0208520889282227
0.0,-0.26031017303466797,-0.002412080764770508
4.0,1.56005859375,3.9680519104003906
0.0,-0.34406518936157227,-0.37735605239868164
-4.0,1.7598762512207031,1.480473518371582
4.0,-0.5416381359100342,-0.3502192497253418
2.0,0.8493423461914062,1.3506784439086914
-1.0,-0.8095223903656006,-0.1628880500793457
1.0,0.19176101684570312,0.4141263961791992
-2.0,0.7719392776489258,-0.05666518211364746
1.0,-2.8504714965820312,0.611903190612793
-2.0,-1.4949207305908203,0.013981819152832031
-2.0,0.23432350158691406,4.641481399536133
8.0,2.5214004516601562,-2.087484359741211
0.0,-0.15995407104492188,1.3208417892456055
1.0,0.8685684204101562,0.03249788284301758
2.0,0.2356717586517334,0.07804644107818604
-2.0,-0.04643452167510986,0.02962470054626465
1.0,-0.10589408874511719,0.025826454162597656
-1.0,-0.03970229625701904,-0.006627857685089111
2.0,1.033015251159668,0.19444704055786133
-2.0,-0.20285439491271973,0.027687788009643555
3.0,2.1920528411865234,-1.2504081726074219
-4.0,-3.305661201477051,0.037473440170288086
7.0,5.348051071166992,2.968809127807617
-5.0,-2.8334732055664062,0.019951820373535156
-2.0,4.5746307373046875,-1.2678050994873047
1.0,-1.935927391052246,-0.15897655487060547
7.0,4.157096862792969,0.9944772720336914
-8.0,-2.7287328243255615,-0.20215415954589844
5.0,6.352298736572266,0.45963382720947266
-7.0,-5.48228645324707,-0.2729060649871826
0.0,0.1019439697265625,-2.0604982376098633
-2.0,-3.4299068450927734,0.09666681289672852
4.0,1.2039031982421875,4.639646530151367
0.0,-1.0509004592895508,-3.286714553833008
6.0,3.151529312133789,2.026947498321533
-2.0,-1.1719627380371094,0.372314453125
0.0,0.2616811990737915,0.12674802541732788
0.0,-0.032381653785705566,0.050304412841796875
0.0,-1.0362305641174316,-0.7084528803825378
-1.0,0.046703219413757324,-0.023603439331054688
-2.0,0.6416654586791992,0.10023236274719238
1.0,-0.16765475273132324,0.027846217155456543
2.0,-1.8118152618408203,-1.0030622482299805
-2.0,0.5175991058349609,-0.01647162437438965
4.0,4.335968017578125,3.4707279205322266
0.0,-1.3843650817871094,-0.17543792724609375
-4.0,1.8783836364746094,0.7180843353271484
4.0,-0.06389951705932617,0.009757757186889648
3.0,0.8098220825195312,1.751142978668213
-3.0,0.10892415046691895,-0.025295495986938477
-2.0,0.13033676147460938,1.203974723815918
0.0,0.04237556457519531,-0.1727602481842041
2.0,-3.5014915466308594,-1.163106918334961
-5.0,-1.0381059646606445,-0.29630470275878906
2.0,4.381572723388672,8.005354881286621
8.0,-0.1661214828491211,-0.4160938262939453
1.0,-0.7167282104492188,1.5918893814086914
0.0,0.7936553955078125,0.1616520881652832
3.0,0.6069144010543823,0.14693081378936768
-2.0,-0.20954596996307373,0.06882494688034058
1.0,0.04421091079711914,-0.06499332189559937
-1.0,-0.06950199604034424,-0.004800081253051758
5.0,0.6505365371704102,0.3945307731628418
-5.0,-0.40020060539245605,-0.004099607467651367
4.0,2.7051753997802734,-0.1389322280883789
-4.0,-3.375136375427246,0.13918852806091309
8.0,8.274747848510742,4.860095977783203
-6.0,-5.229850769042969,-0.5741214752197266
0.0,7.038259506225586,0.46053123474121094
2.0,-4.21689510345459,-0.03318142890930176
9.0,3.262176513671875,1.1734676361083984
-5.0,-2.327024221420288,-0.2413012981414795
7.0,2.283588409423828,-1.0242547988891602
-10.0,-2.8297486305236816,-0.37219882011413574
7.0,6.909318923950195,1.4051952362060547
-9.0,-8.653593063354492,-0.7986774444580078
12.0,9.151947021484375,8.84096908569336
-5.0,-3.8149280548095703,-1.0253620147705078
6.0,0.25260353088378906,2.464108943939209
-4.0,1.01597261428833,0.19005799293518066
2.0,0.5058035850524902,0.07312583923339844
-2.0,-0.025859415531158447,0.037966132164001465
1.0,-0.1625814437866211,0.045411884784698486
-1.0,-0.005700111389160156,-0.002528965473175049
2.0,0.7469043731689453,0.1672680377960205
-2.0,-0.19390058517456055,0.012451767921447754
3.0,4.648857116699219,-0.22955608367919922
-4.0,-3.045351028442383,0.039885520935058594
3.0,3.787992477416992,-0.9992427825927734
-5.0,-2.489408016204834,0.3973078727722168
2.0,2.8147544860839844,-2.7482786178588867
-3.0,-1.394289255142212,0.19124269485473633
5.0,3.3077545166015625,-0.356201171875
-7.0,-1.919210433959961,-0.039266109466552734
4.0,6.1605377197265625,0.04550743103027344
-5.0,-6.254225730895996,-0.21624088287353516
-1.0,2.9524154663085938,-2.6724014282226562
0.0,-1.9349861145019531,0.08268499374389648
6.0,0.9695796966552734,-0.001834869384765625
-8.0,-3.572300910949707,-1.1992301940917969
6.0,3.311483383178711,0.7061057090759277
-3.0,-2.0405311584472656,0.3398165702819824
0.0,0.5318130254745483,0.12182742357254028
0.0,-0.01180654764175415,0.05864584445953369
0.0,-1.0929179191589355,-0.688867449760437
-1.0,0.08070540428161621,-0.019504547119140625
-2.0,0.35555458068847656,0.07305335998535156
1.0,-0.15870094299316406,0.012610197067260742
2.0,0.644989013671875,0.017789840698242188
-2.0,0.7779092788696289,-0.01405954360961914
0.0,2.775909423828125,-0.49732398986816406
0.0,-1.040299892425537,0.2019181251525879
0.0,0.11850738525390625,-0.7623891830444336
0.0,0.477738618850708,0.35997700691223145
1.0,-0.039520263671875,0.4004645347595215
-2.0,0.9184465408325195,0.13759255409240723
-3.0,-0.06142425537109375,0.7898483276367188
2.0,-0.7295637130737305,-0.11609506607055664
1.0,-0.6510200500488281,-1.775010108947754
-3.0,0.4568147659301758,-0.3102865219116211
4.0,4.147249221801758,3.3638734817504883
0.0,-2.6875219345092773,1.6713905334472656
1.0,-0.5567741394042969,0.27104759216308594
-1.0,-0.07491302490234375,0.12915420532226562
3.0,0.8770462274551392,0.14201021194458008
-2.0,-0.18897086381912231,0.07716637849807739
1.0,-0.012476444244384766,-0.045407891273498535
-1.0,-0.03549981117248535,-0.0007011890411376953
5.0,0.3644256591796875,0.367351770401001
-5.0,-0.3912467956542969,-0.019335627555847168
4.0,5.161979675292969,0.8819198608398438
-4.0,-3.114826202392578,0.1416006088256836
4.0,6.714689254760742,0.8920440673828125
-6.0,-4.8857855796813965,-0.19676542282104492
4.0,5.278383255004883,-1.019942283630371
-2.0,-3.6752569675445557,0.31703782081604004
7.0,2.4128341674804688,-0.17721080780029297
-4.0,-1.5175018310546875,-0.07841324806213379
6.0,2.091827392578125,-1.4383811950683594
-8.0,-3.6016879081726074,-0.3155336380004883
6.0,9.759790420532227,0.7932920455932617
-7.0,-7.158672332763672,-0.8126592636108398
14.0,8.917623519897461,4.199488162994385
-13.0,-6.336328506469727,1.0621223449707031
6.0,0.41255760192871094,1.1432671546936035
-5.0,0.14740419387817383,0.15756011009216309
-2.0,0.026009440422058105,0.048701584339141846
2.0,0.014052867889404297,0.020679712295532227
-1.0,-0.9303364753723145,-0.7342793345451355
0.0,0.08640551567077637,-0.016975581645965576
-4.0,-0.39134979248046875,-0.09421467781066895
3.0,0.035199642181396484,0.00015842914581298828
-1.0,-4.003868103027344,0.2473459243774414
2.0,3.8232603073120117,-0.053945064544677734
-3.0,-1.0120830535888672,0.5019187927246094
5.0,1.4491081237792969,-0.1953897476196289
-2.0,-2.696247100830078,1.9858894348144531
3.0,1.87202787399292,0.16873431205749512
-4.0,-3.3472747802734375,0.7566657066345215
5.0,2.8376569747924805,0.17685866355895996
-7.0,-6.221961975097656,0.7443408966064453
7.0,5.524662017822266,0.10014581680297852
2.0,-3.603435516357422,0.8973913192749023
-3.0,2.391800880432129,-0.3929715156555176
-2.0,3.1776695251464844,3.365708351135254
8.0,0.8847789764404297,2.8706207275390625
-5.0,-3.868257522583008,-0.4350581169128418
2.0,1.9656181335449219,-0.2106623649597168
1.0,0.3712426424026489,0.06888437271118164
0.0,-0.16311144828796387,0.03920024633407593
0.0,0.15010499954223633,-0.09081977605819702
0.0,-0.029799699783325195,0.0018277764320373535
3.0,-0.3824787139892578,0.20008373260498047
-3.0,-0.19734621047973633,-0.03178739547729492
1.0,0.51312255859375,1.111475944519043
0.0,-0.06947517395019531,0.101715087890625
1.0,2.92669677734375,1.891286849975586
-1.0,-2.3963775634765625,-0.5940732955932617
2.0,2.4636287689208984,1.7283363342285156
1.0,-2.2809677124023438,0.1257951259613037
2.0,-0.8949203491210938,0.17899036407470703
3.0,0.40170860290527344,-0.039147138595581055
2.0,-4.0687103271484375,-1.4838886260986328
-3.0,2.6525378227233887,-0.09929275512695312
7.0,6.807374954223633,3.465693473815918
-7.0,-5.223686218261719,-0.8953442573547363
8.0,7.9480438232421875,4.20132303237915
-5.0,-2.7640275955200195,2.2613525390625
0.0,-2.89892578125,0.4371614456176758
-2.0,2.1879353523254395,-0.18225646018981934
3.0,0.3452332019805908,0.020182788372039795
-2.0,-0.17716431617736816,0.0185205340385437
1.0,1.0804414749145508,0.6434595584869385
0.0,-0.11620521545410156,0.01880335807800293
7.0,0.008871078491210938,0.2942984104156494
-6.0,-0.2325458526611328,-0.03194582462310791
2.0,4.516990661621094,0.8641300201416016
-2.0,-3.892735481262207,0.15566015243530273
4.0,3.938779830932617,1.3893680572509766
-6.0,-3.8454856872558594,-0.3986835479736328
4.0,5.159875869750977,-0.2575531005859375
-2.0,-4.152995586395264,-0.042939186096191406
6.0,2.4523544311523438,-0.5776753425598145
-2.0,-2.435948371887207,-0.21600580215454102
9.0,2.1532516479492188,-2.228229522705078
-10.0,-2.872124195098877,-0.19943857192993164
5.0,10.410810470581055,2.5683021545410156
-4.0,-7.615487098693848,-0.5023727416992188
10.0,4.770374298095703,0.8356146812438965
-13.0,-3.648806571960449,-0.6092681884765625
5.0,0.9693317413330078,0.8722195625305176
-4.0,0.22231721878051758,0.02840590476989746
1.0,-0.20763492584228516,-0.1199178695678711
0.0,0.24336349964141846,-0.023805856704711914
0.0,0.1944561004638672,-0.01807248592376709
0.0,-0.09501981735229492,0.006812155246734619
-1.0,0.49230051040649414,0.7613351941108704
2.0,0.18744373321533203,0.0258791446685791
3.0,2.1221351623535156,0.24085235595703125
-2.0,0.9722514152526855,0.040607333183288574
2.0,6.6970367431640625,0.9198942184448242
-1.0,1.363128662109375,0.043641090393066406
-2.0,6.506969451904297,-1.083984375
2.0,-0.10786628723144531,-0.02284073829650879
1.0,7.138578414916992,1.0180931091308594
-1.0,0.07555007934570312,0.4161653518676758
-2.0,9.116832733154297,-0.6809816360473633
0.0,0.28305792808532715,0.1127326488494873
1.0,9.086565017700195,3.9168648719787598
0.0,-4.244471549987793,0.28661441802978516
6.0,10.19771957397461,2.2043538093566895
-7.0,-1.02679443359375,0.10134100914001465
3.0,9.164520263671875,1.3652362823486328
-4.0,-4.140979766845703,0.3077576160430908
1.0,0.20154857635498047,0.09790217876434326
0.0,0.11932384967803955,0.005517125129699707
-1.0,-0.8984055519104004,-0.7388961315155029
0.0,0.0030221939086914062,-0.011777162551879883
0.0,-0.3839254379272461,-0.7334787845611572
-2.0,0.04442238807678223,-0.00704038143157959
2.0,3.9908504486083984,1.6913118362426758
0.0,0.5150885581970215,0.0454176664352417
1.0,9.762918472290039,1.2138004302978516
1.0,1.0092756748199463,0.07402276992797852
1.0,6.89387321472168,-0.27814674377441406
-1.0,-0.3434760570526123,-0.09383153915405273
4.0,11.637323379516602,1.1426849365234375
-4.0,-2.582458972930908,0.19704437255859375
5.0,10.921112060546875,1.2783594131469727
-6.0,-0.5311050415039062,0.11574578285217285
2.0,3.3595523834228516,-0.6312656402587891
-3.0,-2.7312493324279785,0.3332085609436035
3.0,8.179262161254883,-1.6958026885986328
-5.0,-0.19697856903076172,0.1927165985107422
-2.0,5.724618911743164,-0.8139238357543945
0.0,-1.7344670295715332,0.26192784309387207
3.0,0.3715217113494873,-0.06097811460494995
-2.0,0.06816244125366211,-0.007995247840881348
-1.0,-0.9004554748535156,-0.7475794553756714
0.0,-0.04624009132385254,-0.020063400268554688
0.0,0.697479248046875,0.0392003059387207
0.0,-0.10289764404296875,0.042319536209106445
3.0,6.479204177856445,2.6281442642211914
0.0,-0.14229631423950195,0.06207537651062012
3.0,6.790868759155273,0.3736095428466797
-3.0,0.6416363716125488,0.03383326530456543
4.0,13.526737213134766,4.025543212890625
0.0,-2.133789300918579,-0.08854818344116211
2.0,9.916984558105469,0.41519737243652344
-2.0,-1.9388694763183594,0.033983707427978516
4.0,15.696239471435547,0.9170365333557129
-3.0,-4.641724586486816,0.1195228099822998
1.0,8.798233032226562,1.472538948059082
-2.0,-5.407658576965332,0.03847980499267578
9.0,13.32461166381836,-0.11659717559814453
-10.0,-2.0523176193237305,0.16716384887695312
4.0,8.085025787353516,-0.7694816589355469
-6.0,-4.235995769500732,0.1442246437072754
2.0,-0.38054656982421875,0.04163932800292969
-1.0,0.15948212146759033,-0.007562398910522461
0.0,0.17456257343292236,0.025225281715393066
0.0,-0.09439563751220703,0.006103873252868652
-2.0,0.42775726318359375,-0.044013142585754395
2.0,0.08731198310852051,-0.024717330932617188
2.0,4.279069900512695,0.9501819610595703
0.0,0.3179359436035156,0.05519592761993408
-1.0,6.91290283203125,0.9567499160766602
2.0,0.9789443016052246,0.06894516944885254
5.0,10.201148986816406,0.6561126708984375
-4.0,-1.474714994430542,0.016709089279174805
-2.0,7.213417053222656,-0.3614969253540039
0.0,0.42767858505249023,0.3434634208679199
3.0,7.004367828369141,-0.8843278884887695
-3.0,0.29486083984375,0.17756390571594238
4.0,6.228496551513672,1.3015966415405273
-5.0,-3.7869653701782227,0.2759833335876465
9.0,15.045629501342773,2.7663955688476562
-10.0,-5.097864151000977,0.4129631519317627
3.0,8.764978408813477,0.4675722122192383
-4.0,-3.2693839073181152,0.4486231803894043
4.0,0.4630608558654785,0.06956350803375244
-4.0,-0.010393500328063965,0.010229825973510742
0.0,-0.011316299438476562,0.014869898557662964
0.0,-0.05998635292053223,-0.00556635856628418
1.0,0.19961071014404297,-0.1012502908706665
0.0,0.20722007751464844,-0.010232925415039062
5.0,6.62869930267334,0.9360513687133789
-4.0,-1.0562596321105957,-0.012357711791992188
6.0,11.501657485961914,1.7260055541992188
-4.0,-0.9023036956787109,-0.038086891174316406
12.0,10.523284912109375,1.1117172241210938
-13.0,-1.67325758934021,-0.07612419128417969
5.0,18.803974151611328,5.372794151306152
-3.0,-6.51375150680542,-0.4888184070587158
4.0,14.205509185791016,1.1183881759643555
-5.0,-2.429811477661133,0.07521343231201172
6.0,7.185573577880859,-1.0922422409057617
-8.0,-6.0414934158325195,0.02263355255126953
9.0,20.613178253173828,2.931924343109131
-10.0,-6.257631301879883,0.34267735481262207
3.0,8.717538833618164,0.20837831497192383
-4.0,-3.327558994293213,0.1748192310333252
0.0,0.4091835021972656,0.21782004833221436
0.0,-0.1240396499633789,0.02932298183441162
-1.0,-1.0928616523742676,-0.7208236455917358
0.0,0.09804201126098633,-0.018589317798614502
1.0,-0.8762259483337402,-1.4948139190673828
-4.0,-0.1430213451385498,-0.03291952610015869
-1.0,1.8687152862548828,1.4504594802856445
2.0,-0.45716285705566406,0.004810333251953125
-1.0,3.0658817291259766,0.29390621185302734
2.0,-0.3538529872894287,0.03038167953491211
3.0,0.3869037628173828,0.8058376312255859
-3.0,-0.235609769821167,-0.07099080085754395
3.0,4.498744964599609,0.12459182739257812
-3.0,-2.6580090522766113,-0.21912097930908203
7.0,1.8042793273925781,1.959341049194336
-6.0,-0.8141629695892334,0.003013134002685547
1.0,-5.727012634277344,-4.548130512237549
-3.0,1.5132222175598145,0.04659414291381836
-3.0,-2.0184574127197266,-3.9001564979553223
2.0,0.8298158645629883,0.09137558937072754
-5.0,-3.439901351928711,-2.1791601181030273
4.0,2.40651273727417,-0.04582977294921875
2.0,0.5791566371917725,0.05893975496292114
-2.0,-0.17520105838775635,0.015810608863830566
-1.0,-1.0949115753173828,-0.7295069694519043
0.0,0.04877972602844238,-0.026875555515289307
1.0,0.20517873764038086,-0.7221348881721497
-2.0,-0.2903413772583008,0.016440391540527344
0.0,4.35706901550293,2.38729190826416
2.0,-1.1145477294921875,0.021468043327331543
1.0,0.09383201599121094,-0.5462846755981445
-2.0,-0.7214922904968262,-0.009807825088500977
6.0,7.019767761230469,5.109527587890625
-2.0,-2.025923013687134,-0.06570744514465332
1.0,2.7784061431884766,-0.6028957366943359
-1.0,-2.0144195556640625,-0.38218164443969727
6.0,6.57940673828125,1.5980181694030762
-3.0,-4.924782752990723,0.0067901611328125
0.0,-0.2883319854736328,-2.4443259239196777
-2.0,-1.163187026977539,-0.24813461303710938
3.0,3.12689208984375,-2.320950984954834
-3.0,-1.0255231857299805,0.06582283973693848
1.0,-1.0794944763183594,-2.1347179412841797
-2.0,-0.0950160026550293,-0.16353297233581543
1.0,-0.1729116439819336,0.16155719757080078
-1.0,-0.08388137817382812,0.016243457794189453
0.0,-0.019893527030944824,0.043297767639160156
0.0,0.0006241798400878906,-0.0007082819938659668
-1.0,-0.06454324722290039,-0.8053483366966248
0.0,-0.10013175010681152,-0.05059647560119629
-1.0,2.1569347381591797,0.7093296051025391
2.0,-0.6543154716491699,0.014588594436645508
-3.0,0.2158660888671875,0.03685569763183594
3.0,-0.3841843605041504,0.025304079055786133
7.0,3.6941795349121094,1.7400970458984375
-6.0,-1.3668487071990967,0.039549827575683594
-3.0,0.07483863830566406,-1.3795900344848633
1.0,0.3521285057067871,-0.07270193099975586
5.0,-2.1124649047851562,-0.20334625244140625
-3.0,0.011802911758422852,0.06483125686645508
3.0,-2.8580684661865234,-2.6152682304382324
-5.0,0.4575061798095703,-0.010631084442138672
3.0,4.847909927368164,0.5620417594909668
-3.0,-4.071069717407227,0.31162214279174805
0.0,-0.39954185485839844,-0.8976640701293945
0.0,0.8715958595275879,0.14086556434631348
3.0,0.6706957817077637,0.18948137760162354
-4.0,-0.2537569999694824,0.034035682678222656
0.0,-0.20577239990234375,0.032942384481430054
0.0,0.035033464431762695,-0.012378513813018799
2.0,-0.29268980026245117,-0.8625854849815369
-2.0,0.019776344299316406,-0.036112070083618164
2.0,4.506564140319824,0.6951990127563477
-2.0,-2.0285110473632812,-0.05296504497528076
4.0,4.804620742797852,0.8061113357543945
-3.0,-2.265432357788086,-0.08172798156738281
14.0,4.016315460205078,2.1957015991210938
-15.0,-1.5653913021087646,-0.0532834529876709
4.0,11.665395736694336,4.354701042175293
-2.0,-6.589301586151123,-0.9049837589263916
6.0,5.088676452636719,1.7993698120117188
-5.0,-2.71286940574646,-0.037519216537475586
5.0,-1.900991439819336,-5.0091071128845215
-8.0,-1.7970218658447266,-0.2639808654785156
3.0,10.415458679199219,0.7275705337524414
-3.0,-5.230836868286133,0.24133634567260742
0.0,-0.44698143005371094,-1.156857967376709
0.0,0.8134207725524902,-0.13293838500976562
2.0,0.16997313499450684,-0.1588802933692932
-2.0,-0.05116140842437744,-0.013512372970581055
0.0,-0.0020499229431152344,-0.008683323860168457
0.0,-0.049262285232543945,-0.008286237716674805
0.0,1.081404685974121,0.7726790904998779
2.0,-0.14732003211975098,0.049359917640686035
1.0,2.488353729248047,0.9368324279785156
0.0,-0.6573848724365234,0.016657710075378418
2.0,-2.9720497131347656,-0.8401908874511719
-4.0,-0.36763930320739746,-0.040189504623413086
3.0,6.632863998413086,4.303689956665039
1.0,-1.7903132438659668,0.005283355712890625
-2.0,-1.7203388214111328,-0.7274875640869141
2.0,0.6435894966125488,-0.16306066513061523
-1.0,4.775127410888672,-0.36132287979125977
3.0,-4.11061954498291,0.003777027130126953
-1.0,5.438680648803711,2.103804588317871
1.0,-2.6764092445373535,-0.29472875595092773
6.0,5.145349502563477,1.5792055130004883
-5.0,-1.8553390502929688,-0.025552749633789062
6.0,2.3604068756103516,0.044442176818847656
-6.0,-2.501528739929199,-0.11770319938659668
1.0,-0.5820951461791992,-0.056262850761413574
-1.0,0.04015827178955078,-0.013079524040222168
1.0,1.0729681253433228,0.764121413230896
0.0,-0.09741783142089844,0.017881035804748535
-2.0,0.8116827011108398,0.6894656419754028
4.0,0.04288959503173828,-0.017676949501037598
0.0,0.2882194519042969,-0.7411298751831055
0.0,-0.19715261459350586,0.009778261184692383
-2.0,-2.850015640258789,-0.2570505142211914
1.0,-0.03033137321472168,-0.0050776004791259766
4.0,3.3072757720947266,0.9342594146728516
-3.0,-1.1312389373779297,0.11054062843322754
-6.0,-4.423906326293945,-1.5041818618774414
4.0,3.0101375579833984,0.14641904830932617
-2.0,-3.9167442321777344,-2.162687301635742
3.0,0.8259658813476562,0.06181812286376953
2.0,2.8689441680908203,1.9328622817993164
-2.0,-1.0557160377502441,-0.05722522735595703
6.0,6.866367340087891,4.462198257446289
-5.0,-4.900885581970215,0.2202465534210205
5.0,3.0403594970703125,1.2814960479736328
-4.0,-1.534916877746582,0.18669533729553223
3.0,0.26151227951049805,-0.02833867073059082
-4.0,-0.12971735000610352,0.004712700843811035
1.0,0.8870892524719238,0.7537660598754883
0.0,-0.06300854682922363,0.006210803985595703
1.0,0.5835361480712891,0.6322284936904907
2.0,0.1627976894378662,-0.0031925439834594727
3.0,2.6378488540649414,-0.7552604675292969
-4.0,-1.5713481903076172,-0.05777537822723389
5.0,1.738739013671875,0.5122051239013672
-5.0,-1.9115793704986572,-0.11210966110229492
11.0,3.6294116973876953,1.3898639678955078
-12.0,-1.3297815322875977,0.017707347869873047
1.0,7.166650772094727,4.230109214782715
1.0,-3.9312925338745117,-0.6858627796173096
-1.0,3.2843971252441406,-0.1599712371826172
1.0,-1.8987064361572266,-0.04053235054016113
4.0,3.826021194458008,-0.46097660064697266
-5.0,-3.310244083404541,-0.310575008392334
6.0,12.433916091918945,4.627727031707764
-5.0,-6.060652732849121,0.14996075630187988
5.0,2.992919921875,1.0223021507263184
-4.0,-1.5930919647216797,-0.08710861206054688
-1.0,-0.752068281173706,0.10261744260787964
1.0,0.09131968021392822,0.0004328489303588867
1.0,1.075018048286438,0.7728047370910645
0.0,-0.04815554618835449,0.02616727352142334
-2.0,-0.26972198486328125,-0.0832134485244751
2.0,0.19020962715148926,-0.06703686714172363
-1.0,-2.20013427734375,-1.677962303161621
0.0,0.4602322578430176,-0.006879448890686035
-4.0,0.12203407287597656,0.5831403732299805
5.0,0.3373079299926758,0.03511190414428711
1.0,-3.3255882263183594,-3.3694305419921875
-4.0,0.6590743064880371,0.10525727272033691
-4.0,-2.7035675048828125,-0.7766942977905273
2.0,2.3665480613708496,0.3094797134399414
-1.0,-8.691871643066406,-1.8013644218444824
0.0,4.936585426330566,0.05804109573364258
3.0,-2.5697364807128906,-0.1709423065185547
-3.0,1.6206932067871094,0.2375035285949707
0.0,1.721017837524414,2.882992744445801
0.0,-3.045546531677246,0.24579930305480957
-1.0,0.6799526214599609,1.2370538711547852
2.0,0.9666118621826172,0.3043985366821289
1.0,0.09153914451599121,0.1305416226387024
-2.0,-0.07855594158172607,0.01822507381439209
1.0,0.8891391754150391,0.7624493837356567
0.0,-0.013746261596679688,0.014497041702270508
1.0,-0.49786853790283203,-0.1404505968093872
0.0,0.3101177215576172,-0.05255246162414551
2.0,0.14949512481689453,-1.6920928955078125
-4.0,-0.9139633178710938,-0.0744330883026123
3.0,4.710788726806641,1.352396011352539
-1.0,-1.5439400672912598,-0.07192015647888184
8.0,-3.0034523010253906,-2.9138259887695312
-13.0,0.46053171157836914,0.012423992156982422
3.0,8.88698959350586,4.957596778869629
-1.0,-4.5748820304870605,-0.5228021144866943
0.0,-1.4907302856445312,0.20135164260864258
-2.0,2.2119131088256836,-0.044309377670288086
5.0,-1.6126594543457031,-2.5647811889648438
-6.0,-0.6338348388671875,-0.01584625244140625
0.0,7.288566589355469,3.0485215187072754
0.0,-4.205313682556152,0.17551350593566895
-1.0,0.6325130462646484,0.9778599739074707
2.0,0.9084367752075195,0.030594587326049805
2.0,0.8436074256896973,0.027924180030822754
-3.0,-0.1698756217956543,0.017792224884033203
0.0,-0.18587887287139893,-0.010355383157730103
0.0,0.034409284591674805,-0.011670231819152832
3.0,-0.22814655303955078,-0.05723714828491211
-2.0,0.11990809440612793,0.014484405517578125
3.0,2.3496294021606445,-0.014130592346191406
-4.0,-1.3741955757141113,-0.06755363941192627
7.0,4.588754653930664,0.7692556381225586
-6.0,-1.8812479972839355,-0.10703206062316895
7.0,0.32213592529296875,0.45560455322265625
-9.0,-0.19854259490966797,-0.09283328056335449
7.0,11.590557098388672,5.734291076660156
-3.0,-6.94143009185791,-0.8322818279266357
1.0,7.201141357421875,2.002716064453125
-2.0,-2.724672317504883,-0.10235047340393066
2.0,0.9570770263671875,-2.393838882446289
-3.0,-2.254528045654297,-0.25334978103637695
0.0,5.567548751831055,0.1655287742614746
0.0,-1.1597671508789062,-0.07028579711914062
0.0,-0.0474395751953125,-0.25919389724731445
0.0,-0.058175086975097656,-0.2738039493560791
-2.0,1.5028400421142578,-0.6579269170761108
0.0,-0.22243261337280273,0.016501665115356445
0.0,1.0212407112121582,0.0029039978981018066
0.0,0.6754415035247803,0.015839695930480957
1.0,5.887115478515625,-0.5512208938598633
-1.0,2.1906137466430664,0.06851768493652344
3.0,8.931747436523438,4.855083465576172
-1.0,1.5487918853759766,0.671961784362793
2.0,24.088134765625,4.210472106933594
0.0,5.094724655151367,0.9283218383789062
2.0,9.705764770507812,4.015190124511719
-2.0,-0.7652778625488281,0.2463235855102539
-6.0,12.267383575439453,3.789999008178711
3.0,-0.14905166625976562,0.7646665573120117
2.0,14.906455993652344,1.5493888854980469
0.0,-0.12662506103515625,0.2390575408935547
5.0,9.863410949707031,6.280311584472656
-3.0,-2.0719528198242188,2.192533493041992
-3.0,9.816886901855469,1.780517578125
2.0,0.9326820373535156,1.3872032165527344
-5.0,6.592414855957031,-1.7812309265136719
1.0,0.8554739952087402,0.7615070343017578
-1.0,2.2523646354675293,0.2715708017349243
0.0,-0.03094315528869629,0.06308293342590332
-1.0,0.5813250541687012,-0.08401650190353394
1.0,0.828298807144165,-0.004448652267456055
0.0,9.555160522460938,1.7383804321289062
2.0,0.5146369934082031,0.26616477966308594
7.0,14.761711120605469,3.9107131958007812
-3.0,1.3376998901367188,0.7575206756591797
5.0,22.46319580078125,3.4102249145507812
-2.0,5.014583587646484,1.125931739807129
-1.0,7.492694854736328,0.39190673828125
0.0,-0.09337043762207031,0.6814355850219727
-2.0,9.94498062133789,1.6416683197021484
0.0,-1.2406816482543945,0.2170276641845703
-5.0,16.66912841796875,0.3923759460449219
5.0,2.1592540740966797,0.5752725601196289
7.0,11.022102355957031,5.710273742675781
-7.0,-8.278007507324219,1.2342243194580078
1.0,12.927116394042969,2.7549057006835938
1.0,-0.037872314453125,0.7416696548461914
-4.0,8.63668441772461,1.7511520385742188
2.0,0.34120750427246094,-0.1706094741821289
1.0,4.541363716125488,0.5288511514663696
-1.0,-0.6968379020690918,0.12703847885131836
-1.0,1.8117992877960205,-0.0925331711769104
1.0,0.013035058975219727,0.00971221923828125
8.0,14.440422058105469,2.010488510131836
-6.0,-3.2459449768066406,-0.24975252151489258
14.0,15.253707885742188,5.33184814453125
-12.0,-3.9589157104492188,-0.3789691925048828
20.0,19.681472778320312,8.466472625732422
-21.0,1.3687057495117188,-0.5710172653198242
14.0,18.000690460205078,2.269704818725586
-18.0,-8.79904556274414,-0.015522956848144531
8.0,15.702400207519531,2.7897701263427734
-9.0,-5.868221282958984,0.05434417724609375
16.0,26.891555786132812,5.434139251708984
-13.0,-8.949854850769043,-0.917332649230957
21.0,26.819496154785156,16.647018432617188
-15.0,-26.631393432617188,-2.6264209747314453
10.0,16.66785430908203,6.17401123046875
-16.0,-8.347003936767578,-0.17345523834228516
4.0,19.407711029052734,2.0966453552246094
-6.0,-6.241443634033203,-0.07295417785644531
-1.0,1.9039316177368164,0.28722620010375977
0.0,-0.12391400337219238,0.066750168800354
-1.0,0.5010266304016113,-0.021305441856384277
1.0,0.8962686061859131,-0.0003764629364013672
1.0,8.37209701538086,1.4750843048095703
0.0,2.4018850326538086,0.11483216285705566
8.0,11.392021179199219,1.278778076171875
-5.0,2.679410934448242,0.9373912811279297
9.0,24.300552368164062,5.804370880126953
-4.0,5.651250839233398,1.1340293884277344
4.0,10.189411163330078,5.579349517822266
-5.0,-0.6518096923828125,0.5887317657470703
-3.0,10.554344177246094,2.3216495513916016
-1.0,0.6569461822509766,0.9870710372924805
-1.0,15.453338623046875,1.6347160339355469
3.0,-0.45781421661376953,0.25109386444091797
3.0,6.655723571777344,5.606151580810547
-5.0,-4.1878814697265625,1.6332273483276367
0.0,12.092552185058594,4.227527618408203
-2.0,-0.7030868530273438,0.08751869201660156
-5.0,10.397804260253906,0.39253997802734375
4.0,-0.19724655151367188,0.5100994110107422
1.0,4.822465896606445,-0.31529414653778076
-2.0,-2.0577564239501953,0.06986594200134277
0.0,1.4252572059631348,-0.19524800777435303
0.0,0.28761839866638184,-0.030759096145629883
13.0,17.783187866210938,2.8173904418945312
-10.0,-4.81252384185791,0.324246883392334
15.0,23.510116577148438,5.7581787109375
-14.0,-9.770353317260742,-0.5477428436279297
34.0,27.092933654785156,10.042999267578125
-27.0,-3.284574508666992,-1.2771930694580078
21.0,21.46344757080078,3.5345191955566406
-22.0,-9.13729476928711,0.24930381774902344
14.0,16.541378021240234,3.7079715728759766
-14.0,-8.162960052490234,-0.35208702087402344
19.0,32.2907600402832,4.183452606201172
-17.0,-14.42434024810791,-1.4340753555297852
20.0,28.89142608642578,14.568944931030273
-19.0,-27.024044036865234,-3.0250606536865234
5.0,21.36815643310547,-0.40355682373046875
-10.0,-12.43757438659668,0.9534168243408203
5.0,16.300434112548828,0.10311698913574219
-8.0,-5.716839790344238,-0.0902104377746582
1.0,0.7495245933532715,0.9294977188110352
0.0,0.19148945808410645,0.046581268310546875
-1.0,-0.43991565704345703,-0.08692049980163574
1.0,0.15285730361938477,-0.02028834819793701
-1.0,3.6680450439453125,2.2896013259887695
3.0,-1.6759767532348633,0.1976470947265625
4.0,5.829963684082031,-0.9443702697753906
-2.0,-0.2110919952392578,0.08555889129638672
3.0,-1.62493896484375,-0.8002471923828125
-2.0,-0.08014106750488281,0.19760990142822266
-3.0,-2.2130699157714844,-3.6232833862304688
2.0,0.6719074249267578,0.43511199951171875
4.0,-2.3224029541015625,-2.1483306884765625
-3.0,-1.091629981994629,-0.5476388931274414
-7.0,1.7626724243164062,-1.157012939453125
5.0,2.285879135131836,0.3362150192260742
2.0,1.15869140625,-0.570037841796875
-4.0,-6.2060546875,-0.9583091735839844
4.0,3.1102294921875,0.9743881225585938
-1.0,-0.9705543518066406,-0.645533561706543
1.0,2.044269561767578,3.5323829650878906
1.0,-0.5142664909362793,-0.9321165084838867
3.0,3.0385236740112305,1.1867780685424805
-1.0,-0.47440528869628906,0.11053681373596191
-1.0,0.7905585765838623,-0.09543716907501221
1.0,-0.6624064445495605,-0.006127476692199707
7.0,8.553306579589844,2.561709403991699
-5.0,-5.436558723449707,-0.318270206451416
11.0,6.32196044921875,0.4767646789550781
-11.0,-5.507707595825195,-1.0509309768676758
18.0,-4.4066619873046875,4.256000518798828
-21.0,-3.7260189056396484,-1.4993391036987305
12.0,8.294925689697266,-1.7454853057861328
-16.0,-8.033767700195312,-0.26184654235839844
14.0,3.435016632080078,-1.0002288818359375
-12.0,-5.719169616699219,-0.710322380065918
14.0,11.985099792480469,3.8847503662109375
-13.0,-8.823229789733887,-1.1563901901245117
16.0,16.956085205078125,10.366706848144531
-12.0,-24.55944061279297,-4.8189544677734375
13.0,6.8509674072265625,4.39349365234375
-18.0,-9.279685974121094,-1.5606584548950195
9.0,12.815296173095703,3.8778762817382812
-7.0,-7.096917629241943,-0.8344612121582031
1.0,0.4010915756225586,0.9451531171798706
0.0,0.09851861000061035,0.05024850368499756
-1.0,-0.5202140808105469,-0.024209439754486084
1.0,0.2208271026611328,-0.016216158866882324
0.0,2.4849815368652344,2.0263051986694336
1.0,0.2112712860107422,0.04631447792053223
5.0,2.4602737426757812,-3.576305389404297
-4.0,1.1306190490722656,0.2654294967651367
7.0,0.2124176025390625,1.5938987731933594
-4.0,0.5565261840820312,0.20570755004882812
2.0,0.4836463928222656,1.5641593933105469
-3.0,0.11346817016601562,0.3424081802368164
3.0,-1.7130393981933594,-1.4683494567871094
-4.0,0.8059978485107422,0.22240447998046875
-3.0,0.5468826293945312,0.0853271484375
3.0,-0.3311891555786133,0.012036323547363281
-2.0,-3.2076873779296875,-0.6741600036621094
-2.0,-2.1159286499023438,-0.5593061447143555
3.0,2.275665283203125,2.447010040283203
-4.0,-1.6357688903808594,-1.2996845245361328
0.0,3.805389404296875,2.1737709045410156
3.0,-1.052720546722412,-0.2514076232910156
3.0,3.3196258544921875,0.3426327705383301
-2.0,-1.8353238105773926,0.05336427688598633
0.0,0.40401649475097656,-0.19815200567245483
0.0,-0.38782310485839844,-0.04659879207611084
12.0,11.896072387695312,3.3686113357543945
-9.0,-7.003137588500977,0.25572919845581055
12.0,14.578369140625,0.9030952453613281
-13.0,-11.319145202636719,-1.2197046279907227
32.0,3.0047988891601562,5.832527160644531
-27.0,-8.37929916381836,-2.205514907836914
19.0,11.757682800292969,-0.4806709289550781
-20.0,-8.372016906738281,0.0029802322387695312
20.0,4.273994445800781,-0.08202743530273438
-17.0,-8.013908386230469,-1.1167535781860352
17.0,17.38430404663086,2.634063720703125
-17.0,-14.297715187072754,-1.6731328964233398
15.0,19.02801513671875,8.288633346557617
-16.0,-24.952091217041016,-5.217594146728516
8.0,11.55126953125,-2.1840744018554688
-12.0,-13.370256423950195,-0.43378639221191406
10.0,9.708019256591797,1.884347915649414
-9.0,-6.5723137855529785,-0.851717472076416
2.0,2.288999080657959,0.2572803497314453
-1.0,-0.6658947467803955,0.06395554542541504
0.0,1.2304742336273193,-0.008516669273376465
0.0,-0.8152637481689453,0.014160871505737305
8.0,4.885261535644531,0.2721080780029297
-8.0,-3.7605819702148438,-0.5159173011779785
7.0,0.49199676513671875,1.4211349487304688
-9.0,-5.2966156005859375,-1.1364898681640625
15.0,-2.7817230224609375,5.056247711181641
-19.0,-3.6458778381347656,-1.6969490051269531
15.0,10.50799560546875,1.877798080444336
-18.0,-8.70567512512207,-0.6969585418701172
10.0,5.757419586181641,1.148101806640625
-9.0,-4.62753963470459,-0.16268348693847656
21.0,10.222427368164062,5.0417633056640625
-18.0,-11.109108924865723,-1.492605209350586
14.0,15.797393798828125,10.936744689941406
-8.0,-18.35338592529297,-3.860645294189453
9.0,3.7407379150390625,3.4191055297851562
-17.0,-8.309131622314453,-0.9151248931884766
8.0,10.771026611328125,0.3454933166503906
-8.0,-6.582651138305664,0.0976552963256836
0.0,-0.3484330177307129,0.01565539836883545
0.0,-0.0929708480834961,0.0036672353744506836
0.0,-0.08029842376708984,0.06271106004714966
0.0,0.06796979904174805,0.0040721893310546875
1.0,-1.1830635070800781,-0.26329612731933594
-2.0,1.8872480392456055,-0.15133261680603027
1.0,-3.36968994140625,-2.6319351196289062
-2.0,1.3417110443115234,0.17987060546875
4.0,1.8373565673828125,2.394145965576172
-2.0,0.6366672515869141,0.008097648620605469
5.0,2.69671630859375,5.187442779541016
-5.0,-0.5584392547607422,-0.09270381927490234
-1.0,0.6093635559082031,0.6799812316894531
-1.0,1.897627830505371,0.7700433731079102
4.0,-1.215789794921875,1.242340087890625
-2.0,-2.617068290710449,-0.32417869567871094
-4.0,-4.3663787841796875,-0.10412216186523438
2.0,4.090126037597656,0.3990030288696289
-1.0,-0.834564208984375,1.4726219177246094
-3.0,-0.6652145385742188,-0.6541509628295898
-1.0,1.7611198425292969,-1.358612060546875
2.0,-0.5384540557861328,0.6807088851928711
2.0,2.570101261138916,-0.5868649482727051
-2.0,-2.026813268661499,0.006783008575439453
1.0,0.8439321517944336,-0.11123150587081909
-1.0,-0.5406804084777832,-0.026310443878173828
13.0,8.22802734375,1.079010009765625
-12.0,-5.327160835266113,0.05808210372924805
8.0,8.748405456542969,1.8474655151367188
-11.0,-11.108053207397461,-1.3052635192871094
29.0,4.629737854003906,6.632774353027344
-25.0,-8.299158096313477,-2.4031248092651367
22.0,13.970752716064453,3.1426124572753906
-22.0,-9.043924331665039,-0.4321317672729492
16.0,6.596397399902344,2.066303253173828
-14.0,-6.92227840423584,-0.5691146850585938
24.0,15.621631622314453,3.79107666015625
-22.0,-16.583595275878906,-2.009347915649414
13.0,17.86932373046875,8.858671188354492
-12.0,-18.746036529541016,-4.259284973144531
4.0,8.4410400390625,-3.1584625244140625
-11.0,-12.399702072143555,0.2117471694946289
9.0,7.663749694824219,-1.6480350494384766
-10.0,-6.058047294616699,0.0803990364074707
-2.0,-2.637432098388672,-0.24162495136260986
1.0,0.5729238986968994,-0.060288310050964355
0.0,-1.3107726573944092,0.07122772932052612
0.0,0.8832335472106934,-0.010088682174682617
-7.0,-6.068325042724609,-0.5354042053222656
6.0,5.647830009460449,0.36458468437194824
-6.0,-3.8616867065429688,-4.053070068359375
7.0,6.638326644897461,1.3163604736328125
-11.0,4.61907958984375,-2.6621017456054688
17.0,4.28254508972168,1.7050466537475586
-10.0,-7.811279296875,3.3096446990966797
13.0,8.147235870361328,0.6042547225952148
-11.0,-5.1480560302734375,-0.4681205749511719
8.0,6.525167465209961,0.9327268600463867
-17.0,-11.438217163085938,-3.7994232177734375
16.0,8.492040634155273,1.168426513671875
-18.0,-20.163772583007812,-11.04086685180664
10.0,22.443511962890625,4.259648323059082
-10.0,-4.5753021240234375,-1.9464836120605469
14.0,7.643917083740234,0.2609739303588867
-9.0,-9.009906768798828,-1.7041053771972656
10.0,6.044197082519531,0.5830535888671875
0.0,0.28110218048095703,-0.8441452980041504
-1.0,-1.3609185218811035,-0.057172536849975586
1.0,-0.38654208183288574,-0.10271483659744263
-1.0,0.2745833396911621,-0.04047131538391113
5.0,3.3427658081054688,0.8069019317626953
-4.0,-1.5665788650512695,0.5739994049072266
1.0,8.25640869140625,0.42633056640625
-2.0,-5.811437606811523,-0.16877365112304688
14.0,7.411460876464844,1.5765266418457031
-6.0,-4.653280258178711,-0.7061758041381836
7.0,3.462757110595703,1.2648143768310547
-4.0,-0.33824920654296875,0.26482677459716797
6.0,0.8389778137207031,0.9182014465332031
-5.0,-2.29473876953125,-0.4064311981201172
3.0,5.399204254150391,-1.2506866455078125
-4.0,-5.474485397338867,-0.5167427062988281
-1.0,2.071929931640625,-2.078073501586914
-4.0,-0.3926506042480469,-0.3986396789550781
-5.0,4.7003021240234375,-6.577568054199219
6.0,-4.090570449829102,1.1268720626831055
1.0,-3.1072769165039062,-1.9935283660888672
-2.0,0.5246038436889648,-0.01725625991821289
2.0,2.918534278869629,-0.6025203466415405
-2.0,-1.933842420578003,0.0031157732009887695
1.0,0.9242305755615234,-0.17394256591796875
-1.0,-0.6086502075195312,-0.030382633209228516
12.0,9.411090850830078,1.342306137084961
-10.0,-7.214408874511719,0.20941472053527832
7.0,12.118095397949219,4.479400634765625
-9.0,-12.449764251708984,-1.4851341247558594
25.0,2.7923812866210938,4.238628387451172
-23.0,-8.93582534790039,-2.411222457885742
17.0,11.274036407470703,-2.044830322265625
-17.0,-8.485485076904297,-0.3394279479980469
17.0,5.987033843994141,1.386322021484375
-13.0,-8.819906234741211,-1.339158058166504
20.0,16.837421417236328,2.548736572265625
-20.0,-13.96652603149414,-1.6851692199707031
17.0,22.235702514648438,8.962793350219727
-14.0,-22.836162567138672,-4.65828800201416
5.0,9.275604248046875,-4.631084442138672
-8.0,-11.734487533569336,0.8658981323242188
10.0,5.902629852294922,-0.28942298889160156
-12.0,-5.519593238830566,-0.6003098487854004
1.0,1.2819633483886719,-0.20932388305664062
-1.0,0.5104796886444092,0.1524064540863037
-2.0,-0.019938945770263672,0.020528435707092285
2.0,0.16955828666687012,0.03978705406188965
-4.0,6.245353698730469,1.3823161125183105
4.0,2.378053665161133,0.14302968978881836
0.0,6.764533996582031,-1.1369495391845703
-2.0,-0.36453914642333984,0.12543010711669922
2.0,13.800575256347656,0.10856246948242188
1.0,1.930307388305664,0.5383830070495605
-3.0,13.475578308105469,8.670564651489258
5.0,0.2101125717163086,0.022142410278320312
4.0,16.323257446289062,8.812994003295898
1.0,-0.20745325088500977,0.3614768981933594
0.0,11.882377624511719,4.099235534667969
0.0,-0.8095130920410156,0.18439006805419922
-2.0,20.90570068359375,4.275535583496094
1.0,-1.9955558776855469,0.021574020385742188
2.0,12.078330993652344,1.2517280578613281
-6.0,0.6423511505126953,-0.06879520416259766
4.0,8.223308563232422,2.2347068786621094
-4.0,-0.9979023933410645,0.9640498161315918
0.0,1.5993432998657227,0.4748678207397461
0.0,-0.051438093185424805,0.15838956832885742
-1.0,-0.10093021392822266,-0.0389409065246582
2.0,0.20874381065368652,0.03373837471008301
-3.0,7.198207855224609,0.09036064147949219
4.0,2.643350601196289,0.22394347190856934
1.0,10.072490692138672,1.1539669036865234
-1.0,-0.6744194030761719,0.2019658088684082
5.0,11.35561752319336,2.3829002380371094
-1.0,2.421163558959961,0.3525233268737793
-1.0,10.190711975097656,2.550975799560547
3.0,0.5789737701416016,-0.03608894348144531
5.0,15.994972229003906,9.426366806030273
-1.0,-0.5896878242492676,0.34889888763427734
-3.0,13.903602600097656,0.9944305419921875
0.0,-0.7329206466674805,0.519658088684082
1.0,18.97937774658203,3.0172500610351562
-3.0,-1.3110666275024414,-0.35112953186035156
-3.0,9.006546020507812,-1.9485111236572266
1.0,1.3666810989379883,0.3309154510498047
5.0,5.136409759521484,3.53702449798584
-4.0,0.027967453002929688,0.9081888198852539
1.0,2.7987098693847656,0.1212005615234375
-2.0,-0.7780108451843262,0.21175479888916016
2.0,0.07955741882324219,-0.01636815071105957
-1.0,0.0621950626373291,0.044524431228637695
3.0,6.235069274902344,1.0269017219543457
-2.0,2.4326467514038086,0.01780247688293457
6.0,22.171972274780273,2.819633960723877
-4.0,-8.375823974609375,0.11679887771606445
23.0,19.834110260009766,1.6283016204833984
-19.0,-1.7268943786621094,0.23318052291870117
7.0,24.62541961669922,6.511127471923828
-10.0,-9.844735145568848,-1.0905017852783203
18.0,25.84137725830078,11.155235290527344
-11.0,-7.528933048248291,-0.005541801452636719
17.0,33.156986236572266,7.045139312744141
-19.0,-11.636678695678711,-1.782827377319336
19.0,34.62928009033203,7.522308349609375
-21.0,-11.449508666992188,-1.0859251022338867
11.0,37.17906188964844,3.942960739135742
-12.0,-15.35340404510498,-0.8351678848266602
12.0,21.161663055419922,3.946460723876953
-14.0,-9.2017240524292,0.2789125442504883
-1.0,0.37091827392578125,-0.9813604354858398
0.0,0.4422008991241455,0.09363460540771484
-2.0,-0.8806209564208984,-1.0638148784637451
2.0,0.09513688087463379,0.041104793548583984
-4.0,5.637584686279297,0.15061378479003906
4.0,2.4919824600219727,-0.0013790130615234375
1.0,8.304195404052734,0.03647899627685547
0.0,0.9889917373657227,0.06832265853881836
6.0,16.49627685546875,0.16945266723632812
-2.0,1.8597536087036133,0.6435394287109375
5.0,16.802040100097656,8.796550750732422
-2.0,-0.9163894653320312,0.14286422729492188
7.0,20.90938949584961,10.393495559692383
0.0,-2.111258029937744,0.2372751235961914
5.0,18.48407745361328,7.49853515625
-2.0,-1.241250991821289,0.4097585678100586
-3.0,16.26593017578125,2.199634552001953
-1.0,0.1811847686767578,0.3934154510498047
3.0,9.65020751953125,-2.313282012939453
-5.0,0.8238792419433594,1.0899162292480469
1.0,4.070400238037109,2.314990997314453
-1.0,-0.2511940002441406,0.5307321548461914
2.0,5.2829976081848145,2.028759002685547
-1.0,-1.8917150497436523,0.27117156982421875
0.0,0.26384592056274414,-0.07970607280731201
0.0,0.01135110855102539,0.04737067222595215
3.0,5.5728607177734375,1.4462823867797852
-3.0,2.7683258056640625,0.1453227996826172
10.0,23.55622673034668,1.2528505325317383
-10.0,-8.807197570800781,0.19376325607299805
25.0,26.22313690185547,2.1495323181152344
-24.0,-8.158239364624023,0.04073143005371094
22.0,27.03423309326172,7.069221496582031
-21.0,-11.949484825134277,-1.4921436309814453
20.0,29.44439697265625,11.52086067199707
-15.0,-9.725019454956055,0.25498294830322266
22.0,40.428585052490234,8.576505661010742
-22.0,-17.177169799804688,-2.0322322845458984
26.0,41.60333251953125,8.803752899169922
-26.0,-18.221298217773438,-1.6380252838134766
23.0,45.39727020263672,10.257911682128906
-27.0,-24.7562255859375,-1.5312652587890625
14.0,26.54497528076172,6.132854461669922
-11.0,-14.080318450927734,-0.08087825775146484
-1.0,0.3173799514770508,0.6841917037963867
1.0,-0.561917781829834,0.005983114242553711
1.0,-0.08099126815795898,-0.05946934223175049
0.0,0.039185523986816406,-0.006048679351806641
1.0,0.9528541564941406,-1.2919554710388184
0.0,0.26529693603515625,0.08091378211975098
1.0,3.3079566955566406,2.2909164428710938
1.0,-0.30988025665283203,0.07653570175170898
3.0,-2.444957733154297,2.2743377685546875
-2.0,0.4908561706542969,-0.18585968017578125
2.0,-3.2848663330078125,-6.119588851928711
-2.0,0.36886119842529297,-0.058231353759765625
1.0,-0.32828521728515625,0.613372802734375
-2.0,-0.3822345733642578,-0.012578010559082031
-3.0,2.0212249755859375,-3.1048049926757812
0.0,0.07659244537353516,0.3352680206298828
3.0,-1.9263229370117188,-1.2582855224609375
-4.0,0.6844892501831055,-0.37270355224609375
-5.0,-3.0717849731445312,-3.2002391815185547
7.0,0.724329948425293,0.39971065521240234
1.0,-3.0868988037109375,1.3023176193237305
0.0,1.0258698463439941,-0.05586099624633789
0.0,1.5167465209960938,0.3305244445800781
-1.0,-1.2884905338287354,0.059348344802856445
4.0,0.09949636459350586,-0.036896586418151855
-3.0,-0.10736322402954102,0.004737377166748047
7.0,-0.010284423828125,-0.35541439056396484
-6.0,0.05459308624267578,-0.1252272129058838
6.0,15.407438278198242,3.9565834999084473
-2.0,-8.011284828186035,-0.008631229400634766
21.0,6.033535003662109,1.5197391510009766
-20.0,-3.6572017669677734,-0.3052024841308594
10.0,11.14984130859375,-2.1594371795654297
-15.0,-10.054847717285156,-1.1126441955566406
14.0,9.518119812011719,2.3422412872314453
-12.0,-7.321479797363281,-0.3670186996459961
17.0,21.274608612060547,2.945903778076172
-19.0,-10.827165603637695,-1.9672174453735352
21.0,13.723579406738281,3.2467727661132812
-22.0,-9.45395278930664,-1.107499122619629
9.0,25.100730895996094,2.691232681274414
-6.0,-15.995755195617676,-0.7663726806640625
8.0,12.9383544921875,1.7117538452148438
-10.0,-8.203821182250977,-0.6851372718811035
-2.0,-0.9110450744628906,-0.7720365524291992
1.0,-0.06827878952026367,-0.05877184867858887
0.0,-0.8606820106506348,-1.0843433141708374
0.0,-0.07442140579223633,0.001317739486694336
0.0,-0.6077690124511719,-1.2317023277282715
0.0,0.11392879486083984,-0.1444087028503418
1.0,1.5396614074707031,1.1734285354614258
2.0,1.3535308837890625,-0.05710744857788086
4.0,2.6957015991210938,0.06089019775390625
-3.0,-0.07055377960205078,0.10515642166137695
8.0,3.3264617919921875,0.12598609924316406
-7.0,-1.1265020370483398,0.12072181701660156
3.0,4.586132049560547,1.5805015563964844
-1.0,-1.9038047790527344,-0.12420177459716797
5.0,6.6016998291015625,3.3992996215820312
-2.0,-0.43173789978027344,0.22536849975585938
-1.0,-4.6397705078125,-2.0759010314941406
-2.0,2.1767406463623047,0.3718414306640625
1.0,-2.4281234741210938,-3.5650100708007812
1.0,0.18152809143066406,1.1587114334106445
-3.0,-4.1529083251953125,0.08028411865234375
3.0,0.7467083930969238,-0.4333176612854004
1.0,4.001034259796143,2.2380828857421875
0.0,-2.4021947383880615,0.11876511573791504
2.0,0.2837848663330078,-0.1002345085144043
-2.0,-0.15820717811584473,0.0075836181640625
7.0,-0.6724929809570312,0.06396627426147461
-7.0,0.3902721405029297,0.002293109893798828
10.0,16.79169273376465,2.3898000717163086
-8.0,-8.442658424377441,0.06833314895629883
23.0,12.422561645507812,2.0409698486328125
-25.0,-10.088546752929688,-0.4976515769958496
25.0,13.55865478515625,-1.6013431549072266
-26.0,-12.159597396850586,-1.5142860412597656
16.0,13.121139526367188,2.707866668701172
-16.0,-9.517566680908203,-0.10649394989013672
22.0,28.546207427978516,4.477270126342773
-22.0,-16.367656707763672,-2.2166223526000977
28.0,20.6976318359375,4.528217315673828
-27.0,-16.22574234008789,-1.6595993041992188
21.0,33.318939208984375,9.006183624267578
-21.0,-25.398574829101562,-1.4624700546264648
10.0,18.321666717529297,3.8981475830078125
-7.0,-13.082416534423828,-1.0449280738830566
1.0,1.199366569519043,-0.3536672592163086
-2.0,-0.7265727519989014,0.053365230560302734
3.0,0.18048763275146484,0.022572755813598633
-3.0,-0.14654874801635742,0.010786056518554688
6.0,-0.9631385803222656,0.9365410804748535
-6.0,-0.21070384979248047,-0.20614099502563477
5.0,12.099481582641602,1.6656670570373535
-3.0,-7.701404571533203,-0.08516693115234375
18.0,8.478492736816406,-0.7545986175537109
-18.0,-4.14805793762207,-0.11934280395507812
8.0,14.434707641601562,3.9601516723632812
-13.0,-10.42370891571045,-1.054412841796875
13.0,9.846405029296875,1.7288684844970703
-10.0,-6.939245223999023,-0.35444068908691406
20.0,19.25338363647461,6.050708770751953
-19.0,-10.90375804901123,-2.302485466003418
18.0,15.64990234375,4.505058288574219
-18.0,-10.138442039489746,-0.7347955703735352
14.0,28.172515869140625,5.891471862792969
-13.0,-16.72008514404297,-1.1660833358764648
7.0,16.025253295898438,0.4094362258911133
-10.0,-9.229691505432129,-0.6292762756347656
-1.0,-1.2284250259399414,-1.456228256225586
0.0,0.4936389923095703,-0.06475496292114258
-1.0,-0.7796907424926758,-1.024873971939087
0.0,-0.11360692977905273,0.0073664188385009766
-1.0,-1.5606231689453125,0.060253143310546875
0.0,-0.1513681411743164,-0.22532248497009277
0.0,-1.7682952880859375,-1.117487907409668
1.0,1.6634111404418945,-0.13364315032958984
1.0,5.140659332275391,-2.2134475708007812
-1.0,-0.5614099502563477,0.2910161018371582
6.0,6.611328125,6.245574951171875
-5.0,-1.4953632354736328,0.1789531707763672
2.0,4.914417266845703,0.9671287536621094
1.0,-1.5215702056884766,-0.11162376403808594
8.0,4.580474853515625,6.5041046142578125
-2.0,-0.5083303451538086,-0.10989952087402344
-4.0,-2.7134475708007812,-0.8176155090332031
2.0,1.4922513961791992,0.7445449829101562
6.0,0.6436614990234375,-0.36477088928222656
-6.0,-0.5428018569946289,0.7590007781982422
-4.0,-1.066009521484375,-1.2220335006713867
3.0,-0.2791614532470703,-0.3774566650390625
2.0,3.683654308319092,1.5538911819458008
-1.0,-1.8402769565582275,0.11278200149536133
1.0,0.3647761344909668,-0.04076516628265381
-2.0,-0.19739270210266113,0.01363229751586914
6.0,-1.6253471374511719,1.355921745300293
-7.0,0.12497520446777344,-0.07862067222595215
9.0,13.483736038208008,0.09888362884521484
-9.0,-8.13277816772461,-0.008202552795410156
20.0,14.86751937866211,-0.233367919921875
-23.0,-10.579402923583984,-0.31179189682006836
23.0,16.843521118164062,4.518245697021484
-24.0,-12.528458595275879,-1.4560546875
15.0,13.449424743652344,2.094493865966797
-14.0,-9.135332107543945,-0.09391593933105469
25.0,26.524982452392578,7.582075119018555
-22.0,-16.44424819946289,-2.5518903732299805
25.0,22.62395477294922,5.786502838134766
-23.0,-16.910232543945312,-1.286895751953125
26.0,36.390724182128906,12.206422805786133
-28.0,-26.122905731201172,-1.8621807098388672
9.0,21.408565521240234,2.595829963684082
-7.0,-14.108285903930664,-0.9890670776367188
-2.0,-2.4277915954589844,-1.1025609970092773
2.0,1.2202117443084717,-0.11812019348144531
-4.0,-0.9601783752441406,-1.0474467277526855
3.0,0.03294181823730469,-0.003419637680053711
-7.0,-0.5974845886230469,-0.8762879371643066
6.0,0.05933570861816406,-0.019181489944458008
-5.0,-13.867776870727539,-2.7831549644470215
4.0,9.364815711975098,-0.048476219177246094
-17.0,-3.3378334045410156,-1.4588489532470703
17.0,3.5866479873657227,0.41035890579223633
-2.0,-7.8233795166015625,2.2854232788085938
8.0,8.928345680236816,1.2333660125732422
-11.0,-4.931987762451172,-0.7617397308349609
11.0,5.417675018310547,0.24281692504882812
-12.0,-14.672908782958984,0.4533958435058594
17.0,10.395427703857422,2.1925859451293945
-22.0,-18.36334991455078,-5.322673797607422
20.0,11.630693435668945,1.4793405532836914
-8.0,-27.528854370117188,-6.256242752075195
7.0,16.177284240722656,1.925084114074707
-11.0,-17.091262817382812,-1.6314697265625
13.0,8.950530052185059,0.2518196105957031
1.0,2.484287738800049,1.9075584411621094
1.0,-1.1137042045593262,0.059416770935058594
-2.0,0.18428850173950195,-0.06333792209625244
1.0,-0.05084395408630371,0.002846240997314453
0.0,-0.6622085571289062,0.41938066482543945
-1.0,0.3356790542602539,0.12752032279968262
4.0,1.3842544555664062,-1.5667834281921387
-6.0,-0.43137359619140625,0.0769643783569336
2.0,6.389026641845703,0.5212306976318359
-5.0,-6.431344985961914,-0.19244909286499023
15.0,2.4088134765625,0.5580940246582031
-11.0,-2.1047496795654297,-0.401641845703125
2.0,3.6030197143554688,0.36562538146972656
-4.0,-2.196086883544922,0.2605247497558594
5.0,7.271598815917969,1.5313663482666016
-3.0,-5.540491104125977,-0.2494049072265625
7.0,6.974052429199219,1.2814445495605469
-5.0,-6.77178955078125,-0.5521001815795898
12.0,8.218208312988281,6.314950942993164
-15.0,-9.402820587158203,-0.6960973739624023
2.0,5.383312225341797,2.1863937377929688
3.0,-4.878594398498535,-0.3597908020019531
3.0,4.912079334259033,3.0101194381713867
-1.0,-2.333915948867798,0.1775369644165039
2.0,1.1444668769836426,0.9841088056564331
-2.0,-0.0837857723236084,0.006265878677368164
7.0,-0.06472396850585938,1.295668601989746
-7.0,0.27634334564208984,0.14670181274414062
9.0,15.252031326293945,1.2163715362548828
-10.0,-9.796189308166504,0.1254405975341797
19.0,9.726860046386719,1.9800796508789062
-22.0,-10.017992973327637,-0.6028079986572266
17.0,10.232192993164062,-1.7273292541503906
-19.0,-11.033095359802246,-1.6350078582763672
13.0,8.53500747680664,1.1273651123046875
-15.0,-7.613761901855469,0.01770782470703125
17.0,21.944507598876953,1.0779705047607422
-20.0,-15.935918807983398,-2.441990852355957
29.0,25.33740234375,6.604118347167969
-25.0,-18.402482986450195,-2.0314407348632812
20.0,35.74706268310547,12.57119369506836
-22.0,-25.58010482788086,-2.6211814880371094
13.0,22.47457504272461,3.8178634643554688
-10.0,-13.829124450683594,-0.6116104125976562
0.0,1.5546989440917969,0.4021883010864258
0.0,0.02721536159515381,0.05895090103149414
0.0,0.0004467964172363281,0.008431971073150635
0.0,0.0008563995361328125,0.0007355213165283203
-1.0,6.225409507751465,-0.013434410095214844
1.0,1.5802769660949707,0.07362985610961914
-1.0,2.1906089782714844,1.7654542922973633
2.0,-0.10027599334716797,0.1442241668701172
1.0,0.4596595764160156,-3.6037445068359375
-3.0,0.14526605606079102,0.23594188690185547
1.0,7.167814254760742,-0.6111078262329102
0.0,1.0024933815002441,0.27664852142333984
3.0,3.3453292846679688,3.2225341796875
0.0,-0.4104948043823242,0.2516660690307617
-2.0,1.3118896484375,0.5110931396484375
1.0,-0.3806419372558594,0.3430790901184082
4.0,3.5877685546875,0.4345664978027344
-2.0,-3.5705275535583496,0.5978727340698242
-1.0,3.9717483520507812,-1.6316242218017578
-2.0,-1.543625831604004,0.5056467056274414
0.0,1.920797348022461,-2.1840076446533203
-2.0,-0.3577449321746826,-0.06260967254638672
1.0,1.971883773803711,0.9161674976348877
0.0,0.18149292469024658,0.06663048267364502
0.0,-0.10541653633117676,-0.020384252071380615
0.0,0.059662699699401855,0.0032013654708862305
-1.0,7.404855728149414,0.019412517547607422
1.0,1.461782455444336,0.04294848442077637
0.0,4.986080169677734,1.5964980125427246
0.0,-0.6911454200744629,0.14562225341796875
3.0,1.3889312744140625,0.16529273986816406
-3.0,-0.16808271408081055,0.166778564453125
6.0,5.769287109375,0.05636310577392578
-5.0,0.1862039566040039,0.22333860397338867
5.0,5.3172454833984375,4.3818206787109375
-1.0,-1.7389535903930664,0.2957587242126465
5.0,3.686290740966797,1.4698944091796875
-5.0,-0.474825382232666,0.3161940574645996
6.0,5.293434143066406,-1.2028541564941406
-7.0,-1.6537842750549316,0.717524528503418
-3.0,-1.29632568359375,-2.2691421508789062
-5.0,0.0450897216796875,1.2310142517089844
-1.0,2.3111438751220703,-0.8837718963623047
-1.0,-0.27540135383605957,0.31549072265625
0.0,0.37961864471435547,0.04156684875488281
0.0,0.032750487327575684,-0.013814210891723633
0.0,0.12038993835449219,-0.11660969257354736
0.0,-0.038147687911987305,0.013364434242248535
0.0,8.310155868530273,-0.06503498554229736
0.0,0.9029190540313721,0.09547185897827148
2.0,2.268247604370117,2.0099716186523438
-2.0,-1.640986442565918,0.11686229705810547
0.0,0.6021499633789062,-3.572667121887207
-3.0,0.48160696029663086,0.24804115295410156
4.0,7.18012809753418,-2.237058639526367
-4.0,0.6757385730743408,0.13981056213378906
7.0,7.959766387939453,4.923129081726074
-4.0,-2.7925376892089844,-0.03523731231689453
4.0,6.188732147216797,2.4797115325927734
-1.0,-1.666609764099121,0.13900327682495117
10.0,1.72607421875,-0.5021247863769531
-12.0,-2.3820595741271973,0.09571027755737305
2.0,1.1137580871582031,2.2784881591796875
-7.0,-0.4597921371459961,-0.49448394775390625
2.0,5.684614181518555,0.34922218322753906
-2.0,-1.7567057609558105,-0.23662281036376953
0.0,1.0440683364868164,-0.018296003341674805
0.0,0.17180383205413818,0.034951210021972656
0.0,0.0983426570892334,0.024685680866241455
0.0,0.015277266502380371,0.006785333156585693
1.0,6.935924530029297,0.0463939905166626
-1.0,1.5543532371520996,0.030037403106689453
-3.0,2.707183837890625,0.453399658203125
2.0,0.09412050247192383,0.1940615177154541
0.0,-1.2143020629882812,-2.866408348083496
-7.0,0.005323886871337891,0.04213762283325195
1.0,5.073581695556641,-0.9786548614501953
-1.0,0.03998708724975586,0.19563055038452148
2.0,3.2567577362060547,1.542449951171875
-1.0,-0.30782651901245117,0.23574209213256836
4.0,4.947452545166016,2.4547290802001953
-3.0,-0.8457040786743164,0.27422475814819336
5.0,5.063690185546875,-0.12714004516601562
-4.0,-3.5606627464294434,0.8438138961791992
-2.0,3.5641403198242188,-0.6034774780273438
1.0,-1.4308271408081055,-0.5624074935913086
-1.0,0.3259449005126953,-2.2637596130371094
-1.0,-0.01258993148803711,-0.2653031349182129
2.0,3.152043342590332,2.038374423980713
0.0,-0.1498044729232788,0.06902754306793213
0.0,0.012444496154785156,-0.14188164472579956
0.0,0.03030294179916382,0.003871440887451172
0.0,6.9344282150268555,0.008147716522216797
0.0,1.1301136016845703,0.05093955993652344
7.0,1.5714340209960938,0.38333702087402344
-7.0,-1.6165533065795898,0.15628480911254883
1.0,4.870899200439453,-2.3434104919433594
-3.0,-0.3972921371459961,-0.12229251861572266
5.0,1.570343017578125,-1.809617042541504
-6.0,-0.18216419219970703,0.06333351135253906
6.0,9.995248794555664,2.179546356201172
-2.0,-3.1098694801330566,0.03246784210205078
3.0,8.308277130126953,1.3875856399536133
-5.0,-2.497979164123535,0.2618541717529297
11.0,2.6506423950195312,0.0679931640625
-7.0,-1.8499541282653809,0.7100486755371094
5.0,7.4569091796875,0.5908966064453125
-9.0,-2.3139543533325195,0.21234989166259766
7.0,7.96586799621582,1.3538923263549805
-6.0,-1.9560205936431885,-0.3200223445892334
1.0,0.41718482971191406,0.5139791965484619
0.0,0.15427756309509277,0.007679581642150879
0.0,-0.10586333274841309,-0.02881622314453125
0.0,0.05880630016326904,0.00246584415435791
0.0,1.1794462203979492,0.032846927642822266
0.0,-0.11849451065063477,-0.030681371688842773
1.0,2.79547119140625,-0.16895627975463867
-2.0,-0.5908694267272949,0.0013980865478515625
2.0,0.9292716979980469,3.7690372467041016
0.0,-0.31334877014160156,-0.06916332244873047
5.0,-1.3985271453857422,0.6674709320068359
-5.0,-0.8162894248962402,-0.05330991744995117
2.0,1.9719161987304688,1.1592864990234375
-1.0,-1.3284587860107422,0.044092655181884766
7.0,2.374401092529297,0.95880126953125
-6.0,-0.09418344497680664,-0.026885032653808594
2.0,1.7056655883789062,-1.637420654296875
-5.0,1.916743278503418,0.11965179443359375
-2.0,-5.268074035644531,-0.6375179290771484
-3.0,1.5887155532836914,0.725367546081543
-1.0,0.3903465270996094,1.3002357482910156
1.0,0.08234357833862305,0.3781003952026367
0.0,-1.1750802993774414,-0.36062145233154297
0.0,0.005535125732421875,-0.07276511192321777
0.0,0.11994314193725586,-0.125041663646698
0.0,-0.03900408744812012,0.012628912925720215
1.0,2.0847463607788086,-0.05160057544708252
-1.0,-0.6773579120635986,0.021842002868652344
3.0,0.07763862609863281,0.24451732635498047
-4.0,-1.54071044921875,-0.02736186981201172
-1.0,0.14249038696289062,0.03107738494873047
0.0,0.33634090423583984,0.012099266052246094
3.0,0.0123138427734375,-1.625950813293457
-4.0,-0.3267548084259033,-0.13683795928955078
4.0,4.614437103271484,1.7005949020385742
-4.0,-2.38204288482666,-0.28690338134765625
6.0,4.876842498779297,1.968618392944336
-2.0,-1.2859678268432617,-0.20407581329345703
6.0,-1.8616943359375,-0.9366912841796875
-10.0,1.1884679794311523,-0.5021624565124512
3.0,-2.857990264892578,3.9101123809814453
-5.0,1.0838336944580078,-1.0001306533813477
2.0,3.7638168334960938,2.5332298278808594
0.0,-1.398960828781128,-0.1740131378173828
0.0,-0.5106306076049805,-0.4204843044281006
0.0,0.14458847045898438,-0.023999691009521484
0.0,0.09789586067199707,0.01625370979309082
0.0,0.014420866966247559,0.006049811840057373
2.0,0.710515022277832,0.05982840061187744
-2.0,-0.025923728942871094,-0.04359245300292969
-2.0,0.5165748596191406,-1.3120546340942383
0.0,0.1943964958190918,0.049837350845336914
-1.0,-1.6739616394042969,0.7373361587524414
-4.0,-0.13994216918945312,-0.19380426406860352
0.0,-2.0942325592041016,-0.36754703521728516
-1.0,-0.9625062942504883,-0.08101797103881836
-1.0,-0.08857154846191406,-1.680084228515625
-1.0,0.10266828536987305,-0.01592397689819336
6.0,3.6355628967285156,1.9436359405517578
-4.0,-0.46506214141845703,-0.06885433197021484
1.0,1.475921630859375,-0.56170654296875
-2.0,0.00986480712890625,0.245941162109375
-1.0,-0.4076080322265625,1.028146743774414
3.0,0.11279869079589844,-1.06805419921875
-1.0,-1.5948524475097656,-0.07975196838378906
1.0,0.3451550006866455,-0.20269346237182617
2.0,1.5973443984985352,1.6361862421035767
0.0,-0.17701983451843262,0.010076642036437988
0.0,0.011997699737548828,-0.1503136157989502
0.0,0.029446542263031006,0.0031359195709228516
1.0,0.7090187072753906,0.02158212661743164
-1.0,-0.4501633644104004,-0.022690296173095703
8.0,-0.6191749572753906,-1.3821172714233398
-9.0,-1.5162773132324219,0.01206064224243164
0.0,4.4112396240234375,1.2603340148925781
0.0,-0.5425581932067871,-0.3582344055175781
4.0,-5.597471237182617,-1.1985092163085938
-6.0,-1.1846575736999512,-0.21331501007080078
3.0,6.649919509887695,-1.0429878234863281
-2.0,-2.6993746757507324,-0.21919822692871094
5.0,6.996387481689453,0.8764925003051758
-6.0,-2.117337226867676,-0.08122491836547852
7.0,-0.9371261596679688,-0.3665733337402344
-5.0,1.7205734252929688,0.11217594146728516
6.0,3.4851608276367188,2.2225208282470703
-7.0,-0.7703285217285156,-0.29329681396484375
7.0,6.045070648193359,3.537899971008301
-4.0,-1.5982756614685059,-0.2574126720428467
-1.0,-1.5922651290893555,-0.8746006488800049
0.0,-0.1487424373626709,-0.08044469356536865
0.0,0.22580647468566895,-0.09622544050216675
0.0,-0.09781038761138916,0.010163068771362305
1.0,0.9053001403808594,-0.08444750308990479
-1.0,-0.5588634014129639,0.05252337455749512
2.0,-2.717832565307617,0.41347360610961914
-2.0,-0.9498410224914551,-0.02875995635986328
-3.0,-0.7867813110351562,-3.737959861755371
0.0,0.6496896743774414,0.08126258850097656
-2.0,1.4108409881591797,-2.293421745300293
1.0,0.4895346164703369,-0.08352804183959961
2.0,2.6425209045410156,0.5413084030151367
-3.0,-1.053584098815918,-0.330996036529541
-1.0,2.50244140625,1.009817123413086
4.0,-1.191784381866455,-0.17719078063964844
4.0,-3.5673599243164062,0.7007293701171875
-5.0,-0.7282752990722656,-0.6218142509460449
5.0,2.410083770751953,4.547630310058594
-2.0,-0.5048818588256836,-1.7254981994628906
3.0,3.3734703063964844,1.2329940795898438
-1.0,-1.481304407119751,-0.5521135330200195
-1.0,-0.9278154373168945,-0.9344635009765625
0.0,-0.009689092636108398,-0.03167927265167236
0.0,0.20375919342041016,0.04506993293762207
0.0,-0.044385433197021484,0.003583967685699463
2.0,-0.4689311981201172,0.026981472969055176
-2.0,0.09257078170776367,-0.012911081314086914
-3.0,-2.2788963317871094,-1.1430983543395996
2.0,0.7852659225463867,0.04843926429748535
-3.0,-2.6032333374023438,-3.03170108795166
-4.0,0.17340660095214844,-0.12464094161987305
-5.0,-0.6957054138183594,-1.035017967224121
4.0,-0.14621686935424805,-0.027708053588867188
-3.0,-2.060487747192383,-2.8393707275390625
0.0,1.4311270713806152,-0.060016632080078125
-1.0,1.2611618041992188,0.9848346710205078
2.0,-0.3708786964416504,-0.04196929931640625
-1.0,-0.22974395751953125,1.075714111328125
3.0,-1.9068784713745117,0.12628936767578125
1.0,4.860466003417969,1.6656646728515625
6.0,-1.475916862487793,-1.793421745300293
0.0,-1.985198974609375,-1.3799877166748047
0.0,0.26281142234802246,-0.5807938575744629
1.0,1.180159568786621,1.1222070455551147
0.0,-0.3312973976135254,0.0023970603942871094
0.0,0.11786103248596191,-0.12149739265441895
0.0,-0.029359757900238037,0.0006700754165649414
1.0,-0.4704275131225586,-0.011264801025390625
-1.0,-0.3316688537597656,0.00799107551574707
7.0,-3.4146461486816406,-1.2131609916687012
-7.0,-0.925407886505127,0.010662555694580078
-2.0,3.4819679260253906,-2.5087032318115234
0.0,-0.22920942306518555,-0.28907108306884766
-1.0,-4.198944091796875,-1.8659801483154297
-1.0,-0.36836814880371094,-0.1600050926208496
1.0,4.678003311157227,-2.2022743225097656
-1.0,-1.3709158897399902,-0.2632908821105957
-2.0,4.621986389160156,-0.08230876922607422
0.0,-2.023153781890869,-0.05433988571166992
5.0,-2.642791748046875,1.2708473205566406
0.0,-0.19616985321044922,-0.007475852966308594
8.0,8.75323486328125,2.8600387573242188
-4.0,-2.359044075012207,-1.0186643600463867
8.0,5.65472412109375,2.237664222717285
-5.0,-1.680619239807129,-0.6355130672454834
0.0,0.6644496917724609,-0.05986285209655762
0.0,0.1390533447265625,0.04876542091369629
0.0,-0.02204728126525879,0.14129537343978882
0.0,0.053424954414367676,-0.006579101085662842
1.0,-1.3742313385009766,0.11142897605895996
-1.0,0.6514341831207275,-0.06543445587158203
-5.0,0.4389362335205078,-1.5565719604492188
4.0,1.7351069450378418,0.07719922065734863
0.0,-1.8164520263671875,0.7062587738037109
-4.0,-0.47628307342529297,-0.2059035301208496
-3.0,-2.106546401977539,1.2584037780761719
3.0,-0.635751485824585,0.05581998825073242
-5.0,-4.703008651733398,-3.380679130554199
3.0,2.484711170196533,0.2709794044494629
0.0,-1.2412796020507812,-0.024982452392578125
-2.0,0.8209056854248047,0.1352214813232422
-5.0,3.337615966796875,0.3749847412109375
8.0,-1.178603172302246,0.7481036186218262
-4.0,2.4503822326660156,-2.8819656372070312
8.0,-0.9710350036621094,-0.06792354583740234
-3.0,-5.358669281005859,-2.6129817962646484
1.0,1.7441158294677734,-0.02868032455444336
2.0,2.7724246978759766,1.9968076944351196
0.0,-0.1825549602508545,0.08284175395965576
0.0,-0.10794544219970703,-0.025271952152252197
0.0,0.06845062971115112,-0.009492993354797363
0.0,-1.375727653503418,0.07318270206451416
0.0,0.22719454765319824,-0.04453229904174805
5.0,-0.6968135833740234,-1.6266345977783203
-5.0,0.024433135986328125,0.03942251205444336
1.0,4.268749237060547,1.2292566299438477
0.0,-0.878899097442627,-0.3703336715698242
1.0,-5.609785079956055,0.4274415969848633
-2.0,-0.8579027652740479,-0.07647705078125
-1.0,2.035482406616211,-2.7435827255249023
2.0,-0.31733179092407227,0.06770515441894531
-1.0,2.1195449829101562,-1.0921258926391602
-4.0,-0.8313694000244141,0.12285089492797852
1.0,0.9245681762695312,0.5701179504394531
5.0,0.5321054458618164,0.6143383979797363
3.0,6.343151092529297,-1.687591552734375
-2.0,-1.8541622161865234,0.7068338394165039
5.0,2.2812538146972656,1.0046701431274414
-4.0,-0.19931483268737793,-0.08339953422546387
2.0,2.1079750061035156,2.056670665740967
0.0,-0.321608304977417,0.03407633304595947
0.0,-0.08589816093444824,-0.16656732559204102
0.0,0.015025675296783447,-0.0029138922691345215
-1.0,-0.0014963150024414062,-0.0382462739944458
1.0,-0.4242396354675293,0.020902156829833984
10.0,-1.1357498168945312,-0.07006263732910156
-9.0,-1.7106738090515137,-0.03777670860290527
1.0,6.085201263427734,0.5229978561401367
4.0,-0.402616024017334,-0.1644301414489746
4.0,-3.5032386779785156,-0.8309621810913086
-5.0,-0.2221512794494629,-0.13229703903198242
4.0,6.738491058349609,0.6370964050292969
-1.0,-2.8020429611206055,-0.20327425003051758
-1.0,3.3608245849609375,-1.067143440246582
-2.0,-1.6522750854492188,-0.012370586395263672
6.0,-2.4130477905273438,0.19513320922851562
-3.0,1.7107086181640625,-0.13376522064208984
7.0,3.8927688598632812,1.1943740844726562
-10.0,-0.8831272125244141,0.7747573852539062
8.0,7.639923095703125,3.61765193939209
-5.0,-1.9434306621551514,-0.05471920967102051
-1.0,1.9936270713806152,0.023965060710906982
1.0,0.3412548899650574,-0.022282183170318604
-1.0,1.933927297592163,0.04944884777069092
1.0,0.8366457223892212,-0.014380693435668945
-2.0,1.2351655960083008,-0.05914187431335449
2.0,0.3152201175689697,0.0242844820022583
3.0,2.789365768432617,2.913846969604492
-2.0,-0.143585205078125,0.08291077613830566
1.0,1.5080432891845703,-0.14698028564453125
0.0,0.4688863754272461,0.26140546798706055
-1.0,3.7794342041015625,-0.043064117431640625
0.0,-0.2466869354248047,0.04850196838378906
0.0,4.278215408325195,0.6511440277099609
0.0,-0.03491568565368652,-0.15429925918579102
3.0,1.30645751953125,2.3862037658691406
-2.0,-0.4880204200744629,0.12392306327819824
-6.0,-5.038089752197266,-0.34353065490722656
5.0,-1.1853020191192627,0.4846510887145996
4.0,5.527179718017578,3.2194175720214844
-3.0,-0.21595335006713867,0.24939346313476562
0.0,4.389524459838867,1.7863683700561523
0.0,-0.3129279613494873,0.19253969192504883
-1.0,2.0126867294311523,-0.003507554531097412
1.0,0.30390965938568115,-0.019202768802642822
0.0,1.505075454711914,-0.0035184621810913086
0.0,0.6358287334442139,-0.0057495832443237305
-1.0,1.2579851150512695,-0.2965834140777588
1.0,0.3638021945953369,0.05018627643585205
0.0,1.7138423919677734,1.0366811752319336
0.0,-0.0868065357208252,0.10947680473327637
1.0,0.09460067749023438,-0.3161935806274414
-1.0,0.44405269622802734,0.22610187530517578
-1.0,7.571628570556641,1.3652658462524414
1.0,-1.2315618991851807,-0.23070549964904785
-4.0,1.5698738098144531,-1.4506568908691406
2.0,0.3086681365966797,0.05510902404785156
1.0,-1.3551673889160156,-0.7509632110595703
-3.0,-0.011813163757324219,0.23865151405334473
1.0,-1.3277053833007812,0.16741561889648438
0.0,-1.3602750301361084,0.7470042705535889
1.0,4.834571838378906,1.5438499450683594
-1.0,-0.6935505867004395,-0.4677243232727051
0.0,3.8477954864501953,0.38117027282714844
0.0,-0.2009572982788086,0.14676332473754883
1.0,0.6072053909301758,-0.9159474968910217
-2.0,0.278955340385437,-0.04125559329986572
0.0,1.9048881530761719,-0.10107684135437012
1.0,0.8259973526000977,-0.014244914054870605
1.0,1.3614635467529297,0.16869544982910156
0.0,0.05496478080749512,0.08166122436523438
3.0,3.793935775756836,-0.07720756530761719
-3.0,-1.1199119091033936,-0.005176067352294922
6.0,1.8489971160888672,0.12426948547363281
-4.0,0.19642353057861328,0.23495721817016602
2.0,6.157867431640625,1.6075553894042969
-2.0,-1.1429705619812012,-0.2648277282714844
5.0,2.0648326873779297,-0.7177648544311523
-7.0,-0.23694849014282227,-0.03284740447998047
6.0,1.3438682556152344,0.8306636810302734
-6.0,-1.6209890842437744,0.04849529266357422
-1.0,-0.7832679748535156,0.9310989379882812
2.0,-3.081955671310425,0.6234736442565918
7.0,4.111907958984375,0.27454566955566406
-9.0,-3.460999011993408,-1.1476855278015137
1.0,6.5518035888671875,1.1212081909179688
-1.0,-0.9484734535217285,-0.027840614318847656
-1.0,1.9244287014007568,-0.06083136796951294
1.0,0.3363938331604004,-0.01241767406463623
0.0,2.7273130416870117,0.9897496104240417
1.0,0.8760330677032471,0.023294687271118164
-2.0,1.3887882232666016,-0.0250852108001709
2.0,0.4340393543243408,0.07369673252105713
2.0,2.6306209564208984,2.327482223510742
-2.0,-0.27184009552001953,0.0654597282409668
0.0,1.922607421875,0.4695568084716797
0.0,0.1487574577331543,0.23845958709716797
0.0,4.2669830322265625,1.170358657836914
-2.0,-0.6377148628234863,0.15242838859558105
0.0,2.4686660766601562,-0.6790904998779297
-1.0,0.08263230323791504,0.04646921157836914
4.0,1.1217365264892578,1.2159919738769531
-4.0,-0.6226639747619629,0.1726522445678711
5.0,1.7751121520996094,1.289891242980957
-4.0,-2.8250110149383545,0.21727275848388672
4.0,8.921981811523438,5.680959701538086
-2.0,-1.8960509300231934,-0.3978123664855957
0.0,4.780935287475586,1.7741937637329102
2.0,0.19600629806518555,0.3041403293609619
2.0,2.7159833908081055,0.12492334842681885
-2.0,-0.1450207233428955,0.006130814552307129
0.0,1.4168000221252441,0.07642972469329834
1.0,0.7227756977081299,0.002092599868774414
0.0,2.638552665710449,0.8119139671325684
2.0,-0.2400972843170166,0.07919871807098389
1.0,2.3700828552246094,-0.2867107391357422
-1.0,-0.9673187732696533,-0.010587215423583984
7.0,0.9147682189941406,0.41167449951171875
-5.0,-1.0557293891906738,0.11273765563964844
3.0,6.094676971435547,0.05826377868652344
-2.0,-1.5410094261169434,-0.03220105171203613
2.0,1.3604469299316406,-1.8058834075927734
-5.0,-0.37929534912109375,-0.03570127487182617
11.0,5.676872253417969,1.9730472564697266
-8.0,-2.5501859188079834,0.04526352882385254
0.0,0.31317138671875,0.03830146789550781
-1.0,-1.7879078388214111,0.4686589241027832
8.0,8.39603042602539,2.1499557495117188
-8.0,-3.858264923095703,-1.5466814041137695
1.0,6.307943344116211,0.21217632293701172
-3.0,-1.028977870941162,0.027353286743164062
0.0,0.01905965805053711,-0.027472615242004395
0.0,-0.03734523057937622,0.0030794143676757812
1.0,-0.428851842880249,-0.05296730995178223
-1.0,-0.20081698894500732,0.008631110191345215
1.0,0.02281951904296875,-0.2374415397644043
-1.0,0.04858207702636719,0.02590179443359375
-3.0,-1.0755233764648438,-1.8771657943725586
2.0,0.056778669357299805,0.026566028594970703
0.0,-1.413442611694336,-0.16921329498291016
-1.0,-0.02483367919921875,-0.035303592681884766
0.0,3.792194366455078,1.408329963684082
1.0,-0.984874963760376,-0.2792074680328369
-4.0,-2.708341598510742,-2.1018009185791016
2.0,0.3435838222503662,0.20940828323364258
-2.0,-2.6616249084472656,-3.137166976928711
-1.0,0.47620725631713867,0.11472845077514648
7.0,3.7103843688964844,0.5109462738037109
-5.0,-0.1749730110168457,0.26235318183898926
-3.0,-0.6926078796386719,-1.675567626953125
2.0,-0.4775972366333008,-0.7171177864074707
0.0,-0.5417289733886719,-1.405198097229004
0.0,0.11197066307067871,-0.0457763671875
2.0,-1.3864216804504395,-0.9399125576019287
-3.0,-0.06229954957962036,-0.01897341012954712
1.0,-0.02903914451599121,-0.15052568912506104
0.0,-0.010648369789123535,0.00013577938079833984
3.0,0.1262979507446289,0.22783732414245605
-2.0,-0.2602553367614746,0.057376742362976074
0.0,1.0045700073242188,-2.9910545349121094
-1.0,-0.9763267040252686,-0.08808684349060059
5.0,0.3409538269042969,0.27124977111816406
-4.0,-0.2724628448486328,-0.02644824981689453
3.0,2.3784332275390625,1.6506195068359375
-2.0,-0.8962836265563965,-0.31332969665527344
5.0,-2.2133827209472656,-1.3689088821411133
-7.0,-0.20203280448913574,0.12145185470581055
3.0,0.037410736083984375,-1.5555400848388672
-4.0,-1.1329686641693115,-0.07542777061462402
5.0,4.25482177734375,1.2746295928955078
-3.0,-1.896653652191162,0.1388225555419922
3.0,-1.4152717590332031,-2.9448719024658203
-6.0,-3.2450456619262695,-1.3970789909362793
1.0,2.1622791290283203,-0.6651601791381836
-1.0,-0.6355454921722412,-0.22038030624389648
0.0,-0.0691983699798584,-0.08479642868041992
0.0,-0.004861056804656982,0.009864509105682373
1.0,0.7933857440948486,0.9403007626533508
0.0,0.03938734531402588,0.03767538070678711
0.0,0.15362262725830078,0.034056663513183594
0.0,0.1188192367553711,0.04941225051879883
-1.0,-0.15874481201171875,-0.58636474609375
0.0,-0.12825489044189453,-0.017451047897338867
-1.0,0.4145641326904297,0.6165370941162109
0.0,-0.3201289176940918,-0.022945880889892578
1.0,0.487548828125,1.2134227752685547
-2.0,-0.39102792739868164,0.10392642021179199
0.0,-1.809549331665039,-1.3302345275878906
-1.0,0.11754798889160156,0.20076847076416016
1.0,-0.1847209930419922,-1.1702117919921875
-2.0,-0.1346435546875,0.04872918128967285
11.0,6.813201904296875,1.6334218978881836
-9.0,-1.6397089958190918,-0.2673783302307129
0.0,3.3948020935058594,2.4615421295166016
1.0,-1.6800975799560547,-0.6472058296203613
0.0,0.39141082763671875,-0.012174606323242188
2.0,0.5089342594146729,0.11160063743591309
3.0,0.7223563194274902,0.10095828771591187
-3.0,-0.4862756133079529,0.028412997722625732
1.0,-0.517127275466919,0.026980876922607422
0.0,-0.11387002468109131,0.01647329330444336
2.0,1.4033870697021484,0.8710558414459229
0.0,-0.5553174018859863,0.054914236068725586
-2.0,-0.4192829132080078,-3.2005577087402344
1.0,-0.8237335681915283,-0.09349799156188965
6.0,-0.5932750701904297,0.55865478515625
-5.0,-1.52461576461792,-0.1486678123474121
4.0,2.3152427673339844,0.10132789611816406
-2.0,-1.2943224906921387,-0.0807030200958252
2.0,-2.9177684783935547,-2.4570274353027344
-5.0,-0.3443796634674072,0.11859798431396484
8.0,4.370414733886719,-0.41315650939941406
-6.0,-2.0621654987335205,-0.0786595344543457
6.0,5.351261138916016,0.3818321228027344
-6.0,-0.6026058197021484,-0.015992164611816406
4.0,2.8688507080078125,-1.0694618225097656
-5.0,-3.6423115730285645,-1.7960748672485352
1.0,1.9184188842773438,-1.5741920471191406
-3.0,-0.7160499095916748,-0.16518640518188477
2.0,-1.4054813385009766,-0.9124399423599243
-3.0,-0.02495431900024414,-0.0220528244972229
0.0,0.3998126983642578,-0.09755837917327881
1.0,0.1901686191558838,-0.008495330810546875
2.0,0.10347843170166016,0.46527886390686035
-1.0,-0.3088374137878418,0.031474947929382324
3.0,2.0800933837890625,-1.1138887405395508
-3.0,-1.0331053733825684,-0.11465287208557129
5.0,1.7543964385986328,0.4404630661010742
-3.0,-0.24762916564941406,0.008855342864990234
3.0,-1.4137611389160156,0.24228954315185547
-3.0,0.08859133720397949,-0.03412222862243652
9.0,0.49495887756347656,0.7328920364379883
-9.0,-0.545616626739502,-0.08795642852783203
5.0,2.69903564453125,1.5816268920898438
-3.0,-1.6091759204864502,-0.1901562213897705
-2.0,0.5444374084472656,0.7636833190917969
2.0,-1.7216806411743164,-0.12353062629699707
6.0,-0.7226638793945312,-1.2693042755126953
-8.0,-2.7674484252929688,-0.6799612045288086
1.0,2.704008102416992,0.7400379180908203
-1.0,-0.7475161552429199,-0.17460393905639648
0.0,-0.08825802803039551,-0.05732381343841553
0.0,0.03248417377471924,0.006785094738006592
0.0,1.2222375869750977,0.9932680726051331
1.0,0.2402043342590332,0.029044270515441895
-1.0,0.13080310821533203,0.2714982032775879
1.0,0.0702371597290039,0.023510456085205078
2.0,0.916778564453125,1.2908010482788086
-2.0,-0.18503355979919434,-0.04401707649230957
-1.0,1.8280067443847656,0.7857503890991211
1.0,-0.29529523849487305,0.012357711791992188
1.0,-3.304645538330078,-0.19490718841552734
-3.0,0.5938470363616943,0.3831338882446289
4.0,0.8987922668457031,0.7715663909912109
-3.0,-0.22603583335876465,-0.008639812469482422
3.0,2.4769039154052734,1.9669551849365234
-1.0,-0.6108508110046387,-0.06599926948547363
4.0,3.1028175354003906,1.1224756240844727
-4.0,-1.464735984802246,-0.5297315120697021
3.0,4.087409973144531,4.137109756469727
-1.0,-1.202500343322754,0.06991195678710938
0.0,0.9331398010253906,1.3930234909057617
2.0,0.39696359634399414,0.15737700462341309
3.0,0.7032966613769531,0.12843090295791626
-3.0,-0.44893038272857666,0.02533358335494995
0.0,-0.08827543258666992,0.07994818687438965
1.0,0.08694696426391602,0.007842183113098145
1.0,1.3805675506591797,1.1084973812103271
1.0,-0.6038994789123535,0.029012441635131836
1.0,0.6562404632568359,-1.3233919143676758
-1.0,-0.8805122375488281,-0.12006402015686035
6.0,0.8201675415039062,0.7278680801391602
-4.0,-1.4997820854187012,-0.11336421966552734
4.0,-1.4769515991210938,-1.307002067565918
-3.0,-0.3094475269317627,0.19850444793701172
6.0,-0.2094268798828125,-0.3552265167236328
-7.0,-0.6879634857177734,-0.09081029891967773
10.0,7.032039642333984,2.724010467529297
-5.0,-2.538372755050659,-0.1933879852294922
-1.0,1.6408767700195312,-0.12911415100097656
-1.0,-0.42763280868530273,-0.27834534645080566
7.0,3.5614585876464844,0.6061058044433594
-7.0,-3.1647143363952637,-1.0789570808410645
1.0,2.4601478576660156,-0.16899394989013672
-3.0,-0.8280205726623535,-0.11941003799438477
-2.0,1.317223310470581,0.8551161289215088
3.0,0.05743849277496338,0.028837919235229492
0.0,0.8224248886108398,1.0908265113830566
0.0,0.050035715103149414,0.03753960132598877
-3.0,0.027324676513671875,-0.19378066062927246
2.0,0.3790745735168457,-0.007964491844177246
-1.0,-1.1633148193359375,2.4046897888183594
1.0,0.848071813583374,0.07063579559326172
-6.0,0.07361030578613281,0.3452873229980469
4.0,-0.047666072845458984,0.003502368927001953
-2.0,-1.8908843994140625,-0.4371967315673828
0.0,0.5052556991577148,0.41725611686706543
-5.0,0.40383338928222656,0.038674354553222656
6.0,0.3195807933807373,0.07931661605834961
-2.0,-0.22213172912597656,0.3853282928466797
2.0,0.9983251094818115,0.12415695190429688
6.0,2.558380126953125,0.3587923049926758
-6.0,0.2569446563720703,-0.4062008857727051
-3.0,4.8100738525390625,5.406414031982422
7.0,1.5649480819702148,0.749873161315918
-1.0,-1.7708683013916016,0.6529855728149414
3.0,1.144479751586914,0.33198094367980957
1.0,2.1087779998779297,1.0408709049224854
0.0,-0.4239760637283325,0.04738640785217285
0.0,-0.48808813095092773,0.17750656604766846
0.0,-0.10322165489196777,0.01633751392364502
-1.0,1.2770891189575195,0.6432185173034668
2.0,-0.2950620651245117,-0.0024625062942504883
-2.0,-1.4238529205322266,-0.209503173828125
2.0,0.15259313583374023,-0.0054111480712890625
1.0,-0.9342288970947266,0.28740501403808594
-1.0,-1.252152919769287,-0.12221956253051758
1.0,-0.06319046020507812,-1.5492916107177734
0.0,-0.3980388641357422,0.23262667655944824
-3.0,-0.7043857574462891,-1.088118553161621
2.0,-0.14234685897827148,-0.002853870391845703
5.0,4.333003997802734,1.1423835754394531
-2.0,-0.929196834564209,-0.0032317638397216797
1.0,1.0964393615722656,-0.8927974700927734
-3.0,1.2940478324890137,-0.1548147201538086
1.0,4.284122467041016,1.8754100799560547
1.0,-0.3972659111022949,-0.39899587631225586
0.0,-0.24386024475097656,-0.909031867980957
-2.0,-0.0805044174194336,0.05519390106201172
3.0,0.7915546894073486,0.1857547163963318
-3.0,-0.4814145565032959,0.01854848861694336
0.0,-1.3105130195617676,-0.9133198857307434
0.0,-0.1532573699951172,-0.02120208740234375
2.0,1.2497644424438477,0.8369991779327393
0.0,-0.6741366386413574,0.005501985549926758
-1.0,-0.26053810119628906,-2.6141929626464844
1.0,-0.6954786777496338,-0.07604694366455078
7.0,-1.0078392028808594,-0.05788230895996094
-5.0,-1.2044868469238281,-0.12572193145751953
3.0,1.8276939392089844,-1.1120948791503906
0.0,-0.903294563293457,-0.1846294403076172
2.0,-1.1082191467285156,-1.1267929077148438
-4.0,-0.4619276523590088,-0.08217048645019531
7.0,4.555135726928711,0.7570552825927734
-4.0,-1.9275219440460205,-0.12738871574401855
-5.0,-1.4619407653808594,-1.2515897750854492
3.0,1.0371031761169434,0.2513861656188965
4.0,-0.5259513854980469,-3.531003952026367
-6.0,-1.9622139930725098,-1.1488690376281738
1.0,1.527008056640625,-1.5620174407958984
-5.0,-1.2249841690063477,-0.27678704261779785
-2.0,-1.6659364700317383,-0.40604734420776367
1.0,0.816333532333374,0.2262096405029297
0.0,0.09964227676391602,0.28153562545776367
0.0,-0.1614818572998047,-0.03574347496032715
-1.0,3.1737537384033203,-0.7855184078216553
0.0,0.3290386199951172,0.047716736793518066
6.0,3.957080841064453,-2.8056087493896484
-6.0,1.1459846496582031,2.5293617248535156
0.0,1.372161865234375,-4.550765037536621
1.0,1.387876033782959,0.0580286979675293
-3.0,3.5841102600097656,-0.083038330078125
0.0,-0.8038482666015625,0.34684038162231445
-6.0,5.142601013183594,1.4575653076171875
6.0,-0.24588727951049805,0.04165935516357422
-3.0,2.0179443359375,0.05770111083984375
0.0,-2.0400547981262207,0.44339752197265625
-5.0,-1.3248519897460938,4.52220344543457
2.0,0.986720085144043,-0.3593578338623047
3.0,4.652336120605469,3.381906509399414
1.0,-1.8456344604492188,1.1406936645507812
1.0,1.7550201416015625,-2.2941417694091797
-3.0,-1.9355053901672363,-0.46521472930908203
-2.0,-1.1189308166503906,-0.545708179473877
2.0,0.8058874607086182,0.22289538383483887
1.0,0.38012266159057617,0.1186680793762207
-1.0,-0.21213579177856445,-0.01973748207092285
1.0,4.505029678344727,-0.554945707321167
-2.0,-0.2827572822570801,0.10880613327026367
12.0,5.872714996337891,-1.726980209350586
-12.0,0.7918052673339844,1.1389942169189453
4.0,3.9078216552734375,-0.19946956634521484
-1.0,0.9344944953918457,0.176727294921875
-7.0,-1.9195098876953125,-1.282674789428711
4.0,-0.027902603149414062,-0.1653118133544922
-4.0,5.07916259765625,3.6706581115722656
7.0,-1.739671230316162,-0.2509884834289551
0.0,4.178993225097656,-0.10194587707519531
-4.0,-1.4150123596191406,0.26706743240356445
-9.0,1.585357666015625,0.8980216979980469
3.0,-2.4151878356933594,0.7628383636474609
1.0,-0.55645751953125,-0.18782615661621094
-3.0,-0.6868858337402344,-0.9280242919921875
3.0,-1.2184333801269531,-4.374591827392578
-6.0,-0.09967470169067383,0.9421577453613281
-1.0,-2.2089691162109375,-0.46153688430786133
1.0,1.096757411956787,0.20528006553649902
1.0,0.7429141998291016,0.13165283203125
-1.0,-0.2560439109802246,-0.010232210159301758
0.0,2.4844799041748047,-0.771826982498169
-2.0,0.396026611328125,0.04143571853637695
13.0,1.0261993408203125,-4.464016914367676
-17.0,0.7493267059326172,1.3076648712158203
7.0,5.227165222167969,-0.4296607971191406
-4.0,0.41309261322021484,0.18056106567382812
-1.0,8.305503845214844,3.4386215209960938
0.0,-3.559908866882324,-0.9904413223266602
2.0,5.37603759765625,3.006906509399414
1.0,-1.284989356994629,-0.3980293273925781
8.0,1.2598724365234375,-0.8599853515625
-11.0,-1.3384590148925781,-0.0583343505859375
-3.0,7.826103210449219,2.4243240356445312
-3.0,-7.975868225097656,-2.6338510513305664
4.0,-3.5517120361328125,1.7730979919433594
-4.0,-1.7321014404296875,-1.067953109741211
1.0,3.1481857299804688,-0.8617115020751953
-4.0,-3.9289956092834473,-1.9863739013671875
-2.0,-1.121368408203125,-0.42983245849609375
2.0,0.45991945266723633,0.13643956184387207
0.0,-0.5549278259277344,-0.12135457992553711
0.0,0.1344609260559082,-0.1744391918182373
2.0,1.966543197631836,-0.9068863391876221
-3.0,0.40178680419921875,-0.018223285675048828
8.0,1.3132705688476562,-7.531923294067383
-10.0,2.1463565826416016,7.101818084716797
3.0,4.374824523925781,-0.9984159469604492
1.0,1.3985753059387207,-0.0952763557434082
-4.0,2.875995635986328,0.11223411560058594
2.0,0.28810882568359375,0.36806488037109375
-5.0,1.8360939025878906,0.5335140228271484
6.0,-0.1986074447631836,-0.0691385269165039
-2.0,4.6167144775390625,0.2533893585205078
0.0,-1.6334137916564941,0.23770809173583984
-4.0,3.3201446533203125,3.1684818267822266
1.0,-3.5256900787353516,-1.2688570022583008
3.0,2.5951461791992188,4.634300231933594
-2.0,-2.3953380584716797,-3.9521656036376953
1.0,-1.1420516967773438,-5.263683319091797
-4.0,-1.7221522331237793,0.35634756088256836
0.0,-0.6210575103759766,-0.14554119110107422
0.0,-0.10077333450317383,-0.1127159595489502
-1.0,-0.13167619705200195,0.14954137802124023
1.0,-0.23134136199951172,-0.04696011543273926
4.0,3.652921676635742,-0.7820620536804199
-3.0,0.05702042579650879,0.03863024711608887
13.0,4.159934997558594,-3.408529281616211
-11.0,3.1833972930908203,4.686885833740234
9.0,7.041908264160156,1.4325532913208008
-6.0,0.5681967735290527,-0.0010995864868164062
-2.0,8.772933959960938,-1.89422607421875
-2.0,-4.083624839782715,-0.03371238708496094
7.0,2.0125885009765625,0.23848342895507812
-5.0,-1.3329486846923828,-0.5012569427490234
6.0,3.634929656982422,0.10436820983886719
-8.0,-3.3517489433288574,-0.3582115173339844
6.0,6.970756530761719,12.290878295898438
-4.0,-4.073383331298828,-4.337218284606934
5.0,6.656768798828125,5.532621383666992
0.0,-2.8987865447998047,-5.98454475402832
0.0,5.679420471191406,-0.2550315856933594
-1.0,-4.202451229095459,-0.6144304275512695
0.0,0.5470056533813477,-0.13966083526611328
1.0,-0.01044607162475586,-0.0033142566680908203
1.0,0.28048038482666016,-0.16286754608154297
-1.0,-0.050653934478759766,0.016005992889404297
2.0,1.3312759399414062,0.23057270050048828
-2.0,-0.6117959022521973,0.061089396476745605
6.0,1.9156341552734375,1.0786285400390625
-6.0,-0.35417938232421875,-1.3903675079345703
4.0,2.5356597900390625,4.351295471191406
-2.0,-0.4533815383911133,0.1186985969543457
-4.0,-5.503620147705078,-1.199636459350586
4.0,0.7759456634521484,-0.5121521949768066
2.0,-0.06343841552734375,2.213092803955078
1.0,-1.493783950805664,-0.2926478385925293
3.0,2.1610488891601562,-0.15964698791503906
-4.0,0.6250424385070801,-0.1763300895690918
-4.0,2.9102096557617188,-3.6241817474365234
1.0,-3.4019079208374023,1.1221961975097656
-2.0,-5.208793640136719,-3.569732666015625
-4.0,1.1587486267089844,-2.0687179565429688
2.0,-2.9734535217285156,-2.0804500579833984
-3.0,1.8358306884765625,1.4073724746704102
1.0,-0.5430326461791992,-0.055489540100097656
0.0,0.2804238796234131,-0.020929574966430664
1.0,0.6432719230651855,-0.14988279342651367
-1.0,-0.09456205368041992,0.02551126480102539
1.0,-0.6892738342285156,0.013691425323486328
-2.0,0.06698799133300781,-0.006281018257141113
7.0,-2.9308815002441406,-1.6584081649780273
-11.0,-0.39665794372558594,-1.2216968536376953
7.0,3.8550033569335938,4.1211042404174805
-5.0,-0.9747834205627441,0.12253236770629883
2.0,4.721393585205078,3.5216598510742188
0.0,-2.7560606002807617,-1.3372817039489746
8.0,0.23343658447265625,1.5493412017822266
-5.0,-1.0391020774841309,-0.43968868255615234
11.0,-0.7580718994140625,-0.9176864624023438
-11.0,0.7015957832336426,-0.5017318725585938
2.0,9.150955200195312,-2.097879409790039
-5.0,-8.9625883102417,-2.2744932174682617
1.0,-8.204048156738281,-1.6088085174560547
-5.0,0.11353302001953125,-2.208646774291992
0.0,1.3931655883789062,1.4324302673339844
-1.0,-1.993490219116211,-1.5211591720581055
0.0,0.5445680618286133,-0.023785114288330078
1.0,-0.3564140796661377,-0.08977007865905762
0.0,-0.6545701026916504,-0.4028902053833008
0.0,0.2959427833557129,-0.13869571685791016
3.0,-1.2072105407714844,-0.1213679313659668
-3.0,0.07274818420410156,-0.0659400224685669
2.0,-2.643810272216797,-4.726314544677734
-4.0,1.0003719329833984,4.572456359863281
3.0,3.0026626586914062,3.552349090576172
0.0,0.010699272155761719,-0.1533050537109375
-1.0,-0.7081146240234375,0.19527244567871094
2.0,1.0919570922851562,0.021224498748779297
1.0,-3.306507110595703,-0.9240512847900391
0.0,0.04727983474731445,-0.11079788208007812
1.0,2.5987701416015625,0.19568824768066406
0.0,0.40664100646972656,-0.2056894302368164
1.0,4.644996643066406,-1.3537216186523438
-1.0,-4.5124101638793945,-0.9094991683959961
0.0,-2.05718994140625,1.2523937225341797
-3.0,-0.5497035980224609,-5.092859268188477
0.0,-2.8970718383789062,-2.969541549682617
-1.0,0.21335315704345703,0.8215622901916504
2.0,1.0448789596557617,0.26050615310668945
-1.0,-0.9171068668365479,-0.3389256000518799
-1.0,-0.23131847381591797,-0.13199424743652344
1.0,-0.06985950469970703,-0.01121664047241211
5.0,0.4791679382324219,0.0034563541412353516
-3.0,-0.2720181941986084,-0.0090864896774292
7.0,0.20285415649414062,-0.6029205322265625
-5.0,2.037412643432617,2.1575241088867188
9.0,5.669746398925781,5.983318328857422
-7.0,-0.8196792602539062,-0.0591282844543457
1.0,5.188823699951172,-1.811187744140625
-2.0,-3.2797765731811523,-0.3805527687072754
13.0,-3.1300125122070312,-1.2190818786621094
-11.0,-1.0870614051818848,-0.5429162979125977
9.0,1.6169853210449219,0.04666709899902344
-8.0,-1.3116941452026367,-0.8016090393066406
11.0,8.295608520507812,7.768674850463867
-6.0,-5.060103416442871,-3.977860450744629
2.0,2.0044326782226562,2.150714874267578
-1.0,-1.053152084350586,-7.125238418579102
-1.0,3.9244003295898438,2.0391101837158203
2.0,-2.2669458389282227,-0.1492156982421875
1.0,-1.0900382995605469,0.08417129516601562
-1.0,0.29086995124816895,-0.017615318298339844
0.0,0.3627915382385254,0.012984752655029297
0.0,-0.043908119201660156,0.009505271911621094
-1.0,-2.020549774169922,-0.21688127517700195
0.0,0.6787838935852051,-0.06737041473388672
1.0,-4.846515655517578,-2.73703670501709
-5.0,-0.04247856140136719,0.168670654296875
3.0,1.3193435668945312,-0.23019123077392578
-3.0,-0.5214018821716309,0.003833770751953125
6.0,10.225013732910156,4.721296310424805
-4.0,-3.53200626373291,-0.825129508972168
6.0,0.296875,-0.6637516021728516
-6.0,0.4546818733215332,-0.14704084396362305
8.0,-2.9191207885742188,-0.7580394744873047
-7.0,0.0765533447265625,-0.32540178298950195
6.0,6.240745544433594,1.5263023376464844
-6.0,-5.560680389404297,-3.3966894149780273
3.0,-2.9952545166015625,1.9609241485595703
-1.0,-1.0452156066894531,-0.13992881774902344
-2.0,4.366619110107422,3.512880325317383
2.0,-3.8293209075927734,-2.9285316467285156
0.0,-0.002437591552734375,0.1158757209777832
0.0,-0.34596800804138184,-0.0864558219909668
-1.0,-0.9350504875183105,-0.2400226593017578
1.0,0.34659671783447266,-0.15470170974731445
1.0,-2.5384864807128906,-0.3519406318664551
-1.0,0.6845440864562988,-0.1270294189453125
-4.0,-4.559444427490234,-5.804943084716797
2.0,1.3545513153076172,5.962823867797852
-1.0,0.46700286865234375,-0.7989463806152344
2.0,0.464080810546875,-0.2720036506652832
3.0,4.795505523681641,1.3949089050292969
-2.0,0.3160114288330078,0.5333766937255859
-1.0,-3.2430686950683594,-3.137144088745117
-1.0,1.5410637855529785,0.18184995651245117
-2.0,0.43772125244140625,0.3553352355957031
4.0,-0.21840143203735352,-0.02935934066772461
5.0,1.7347869873046875,2.2704601287841797
-2.0,-1.1105022430419922,-2.0316953659057617
2.0,3.1516036987304688,4.822126388549805
1.0,-1.7084522247314453,-3.024141311645508
-2.0,0.07638168334960938,-0.8890914916992188
2.0,-1.6224775314331055,-0.5858101844787598
2.0,0.49787330627441406,0.40016698837280273
-2.0,-0.906660795211792,-0.33561134338378906
-2.0,-0.5117988586425781,0.03087329864501953
2.0,-0.019205570220947266,-0.027222633361816406
3.0,-0.8521080017089844,-0.22711634635925293
-1.0,0.33977770805358887,-0.0701758861541748
1.0,-1.7127799987792969,-1.681549072265625
1.0,2.391592025756836,3.547891616821289
5.0,3.1340866088867188,1.6320228576660156
-5.0,-0.36629772186279297,-0.1778268814086914
5.0,10.69244384765625,-0.6115512847900391
-6.0,-4.055722236633301,0.13159942626953125
11.0,-3.0665740966796875,-3.4321746826171875
-12.0,0.4067225456237793,-0.25026845932006836
6.0,-0.5440635681152344,0.2063140869140625
-4.0,-1.9367365837097168,-0.6252789497375488
15.0,5.385398864746094,11.39285659790039
-7.0,-1.6581954956054688,-5.1000566482543945
4.0,7.213226318359375,5.720447540283203
3.0,-2.2119007110595703,-5.056520462036133
-3.0,6.897853851318359,4.119560241699219
5.0,-4.102776527404785,-1.5565881729125977
-1.0,1.0876007080078125,0.03170442581176758
1.0,-0.6368379592895508,-0.06884050369262695
-1.0,-1.297842025756836,-0.2530074119567871
1.0,0.3905048370361328,-0.16420698165893555
2.0,-0.5179367065429688,-0.13505935668945312
-1.0,0.00576019287109375,-0.05965900421142578
-5.0,0.28707122802734375,-3.067906379699707
7.0,1.3970298767089844,5.794153213500977
-4.0,-0.8523406982421875,-0.5687551498413086
5.0,0.9854826927185059,-0.27583742141723633
-3.0,-5.429508209228516,-3.326387405395508
2.0,3.848017692565918,1.358506202697754
-7.0,-3.5399436950683594,-2.4733924865722656
5.0,1.0863819122314453,0.3288908004760742
-10.0,3.356842041015625,1.1133747100830078
11.0,-0.294954776763916,0.29604244232177734
-1.0,-4.505958557128906,0.7441577911376953
4.0,4.450178146362305,1.3649940490722656
-1.0,6.146858215332031,2.8612022399902344
2.0,-0.6632366180419922,-2.8842124938964844
0.0,-4.2902374267578125,-4.401971817016602
0.0,2.206843376159668,2.342721462249756
1.0,1.587911605834961,0.3159956932067871
-1.0,-1.197530746459961,-0.3179960250854492
-2.0,-0.8745903968811035,0.017888545989990234
2.0,0.02470254898071289,-0.0367279052734375
4.0,1.1684417724609375,-0.010235071182250977
-1.0,-0.3390061855316162,-0.002805471420288086
0.0,3.1337356567382812,1.0554876327514648
6.0,2.434070587158203,3.379220962524414
2.0,1.8147430419921875,1.8622140884399414
-2.0,0.1551041603088379,-0.18166065216064453
-1.0,0.46743011474609375,-5.332847595214844
-2.0,-0.5237159729003906,0.9567289352416992
5.0,-3.3634490966796875,-2.768423080444336
-6.0,-0.047959327697753906,-0.10322761535644531
-2.0,2.3750572204589844,0.9643535614013672
3.0,-2.0132899284362793,-0.2998771667480469
9.0,-0.8553466796875,9.866554260253906
-1.0,3.902484893798828,-1.7033672332763672
1.0,10.208480834960938,3.759523391723633
4.0,-1.1666851043701172,-4.916591644287109
-1.0,2.5312347412109375,0.6066799163818359
3.0,-0.2734556198120117,1.371943473815918
2.0,0.5003108978271484,0.28429126739501953
-2.0,-0.5606927871704102,-0.24915552139282227
-1.0,0.4232516288757324,0.27089595794677734
1.0,-0.3658022880554199,0.12747907638549805
2.0,1.6863784790039062,0.12482428550720215
0.0,-0.34476637840270996,0.056853532791137695
5.0,2.8466644287109375,4.123394012451172
-1.0,1.0370407104492188,-2.4149322509765625
6.0,2.667083740234375,2.43096923828125
-7.0,-0.830378532409668,0.0941767692565918
2.0,5.896938323974609,-2.006460189819336
-4.0,-4.371733665466309,-0.4017772674560547
12.0,0.17649459838867188,-0.2950305938720703
-11.0,-1.1343412399291992,-0.43211841583251953
8.0,-0.9817848205566406,-0.14902114868164062
-8.0,-1.7183351516723633,-0.5959196090698242
10.0,3.6506118774414062,9.122396469116211
-5.0,-0.5476932525634766,-3.068361282348633
2.0,4.061622619628906,0.8983211517333984
2.0,-0.503448486328125,-2.032379150390625
-1.0,6.82147216796875,5.0086517333984375
3.0,-2.4802989959716797,-0.9707779884338379
0.0,0.0,0.0
0.0,0.0,0.0
0.0,0.33378171920776367,0.0
0.0,0.16329336166381836,0.0
-1.0,-0.29563331604003906,0.09920167922973633
0.0,0.6952462196350098,0.10635209083557129
4.0,3.9337921142578125,0.030806541442871094
-3.0,0.570925235748291,0.069488525390625
-6.0,3.8617591857910156,-3.9412307739257812
2.0,0.5904192924499512,-0.01953721046447754
-4.0,2.3107223510742188,0.6472301483154297
4.0,-0.40633535385131836,0.07801008224487305
-6.0,-1.6093330383300781,-8.560522079467773
0.0,-0.6178855895996094,0.529381275177002
2.0,3.846790313720703,-0.33889198303222656
-3.0,-1.1162710189819336,-0.4580702781677246
-9.0,-4.217067718505859,2.4014434814453125
3.0,0.38730621337890625,0.10537338256835938
8.0,-4.189399719238281,0.00655364990234375
-5.0,4.364568710327148,1.307401180267334
-3.0,-0.818267822265625,4.205905914306641
2.0,-1.2407188415527344,0.20289134979248047
-2.0,-2.4212160110473633,-2.8361473083496094
1.0,1.1280288696289062,2.1447134017944336
2.0,0.6236062049865723,0.08453714847564697
-2.0,0.6094579696655273,0.32973527908325195
0.0,-0.5831089019775391,-0.09872722625732422
0.0,0.4665684700012207,0.04274272918701172
1.0,2.7141494750976562,-0.28922414779663086
0.0,1.2804293632507324,0.008932828903198242
1.0,4.72259521484375,-2.3991432189941406
-5.0,0.4488248825073242,0.005731344223022461
-3.0,3.81964111328125,1.1495552062988281
4.0,-1.7385773658752441,-0.4492068290710449
-6.0,0.5895843505859375,-1.9983673095703125
4.0,-0.3461751937866211,0.3840980529785156
0.0,4.0385894775390625,-1.233957290649414
0.0,-0.20429086685180664,0.09726381301879883
-8.0,-2.4797630310058594,0.5482025146484375
3.0,-0.8050422668457031,-0.6793766021728516
3.0,-4.4581451416015625,0.023288726806640625
0.0,4.672021865844727,0.556694507598877
0.0,0.9228515625,2.5891265869140625
0.0,-2.3742918968200684,-0.688237190246582
9.0,2.0163774490356445,-0.3271644115447998
-7.0,-0.48065948486328125,1.1531867980957031
-2.0,0.7606401443481445,-0.36495816707611084
2.0,1.484304428100586,0.18565607070922852
-1.0,0.2606496810913086,0.4161825180053711
0.0,-0.015614032745361328,-0.12618112564086914
4.0,7.121524810791016,-0.17803168296813965
-2.0,-0.38156986236572266,-0.020397186279296875
0.0,4.204185485839844,-5.591531753540039
-5.0,-0.6125497817993164,-0.17346835136413574
3.0,5.736930847167969,1.5912609100341797
0.0,-0.9404091835021973,-0.05831193923950195
-1.0,0.7794570922851562,-2.95914363861084
-1.0,0.7721147537231445,-0.35263824462890625
-1.0,4.042236328125,-1.4252395629882812
-1.0,-1.1395840644836426,-0.8802399635314941
4.0,3.790660858154297,-1.8778572082519531
-7.0,-5.682888031005859,-1.2777900695800781
6.0,-4.816230773925781,-3.2002334594726562
-6.0,4.950994491577148,0.4459710121154785
7.0,0.67718505859375,7.432649612426758
-1.0,-2.1613659858703613,-1.657045841217041
-2.0,-1.3470792770385742,-1.5202922821044922
3.0,2.9029083251953125,1.6677818298339844
0.0,0.5918641090393066,-0.249228835105896
0.0,1.358231544494629,0.21877360343933105
-2.0,-1.459207534790039,0.3725552558898926
1.0,0.48740148544311523,0.12406742572784424
1.0,3.5660629272460938,-0.3689589500427246
-1.0,0.9543972015380859,0.003807544708251953
0.0,3.5810928344726562,-1.4014911651611328
0.0,0.2902698516845703,0.0954282283782959
-3.0,4.195133209228516,1.0298004150390625
3.0,-0.5542082786560059,0.17718505859375
-4.0,0.024799346923828125,-3.529679298400879
0.0,-2.610799789428711,-1.5105772018432617
-1.0,6.8265533447265625,-0.5340461730957031
0.0,-0.7357645034790039,0.018586158752441406
-2.0,-4.194770812988281,0.07183074951171875
2.0,0.9603557586669922,0.7074251174926758
4.0,-3.9364547729492188,0.39713287353515625
-1.0,6.253143787384033,0.8688244819641113
-5.0,1.1077003479003906,0.831817626953125
4.0,-1.1091523170471191,-0.2280101776123047
3.0,-0.5436620712280273,-1.2501111030578613
-3.0,0.8574924468994141,1.0878868103027344
-2.0,0.7139139175415039,-0.5504938364028931
2.0,1.430410385131836,0.12178826332092285
2.0,0.012292861938476562,0.31649303436279297
-2.0,0.32596254348754883,0.11085915565490723
9.0,3.952878952026367,-0.17340874671936035
-6.0,0.36762571334838867,-0.0007054805755615234
2.0,4.4755401611328125,-4.217988967895508
-7.0,-0.9816875457763672,-0.1355748176574707
4.0,8.855392456054688,1.1773414611816406
-2.0,-3.264512538909912,-0.4355740547180176
3.0,1.9205741882324219,-3.1915950775146484
-3.0,0.2886772155761719,-0.24016380310058594
3.0,2.772369384765625,-1.5728225708007812
-3.0,-1.1109962463378906,-1.2339582443237305
2.0,-5.898063659667969,1.2395820617675781
-5.0,3.775395393371582,0.5088424682617188
2.0,-3.9025497436523438,-0.671630859375
-2.0,4.046980857849121,1.223525047302246
3.0,0.37766265869140625,5.0978851318359375
1.0,-2.5577645301818848,-0.6587314605712891
-2.0,-2.4212160110473633,-2.8361473083496094
1.0,1.1280288696289062,2.1447134017944336
2.0,0.2898244857788086,0.08453714847564697
-2.0,0.446164608001709,0.32973527908325195
1.0,-0.2874755859375,-0.19792890548706055
0.0,-0.22867774963378906,-0.06360936164855957
-3.0,-1.2196426391601562,-0.32003068923950195
3.0,0.7095041275024414,-0.06055569648742676
7.0,0.8608360290527344,1.5420875549316406
-7.0,-0.14159440994262695,0.0252685546875
1.0,1.5089187622070312,0.5023250579833984
0.0,-1.3322420120239258,-0.527216911315918
0.0,2.1989173889160156,6.562154769897461
4.0,0.2717103958129883,-0.14528322219848633
-2.0,0.19179916381835938,-0.8950653076171875
3.0,0.911980152130127,0.5553340911865234
1.0,1.7373046875,-1.853240966796875
0.0,-1.1923484802246094,-0.7847499847412109
-5.0,-0.26874542236328125,0.016735076904296875
5.0,0.3074531555175781,-0.750706672668457
3.0,1.741119384765625,-1.6167793273925781
-2.0,-1.133573055267334,-0.8911285400390625
9.0,2.0163774490356445,-0.3271644115447998
-7.0,-0.48065948486328125,1.1531867980957031
-2.0,0.42685842514038086,-0.36495816707611084
2.0,1.3210110664367676,0.18565607070922852
0.0,0.5562829971313477,0.31698083877563477
0.0,-0.7108602523803711,-0.23253321647644043
0.0,3.187732696533203,-0.20883822441101074
1.0,-0.9524950981140137,-0.08988571166992188
6.0,0.3424263000488281,-1.6503009796142578
-7.0,-1.2029690742492676,-0.1539311408996582
7.0,3.42620849609375,0.94403076171875
-4.0,-0.5340738296508789,-0.136322021484375
5.0,2.3887901306152344,5.601378440856934
-1.0,1.390000343322754,-0.8820195198059082
-3.0,0.19544601440429688,-1.0863475799560547
2.0,-0.023313045501708984,-0.42216968536376953
13.0,8.007728576660156,-4.279300689697266
-10.0,-6.070194244384766,-1.3831634521484375
-2.0,-0.6268310546875,-3.206787109375
-1.0,0.58642578125,-0.8614301681518555
10.0,1.495452880859375,3.226743698120117
-3.0,-0.920647144317627,-1.8599371910095215
-2.0,-1.3470792770385742,-1.5202922821044922
3.0,2.9029083251953125,1.6677818298339844
0.0,0.25808238983154297,-0.249228835105896
0.0,1.1949381828308105,0.21877360343933105
-1.0,-1.16357421875,0.27335357666015625
1.0,-0.20784473419189453,0.01771533489227295
-3.0,-0.36772918701171875,-0.3997654914855957
2.0,0.3834719657897949,-0.06568098068237305
6.0,-0.2806663513183594,2.5397396087646484
-2.0,-0.30014944076538086,0.11496543884277344
1.0,1.8844108581542969,0.3825702667236328
-1.0,-0.1478729248046875,0.09917497634887695
2.0,1.6341323852539062,5.0308427810668945
0.0,-1.9929141998291016,-2.0399584770202637
-3.0,2.9797630310058594,-0.19515419006347656
3.0,0.3805065155029297,0.476656436920166
7.0,0.022296905517578125,-2.3296127319335938
-1.0,0.5730495452880859,0.6020517349243164
-4.0,0.2529449462890625,0.3905792236328125
4.0,1.8885750770568848,-0.43857669830322266
-2.0,1.9259681701660156,-3.3740882873535156
2.0,0.13156652450561523,-0.43090152740478516
3.0,-0.5436620712280273,-1.2501111030578613
-3.0,0.8574924468994141,1.0878868103027344
-2.0,0.38013219833374023,-0.5504938364028931
2.0,1.2671170234680176,0.12178826332092285
3.0,0.3079261779785156,0.21729135513305664
-2.0,-0.36928367614746094,0.0045070648193359375
5.0,0.019086837768554688,-0.20421528816223145
-3.0,-0.20329952239990234,-0.07019400596618652
8.0,0.6137809753417969,-0.27675819396972656
-9.0,-1.5721068382263184,-0.11603760719299316
8.0,6.544670104980469,0.5301113128662109
-6.0,-2.8581771850585938,-0.5135841369628906
9.0,3.5299072265625,5.368927001953125
-3.0,0.9065628051757812,-0.7695450782775879
1.0,-1.0744209289550781,-1.2339305877685547
0.0,0.005274772644042969,-0.7758879661560059
11.0,-1.6809959411621094,-1.1618614196777344
-8.0,3.388089179992676,0.4034690856933594
-6.0,0.2868499755859375,-0.6781845092773438
3.0,-0.31758785247802734,-0.08387613296508789
6.0,1.1959304809570312,0.8919792175292969
-1.0,-1.3170456886291504,-0.8616228103637695
11.0,4.437593460083008,2.5089828968048096
-8.0,-1.6086883544921875,-0.9915266036987305
-4.0,0.13703393936157227,-0.4494953155517578
4.0,0.8748464584350586,-0.14407920837402344
-1.0,0.8437585830688477,0.5149097442626953
0.0,-0.48218250274658203,-0.16892385482788086
3.0,4.407375335693359,0.11119246482849121
-2.0,-1.661999225616455,-0.029330015182495117
-1.0,-0.5184097290039062,-3.1923885345458984
0.0,-1.0613746643066406,-0.1791996955871582
6.0,1.9172897338867188,0.44170570373535156
-4.0,0.7981681823730469,0.39089488983154297
5.0,0.18987274169921875,-0.9607763290405273
-5.0,1.1182899475097656,-0.7367362976074219
-1.0,0.0036468505859375,-0.1912822723388672
-1.0,-0.9352931976318359,-0.977503776550293
12.0,6.270423889160156,-2.4260597229003906
-10.0,-4.877845764160156,-0.5984134674072266
3.0,-0.35808563232421875,-3.223522186279297
-6.0,0.2789726257324219,-0.11072349548339844
7.0,-0.24566650390625,4.843523025512695
-1.0,0.21292591094970703,-0.968808650970459
0.0,1.074136734008789,1.3158550262451172
2.0,1.7748794555664062,-0.4769315719604492
-2.0,-0.031742095947265625,-0.33376598358154297
2.0,0.7487735748291016,-0.1109616756439209
-2.0,-0.8760986328125,0.4712824821472168
1.0,0.02083301544189453,0.08132469654083252
0.0,0.8519134521484375,-0.07973480224609375
-1.0,-0.3260321617126465,-0.005125284194946289
-1.0,-1.1415023803710938,0.9976520538330078
5.0,-0.1585550308227539,0.08969688415527344
0.0,0.3754920959472656,-0.11975479125976562
-1.0,1.1843690872192383,0.6263918876647949
2.0,-0.5647850036621094,-1.5313119888305664
-4.0,-2.26462459564209,-1.8946752548217773
-1.0,2.7879638671875,0.6999111175537109
0.0,-0.5314736366271973,-0.07867765426635742
6.0,-1.7150077819824219,-0.47637176513671875
-1.0,1.7653980255126953,1.3868017196655273
1.0,0.5216903686523438,0.3738441467285156
-1.0,1.5811219215393066,0.3121299743652344
-5.0,0.18484878540039062,-1.7573089599609375
4.0,1.2651395797729492,0.46022701263427734
5.0,1.877553939819336,1.586036205291748
-4.0,-0.2705364227294922,-1.0568265914916992
-4.0,0.09030771255493164,-0.63503098487854
4.0,0.8209524154663086,-0.2079470157623291
2.0,0.5954017639160156,0.4152202606201172
-2.0,-0.14060592651367188,0.06811642646789551
8.0,1.238729476928711,0.11581540107727051
-6.0,-0.9128036499023438,-0.009638309478759766
1.0,-0.2470550537109375,-1.8188457489013672
-2.0,-1.4305124282836914,-0.14130616188049316
7.0,5.0357513427734375,0.0277862548828125
-6.0,-1.525935173034668,0.013632774353027344
9.0,1.3309898376464844,-1.193227767944336
-7.0,0.634852409362793,-0.6242618560791016
3.0,-1.2662200927734375,-0.3388652801513672
-3.0,-0.906705379486084,-1.3312220573425293
10.0,-3.4183006286621094,0.6913795471191406
-8.0,4.580437660217285,1.1882190704345703
-1.0,0.5555953979492188,-0.6949195861816406
-2.0,-0.6250410079956055,0.6668305397033691
3.0,-0.5451889038085938,2.508758544921875
1.0,-0.1834726333618164,0.02950572967529297
-11.0,-3.3634567260742188,-1.1931278705596924
10.0,3.3835678100585938,0.5145950317382812
2.0,-0.1687760353088379,0.11572933197021484
-2.0,-0.12607288360595703,0.03311753273010254
-1.0,-1.7198572158813477,-0.043627262115478516
1.0,0.5030155181884766,0.2502485513687134
-3.0,-3.555461883544922,-0.19092726707458496
1.0,1.3359670639038086,0.024204730987548828
0.0,-0.6230926513671875,4.190040588378906
5.0,0.9028196334838867,0.26889657974243164
-6.0,-1.5417976379394531,-0.5614604949951172
3.0,0.3862009048461914,0.23549699783325195
-3.0,-0.7546577453613281,-0.5705356597900391
1.0,-3.3829145431518555,-1.1579389572143555
0.0,2.7843170166015625,0.8911933898925781
1.0,0.40381956100463867,0.8988261222839355
-6.0,-7.985431671142578,1.9496879577636719
9.0,6.643243789672852,1.985215187072754
-2.0,0.8797760009765625,3.5973663330078125
5.0,1.3021492958068848,0.4228534698486328
-12.0,0.4305152893066406,-6.600831985473633
5.0,1.0522136688232422,1.4290356636047363
-6.0,-2.560039520263672,-0.9229466915130615
4.0,1.3381519317626953,-0.06529998779296875
0.0,-0.046726226806640625,-0.18553566932678223
0.0,-0.05389404296875,-0.06386780738830566
3.0,-0.24835681915283203,-0.09968948364257812
-2.0,0.34157657623291016,0.23704028129577637
5.0,-3.1686458587646484,0.004622936248779297
-4.0,0.7491955757141113,0.01969170570373535
2.0,0.27135467529296875,1.3735427856445312
-2.0,-0.3691377639770508,0.03789353370666504
1.0,3.1184616088867188,-0.41391944885253906
-2.0,-2.324103355407715,-0.3772621154785156
4.0,1.1411170959472656,-0.2324514389038086
-2.0,-0.48343753814697266,0.11247444152832031
4.0,-1.269866943359375,-0.1475830078125
-2.0,0.028587818145751953,-0.35371828079223633
-2.0,-9.688724517822266,3.1174392700195312
2.0,9.458283424377441,1.7866325378417969
-4.0,0.9136810302734375,2.5286026000976562
4.0,-0.9040136337280273,0.7775540351867676
-4.0,-0.29952239990234375,-2.3347644805908203
2.0,-0.39639854431152344,0.998314380645752
5.0,0.8034172058105469,0.27018117904663086
-6.0,-2.0454158782958984,-0.57989501953125
-2.0,0.12204980850219727,-0.30126500129699707
2.0,0.07217884063720703,-0.0969853401184082
4.0,1.4715003967285156,-0.05606222152709961
-3.0,-0.1614389419555664,-0.013208270072937012
8.0,0.38681602478027344,0.19555020332336426
-5.0,-0.5867714881896973,-0.0045130252838134766
2.0,0.8944473266601562,-2.816497802734375
-7.0,-1.2719573974609375,-0.2310030460357666
7.0,4.660259246826172,0.14754104614257812
-5.0,-2.7103042602539062,-0.6127591133117676
7.0,1.8957748413085938,0.33808422088623047
-3.0,2.899477005004883,1.2704133987426758
4.0,-4.0541839599609375,-1.0387763977050781
-3.0,-0.3752317428588867,-1.2525444030761719
4.0,-1.7032928466796875,1.1677513122558594
-7.0,2.81503963470459,-0.19858264923095703
-2.0,0.033905029296875,-1.0687637329101562
-1.0,-2.206162929534912,0.35470056533813477
8.0,-0.7300376892089844,4.2660675048828125
-3.0,-1.4486122131347656,-0.4307212829589844
0.0,4.128469467163086,-0.4364914894104004
-1.0,0.2683851718902588,0.07133936882019043
-1.0,3.738208770751953,0.11136746406555176
1.0,0.16800713539123535,0.02364516258239746
2.0,9.276937484741211,0.41461730003356934
-1.0,1.6386923789978027,0.12752187252044678
-3.0,1.073883056640625,-2.6535167694091797
-1.0,-1.9886579513549805,-0.015257835388183594
1.0,8.113327026367188,1.2689971923828125
1.0,-0.2465205192565918,0.18619632720947266
-3.0,10.736190795898438,-0.2873706817626953
2.0,0.5821762084960938,0.35354042053222656
-1.0,2.736919403076172,2.6226634979248047
1.0,-1.0240750312805176,0.14671707153320312
5.0,5.3703765869140625,1.530160903930664
-7.0,-1.9179096221923828,0.19892501831054688
-6.0,10.205230712890625,0.21556472778320312
2.0,-3.399203300476074,0.7650327682495117
3.0,5.1555938720703125,-1.0079078674316406
-4.0,-1.272486686706543,-1.117659568786621
4.0,10.421089172363281,3.76983642578125
-1.0,-0.009065389633178711,0.2793760299682617
1.0,4.318655967712402,0.5849299430847168
-1.0,0.10394096374511719,0.10829269886016846
0.0,3.592226982116699,0.12091326713562012
0.0,0.24418163299560547,0.036389827728271484
3.0,8.696950912475586,0.24610352516174316
-2.0,1.8260173797607422,0.09899067878723145
-3.0,-4.057075500488281,-2.8793411254882812
2.0,-3.0106868743896484,-0.2680544853210449
4.0,6.880485534667969,4.724508285522461
-2.0,-1.2022113800048828,-1.4076118469238281
0.0,14.162704467773438,-0.7132472991943359
-2.0,-0.12716102600097656,0.27538299560546875
0.0,3.045429229736328,3.178953170776367
-1.0,-1.5432004928588867,0.08353948593139648
9.0,6.2393035888671875,3.3401145935058594
-9.0,-2.538940906524658,0.06941461563110352
3.0,12.677200317382812,-0.3834972381591797
-7.0,-4.790287017822266,0.22144222259521484
3.0,2.6403121948242188,-1.1730194091796875
-3.0,-0.9241123199462891,-0.4999818801879883
5.0,14.3101806640625,5.17672061920166
-1.0,0.14481544494628906,0.2890620231628418
0.0,4.181197166442871,-1.051163673400879
-1.0,-0.34316253662109375,0.014800667762756348
-1.0,3.433497428894043,0.016199827194213867
1.0,0.28843939304351807,-0.004044294357299805
3.0,10.367837905883789,-0.8792674541473389
-3.0,-0.514103889465332,0.045510053634643555
0.0,12.13968276977539,2.2063064575195312
0.0,-10.651193618774414,-0.9933915138244629
8.0,8.650642395019531,1.5507793426513672
-9.0,-3.4737749099731445,-1.5780315399169922
4.0,25.589313507080078,2.539306640625
-4.0,-6.069129943847656,-0.0081329345703125
6.0,7.179473876953125,2.8951778411865234
-7.0,-4.46298885345459,0.10910415649414062
8.0,6.376953125,2.066692352294922
-12.0,-6.091004848480225,-0.770322322845459
7.0,13.963882446289062,-1.992034912109375
-9.0,-6.323473930358887,-0.28934478759765625
9.0,6.9129638671875,-1.7418937683105469
-11.0,-0.81829833984375,-0.23296260833740234
9.0,17.106201171875,2.7405433654785156
-6.0,-1.6517739295959473,0.044179677963256836
1.0,5.102132797241211,0.6091427803039551
-1.0,0.3046529293060303,0.10370528697967529
-1.0,3.3990817070007324,0.06066131591796875
1.0,0.3227982521057129,0.04119062423706055
2.0,7.97022819519043,0.6505794525146484
-2.0,1.0627622604370117,-0.004891395568847656
-1.0,0.3854217529296875,-0.455413818359375
3.0,-2.0021743774414062,-0.0945591926574707
6.0,3.3839569091796875,-1.2502689361572266
-4.0,0.010219573974609375,-0.22045612335205078
1.0,13.165916442871094,1.9563350677490234
-2.0,-0.05578756332397461,0.2699241638183594
3.0,3.4731826782226562,3.3220081329345703
-1.0,-0.6432037353515625,0.3450736999511719
7.0,8.119483947753906,3.031129837036133
-9.0,-2.527616024017334,-0.14804315567016602
4.0,18.933982849121094,1.307546615600586
-6.0,-7.261412620544434,0.6787796020507812
2.0,6.2805023193359375,-3.4788665771484375
-3.0,-1.0458288192749023,-0.13801002502441406
6.0,11.515087127685547,3.014227867126465
-4.0,0.40369391441345215,0.20516490936279297
1.0,5.035051345825195,-0.9867782592773438
-2.0,-1.3587167263031006,-0.09609544277191162
-1.0,4.588447570800781,0.054998040199279785
1.0,-0.44626522064208984,0.0645599365234375
9.0,9.714914321899414,-0.8046367168426514
-8.0,0.8512668609619141,0.15043282508850098
-3.0,7.799003601074219,0.7596664428710938
-1.0,-9.318124771118164,-0.2693634033203125
9.0,9.045074462890625,-0.6604785919189453
-7.0,-4.46656608581543,-0.6292867660522461
5.0,21.609710693359375,0.10987281799316406
-6.0,-6.344592094421387,-0.12623310089111328
9.0,6.216194152832031,-1.2833385467529297
-9.0,-5.170502662658691,-0.14658784866333008
19.0,11.326919555664062,4.667079925537109
-18.0,-7.534596920013428,-0.6290469169616699
1.0,13.959823608398438,-1.0287590026855469
-2.0,-5.149325370788574,-0.3774423599243164
15.0,2.868255615234375,-3.2289695739746094
-20.0,-2.327760696411133,-1.0875091552734375
12.0,16.651657104492188,1.5292387008666992
-12.0,-3.560811996459961,-0.12508773803710938
1.0,0.1901865005493164,1.0214214324951172
0.0,-0.1644442081451416,0.03695333003997803
1.0,-0.1459817886352539,0.00954580307006836
-1.0,0.07617449760437012,0.012744665145874023
1.0,-0.579986572265625,-0.16851377487182617
-1.0,0.18732500076293945,-0.028531193733215332
0.0,-5.130958557128906,-0.22582435607910156
3.0,-1.022028923034668,-0.25279664993286133
3.0,-1.2328414916992188,3.4555110931396484
-3.0,-0.955690860748291,-1.5938081741333008
3.0,3.426513671875,-0.4258766174316406
-4.0,-0.7093372344970703,-0.07815742492675781
1.0,0.30850982666015625,0.5562896728515625
-2.0,-0.5191254615783691,-0.06317758560180664
4.0,0.868927001953125,1.8099536895751953
-2.0,-0.6210312843322754,-0.12951040267944336
9.0,2.4719696044921875,-0.5990619659423828
-9.0,-1.3910837173461914,-0.5435905456542969
0.0,-2.5152816772460938,-0.16511154174804688
1.0,0.3483743667602539,0.6176776885986328
1.0,3.8890914916992188,1.4068841934204102
0.0,0.15388083457946777,0.009685993194580078
0.0,0.052727699279785156,-0.6146721839904785
0.0,-0.6115477085113525,-0.05653870105743408
0.0,-0.30471134185791016,-0.09516763687133789
0.0,0.12043225765228271,-0.027689456939697266
1.0,1.0909004211425781,-1.2938847541809082
-2.0,-2.1527962684631348,-0.08201181888580322
3.0,11.065799713134766,4.859823226928711
1.0,-8.662535667419434,-0.9781336784362793
7.0,0.5373153686523438,0.2817821502685547
-10.0,-3.2272543907165527,-1.7642278671264648
7.0,14.85312271118164,2.8266773223876953
-6.0,-6.65130615234375,-0.36167335510253906
7.0,4.442554473876953,0.27251434326171875
-8.0,-3.4389138221740723,-0.0376129150390625
3.0,1.0065765380859375,0.5365314483642578
-5.0,-4.173095226287842,-0.9692473411560059
13.0,3.7586517333984375,-2.207599639892578
-11.0,-2.9242706298828125,-1.054377555847168
6.0,1.7573699951171875,-0.7339859008789062
-7.0,0.45418834686279297,0.8846969604492188
5.0,6.685111999511719,-1.0292930603027344
-5.0,-1.6427085399627686,-0.23519635200500488
1.0,0.973663330078125,1.0456342697143555
0.0,0.036267757415771484,0.03236591815948486
0.0,-0.3391270637512207,-0.05070614814758301
0.0,0.15479111671447754,0.017545461654663086
0.0,-1.3067092895507812,0.2359621524810791
-1.0,-0.575930118560791,-0.13241326808929443
2.0,-0.6884613037109375,2.1981029510498047
4.0,-0.013516426086425781,-0.07930135726928711
5.0,-4.7293701171875,-2.519266128540039
-5.0,0.25674009323120117,-0.40665245056152344
4.0,2.4297256469726562,2.2437057495117188
-4.0,-0.6379637718200684,-0.08361625671386719
4.0,0.7362632751464844,0.6993446350097656
-2.0,0.3808712959289551,0.19835662841796875
2.0,2.7491073608398438,1.5009689331054688
-2.0,-0.6097064018249512,-0.3469681739807129
10.0,8.728752136230469,1.0919818878173828
-8.0,-3.8622093200683594,-0.08625316619873047
-1.0,1.124908447265625,-2.470958709716797
1.0,0.22665786743164062,0.979649543762207
2.0,1.0939979553222656,-0.7556085586547852
-3.0,0.41275930404663086,-0.07421112060546875
1.0,0.9065818786621094,-0.5502867698669434
-1.0,-1.6271018981933594,-0.16743481159210205
0.0,0.8502388000488281,-0.05636942386627197
0.0,-0.6142723560333252,0.04091477394104004
7.0,0.4379768371582031,-1.2192540168762207
-7.0,-0.7874255180358887,0.0229109525680542
0.0,6.725120544433594,3.4131832122802734
0.0,-7.329466819763184,-0.2541055679321289
8.0,0.9317474365234375,-1.9294757843017578
-8.0,-4.220045566558838,-0.8154830932617188
8.0,10.873519897460938,0.3972434997558594
-8.0,-6.9267683029174805,-0.47977352142333984
10.0,3.4792747497558594,-3.9060020446777344
-10.0,-4.146427631378174,-0.2933049201965332
14.0,5.95654296875,3.1369190216064453
-11.0,-5.616687297821045,-0.8279719352722168
7.0,3.7545928955078125,-1.24432373046875
-4.0,-1.7501220703125,-1.1424751281738281
12.0,-2.2873382568359375,-2.2210617065429688
-16.0,-1.0552740097045898,0.030150413513183594
8.0,6.230567932128906,-2.240597724914551
-11.0,-3.5517466068267822,-0.4044637680053711
-1.0,-0.13745880126953125,-1.6360936164855957
0.0,-0.44710350036621094,-0.09349203109741211
-1.0,-0.15872955322265625,-0.10471343994140625
1.0,0.0442577600479126,-0.04043412208557129
0.0,1.6708869934082031,-1.125370979309082
-1.0,-2.340121269226074,-0.05348062515258789
3.0,16.196758270263672,5.0856475830078125
-2.0,-7.640506744384766,-0.725337028503418
4.0,1.7701568603515625,-3.1737289428710938
-7.0,-2.2715635299682617,-0.17041969299316406
4.0,11.42660903930664,3.252553939819336
-2.0,-5.94196891784668,-0.28351593017578125
6.0,4.134044647216797,-0.28377532958984375
-6.0,-2.919788360595703,0.02556467056274414
-1.0,0.1376495361328125,-1.2734222412109375
-3.0,-3.5520639419555664,-0.8397369384765625
4.0,1.28668212890625,-1.6085376739501953
-2.0,-1.533186912536621,-0.5107870101928711
6.0,4.272651672363281,-0.5688743591308594
-8.0,0.10581398010253906,0.26701927185058594
4.0,2.7960205078125,-2.4361772537231445
-5.0,-1.7965893745422363,-0.24488234519958496
0.0,0.7834768295288086,0.02421283721923828
0.0,0.20071196556091309,-0.004587411880493164
-1.0,-0.1931452751159668,-0.06025195121765137
1.0,0.07861661911010742,0.0048007965087890625
-1.0,-0.7267227172851562,0.4044759273529053
0.0,-0.7632551193237305,-0.1038820743560791
2.0,4.442497253417969,2.4239273071289062
1.0,1.0085124969482422,0.17349529266357422
2.0,-3.4965286254882812,-5.9747772216796875
-2.0,1.2124309539794922,1.1871557235717773
1.0,-0.9967880249023438,2.6695823669433594
0.0,0.07137346267700195,-0.005458831787109375
3.0,0.4277534484863281,0.14305496215820312
0.0,0.8999967575073242,0.2615342140197754
-2.0,1.8801803588867188,-0.30898475646972656
0.0,0.011324882507324219,-0.21745777130126953
1.0,6.256782531738281,1.6910438537597656
1.0,-2.471125602722168,0.4573373794555664
-1.0,3.6401901245117188,-2.30584716796875
0.0,-0.12171649932861328,0.3619718551635742
1.0,-2.795093536376953,-2.1624927520751953
-3.0,0.2588784694671631,-0.08389711380004883
0.0,0.716395378112793,-1.5717082023620605
-1.0,-1.4626576900482178,-0.20438814163208008
-1.0,0.996220588684082,-0.06591522693634033
1.0,-0.6904468536376953,0.028170108795166016
6.0,1.0179634094238281,-1.0507402420043945
-6.0,-0.9747505187988281,0.05144214630126953
0.0,11.8560791015625,3.639007568359375
-3.0,-6.307437896728516,-0.0013089179992675781
5.0,2.1645889282226562,-5.384986877441406
-5.0,-3.264354705810547,0.778325080871582
5.0,7.4470062255859375,0.8231201171875
-4.0,-6.21743106842041,-0.40161609649658203
9.0,3.170764923095703,-4.462291717529297
-8.0,-3.6273021697998047,-0.23012733459472656
10.0,5.087615966796875,1.32696533203125
-9.0,-4.9956560134887695,-0.6984615325927734
-2.0,1.282623291015625,-0.6452617645263672
5.0,-0.3590383529663086,-0.5988845825195312
12.0,0.22794342041015625,-2.055950164794922
-17.0,-1.4036483764648438,-0.5875272750854492
7.0,2.3414764404296875,-3.647481918334961
-11.0,-3.70562744140625,-0.41414976119995117
1.0,0.9209356307983398,1.660306453704834
0.0,0.647815465927124,0.08890461921691895
0.0,-0.03441572189331055,0.04446148872375488
0.0,0.034358859062194824,0.04523491859436035
-1.0,-2.3976097106933594,1.5298469066619873
1.0,1.5768661499023438,-0.05040144920349121
-1.0,-11.754261016845703,-2.6617202758789062
3.0,8.649019241333008,0.8988323211669922
-2.0,-5.266685485839844,-2.8010482788085938
5.0,3.483994483947754,1.3575754165649414
-3.0,-12.423397064208984,-0.5829715728759766
2.0,6.013342380523682,0.2780570983886719
-3.0,-3.7062911987304688,0.4268302917480469
6.0,3.8197851181030273,0.23596954345703125
-1.0,1.7425308227539062,0.9644374847412109
3.0,3.5633888244628906,0.622279167175293
-3.0,4.970100402832031,3.299581527709961
3.0,-0.9379386901855469,0.9681243896484375
-7.0,-0.6324615478515625,-1.7369728088378906
8.0,-0.22753047943115234,0.09495258331298828
-3.0,-5.591114044189453,0.2736845016479492
2.0,2.0554678440093994,0.16098523139953613
1.0,0.8538541793823242,0.06438541412353516
-1.0,-1.0155541896820068,-0.11089611053466797
0.0,1.1549501419067383,0.03879821300506592
0.0,-0.7347046136856079,0.0686042308807373
6.0,-0.652923583984375,0.0746307373046875
-5.0,1.365370750427246,0.10492277145385742
-3.0,-4.340679168701172,-1.4466400146484375
-1.0,1.33306884765625,0.7240281105041504
1.0,0.39443206787109375,-2.2112579345703125
2.0,-0.9927911758422852,0.9487447738647461
1.0,-3.979602813720703,-2.429433822631836
-2.0,-0.27546215057373047,-0.11810016632080078
3.0,-0.9632797241210938,-4.178516387939453
-2.0,-0.7075138092041016,-0.2556920051574707
11.0,4.9499664306640625,2.6003875732421875
-6.0,-1.4435920715332031,0.14127540588378906
-6.0,-0.004058837890625,0.9632759094238281
7.0,1.1741485595703125,-0.08809757232666016
6.0,-4.044708251953125,-1.4870758056640625
-9.0,-1.5094623565673828,-0.8545465469360352
3.0,-0.4545440673828125,-1.2113046646118164
-6.0,-1.9090380668640137,-0.1692674160003662
0.0,-0.06708145141601562,-1.5959210395812988
-1.0,-1.6633696556091309,-0.19980072975158691
0.0,1.1893658638000488,-0.005663275718688965
0.0,-0.7690634727478027,0.023369312286376953
7.0,1.7446861267089844,-1.4552161693572998
-6.0,-0.21149539947509766,0.15532422065734863
-2.0,7.413581848144531,1.2150802612304688
-4.0,-7.315950393676758,-0.1748042106628418
3.0,5.6611175537109375,0.5897903442382812
-3.0,-4.476785659790039,-0.4088306427001953
4.0,8.443794250488281,-1.8464622497558594
-4.0,-6.288804531097412,-0.39615726470947266
6.0,2.743011474609375,-4.6053466796875
-8.0,-4.527298927307129,-0.49166154861450195
12.0,3.2074356079101562,1.6359500885009766
-9.0,-5.006980895996094,-0.4810037612915039
-3.0,-4.974159240722656,-2.336305618286133
4.0,2.1120872497558594,-1.0562219619750977
13.0,-3.4122467041015625,0.24989700317382812
-17.0,-1.2819318771362305,-0.9494991302490234
6.0,5.136569976806641,-1.4849891662597656
-8.0,-3.964505910873413,-0.33025264739990234
-1.0,-0.8648872375488281,0.3141365051269531
2.0,2.3633193969726562,0.6166009902954102
2.0,1.6886682510375977,0.7216134071350098
0.0,1.0372281074523926,0.05541181564331055
1.0,2.093097686767578,-0.011947035789489746
-1.0,0.6476321220397949,0.011366605758666992
3.0,7.074199676513672,0.09132099151611328
-2.0,-0.010523796081542969,0.05138897895812988
1.0,7.387718200683594,-2.243821144104004
-2.0,1.3546757698059082,0.2691493034362793
2.0,8.60940170288086,3.206707000732422
-1.0,0.24043798446655273,0.2646665573120117
0.0,-0.20558929443359375,-4.642915725708008
1.0,0.1641092300415039,0.13625764846801758
3.0,13.76446533203125,3.858804702758789
-4.0,-0.7223591804504395,0.06761598587036133
0.0,9.650733947753906,4.64091682434082
1.0,-0.9952349662780762,0.13818979263305664
3.0,4.706443786621094,3.387165069580078
-2.0,-0.920048713684082,-0.11394548416137695
1.0,6.734043121337891,3.682394027709961
1.0,-0.2421588897705078,0.5321025848388672
1.0,4.856117248535156,2.292130947113037
-2.0,-1.3957405090332031,-1.326162338256836
1.0,3.112236976623535,1.2641620635986328
0.0,0.041231632232666016,0.013025999069213867
0.0,5.638313293457031,0.639866828918457
0.0,-0.3536362648010254,0.14667797088623047
1.0,7.964174270629883,0.43773651123046875
-1.0,-0.5256705284118652,0.06070566177368164
3.0,9.539337158203125,0.8344020843505859
-3.0,0.39433956146240234,-0.059766292572021484
-1.0,5.620380401611328,-0.1055908203125
-1.0,0.6328163146972656,0.2500162124633789
-1.0,-1.5499191284179688,-6.31367301940918
-1.0,0.38467884063720703,-0.15159845352172852
1.0,16.10205841064453,5.796413421630859
-1.0,-0.7544150352478027,-0.11250829696655273
1.0,7.413612365722656,-0.4027519226074219
-4.0,-1.527796745300293,0.0032606124877929688
3.0,10.51993179321289,1.7711524963378906
-3.0,-1.325937271118164,0.47240734100341797
1.0,6.614093780517578,1.07843017578125
2.0,-0.04523897171020508,0.40320587158203125
1.0,7.114091873168945,2.7674832344055176
0.0,-1.3664379119873047,0.0145416259765625
2.0,0.9219207763671875,0.22366118431091309
-1.0,0.4927024841308594,0.07751178741455078
-1.0,3.8575096130371094,-0.9813419580459595
0.0,0.1294844150543213,-0.04220414161682129
4.0,6.934253692626953,0.5081024169921875
-2.0,-0.9698963165283203,-0.1896815299987793
8.0,15.728240966796875,-1.061833381652832
-10.0,-2.2994384765625,-0.16182947158813477
6.0,16.433345794677734,2.80816650390625
-7.0,-1.434544563293457,-0.13914203643798828
9.0,-3.6608810424804688,-6.598787307739258
-10.0,-0.45606136322021484,-0.20492792129516602
15.0,26.361557006835938,6.335956573486328
-15.0,-4.257288455963135,-0.701535701751709
-2.0,21.43372344970703,2.841066360473633
-3.0,-8.832564353942871,-0.5202646255493164
15.0,18.228256225585938,3.5023975372314453
-15.0,-5.280508041381836,-0.7474126815795898
7.0,7.295238494873047,-1.6607112884521484
-5.0,-2.47835636138916,0.17618370056152344
5.0,-0.09938240051269531,2.5577564239501953
-2.0,2.5691585540771484,-0.23755407333374023
1.0,0.09768962860107422,0.8028144836425781
0.0,0.5828933715820312,-0.018737316131591797
1.0,4.499401092529297,0.24406969547271729
-1.0,0.06317520141601562,0.09918427467346191
2.0,5.746837615966797,0.4943227767944336
-1.0,0.30593037605285645,0.021726369857788086
2.0,7.249996185302734,-1.8298883438110352
-3.0,1.3425521850585938,0.33026552200317383
-2.0,8.361209869384766,3.469010353088379
2.0,-0.09959697723388672,0.22067546844482422
-2.0,3.5886611938476562,-2.565401077270508
0.0,0.4369211196899414,0.5936675071716309
5.0,16.07410430908203,4.9055938720703125
-4.0,-0.8450770378112793,0.24027776718139648
7.0,13.474067687988281,8.88652229309082
-7.0,-3.950254440307617,-0.06623458862304688
4.0,5.0839385986328125,0.13390731811523438
-3.0,0.008690834045410156,0.30957698822021484
4.0,4.741981506347656,5.644041061401367
-1.0,-0.4004802703857422,0.4235978126525879
7.0,5.1763916015625,0.5840625762939453
-8.0,-0.9574451446533203,0.12007999420166016
1.0,0.8616886138916016,0.04308319091796875
0.0,0.05338430404663086,-0.010166645050048828
0.0,2.950246810913086,-1.8501569032669067
-1.0,-0.852935791015625,-0.11792623996734619
6.0,7.0469512939453125,-1.035325527191162
-5.0,-0.27042055130004883,-0.10931539535522461
6.0,19.035930633544922,0.8638334274291992
-8.0,-3.731682777404785,-0.16897201538085938
10.0,9.804065704345703,-2.6596851348876953
-11.0,-1.4186744689941406,-0.27887392044067383
10.0,9.2523193359375,-1.8897018432617188
-11.0,-6.588588714599609,-0.6248226165771484
12.0,26.573875427246094,4.2072296142578125
-13.0,-7.823404788970947,-0.6907792091369629
14.0,18.43343734741211,2.1461753845214844
-14.0,-7.996779441833496,-0.15602779388427734
17.0,29.742393493652344,5.1351470947265625
-16.0,-9.281065940856934,-0.4921913146972656
10.0,19.13770294189453,3.838245391845703
-11.0,-5.764644622802734,0.3064236640930176
2.0,5.721004486083984,1.977994441986084
-4.0,-3.7590599060058594,-1.942763328552246
-1.0,1.4235687255859375,0.542548656463623
0.0,-0.9959964752197266,-0.04238581657409668
-1.0,3.545215606689453,0.6518138647079468
1.0,-1.0012683868408203,0.13531136512756348
-2.0,0.8899745941162109,0.34641551971435547
1.0,-0.5151467323303223,0.009316682815551758
2.0,2.1516189575195312,3.07822322845459
-1.0,-0.9603362083435059,-0.3289155960083008
-3.0,-2.9890213012695312,-3.312297821044922
0.0,0.3923783302307129,-0.014650344848632812
-1.0,-1.344329833984375,-1.6707572937011719
-2.0,0.22056961059570312,-0.2878561019897461
-2.0,2.3375930786132812,1.9376087188720703
3.0,-0.03205585479736328,-0.18012428283691406
1.0,-2.23712158203125,-5.043668746948242
-5.0,-0.5325617790222168,-0.13492918014526367
0.0,5.813488006591797,-1.6160125732421875
-1.0,-0.40588855743408203,0.5863528251647949
0.0,-0.1199493408203125,-2.603963851928711
1.0,0.19691991806030273,-0.12889671325683594
2.0,7.978979110717773,2.4533467292785645
-2.0,-3.729757308959961,-0.6020593643188477
0.0,-0.7667474746704102,-0.4979522228240967
-1.0,-0.5445256233215332,0.022099971771240234
-2.0,1.7644119262695312,-0.9693949222564697
1.0,-0.5181477069854736,-0.05357074737548828
1.0,-0.13994598388671875,0.4167814254760742
0.0,-0.9593725204467773,-0.24107050895690918
7.0,8.340522766113281,1.1819877624511719
-8.0,-3.654114246368408,-0.43097877502441406
4.0,7.823944091796875,-0.3985404968261719
-6.0,-1.6749825477600098,-0.40380859375
9.0,-3.455291748046875,-1.95587158203125
-11.0,-0.6201705932617188,-0.3411855697631836
12.0,12.597091674804688,2.477151870727539
-11.0,-3.5349292755126953,-0.7691516876220703
-2.0,11.782989501953125,-1.7998504638671875
-4.0,-7.837329387664795,-0.658454418182373
12.0,13.521812438964844,0.11523246765136719
-13.0,-4.360459327697754,-0.6334671974182129
6.0,0.5611953735351562,-5.343105316162109
-6.0,-2.2361974716186523,-0.35591888427734375
6.0,0.7655048370361328,2.243619918823242
-4.0,0.2058391571044922,-0.8541550636291504
-1.0,-1.5909786224365234,0.08120107650756836
0.0,-0.45433473587036133,-0.07414913177490234
0.0,2.4063034057617188,0.25601673126220703
0.0,-0.5844569206237793,0.08781766891479492
-1.0,-1.327362060546875,0.4030017852783203
1.0,0.3164541721343994,-0.029662609100341797
1.0,-0.13772201538085938,0.41393280029296875
-1.0,-0.012123584747314453,0.06111621856689453
-4.0,-0.24819183349609375,0.26230335235595703
3.0,-0.34003496170043945,-0.0439910888671875
-2.0,3.79425048828125,2.0775146484375
-1.0,0.2728118896484375,0.4574098587036133
2.0,2.3096389770507812,1.0467891693115234
0.0,-0.12271785736083984,0.17266178131103516
7.0,3.823333740234375,4.24560546875
-8.0,-2.955019474029541,-0.20442438125610352
1.0,0.37749481201171875,-3.2532577514648438
-1.0,0.9287395477294922,0.4235224723815918
3.0,-1.9920616149902344,1.9616470336914062
-2.0,-0.15832138061523438,-0.1085047721862793
8.0,6.041278839111328,0.2699260711669922
-10.0,-3.3207645416259766,-0.49652099609375
-1.0,-0.8269796371459961,-0.678530216217041
0.0,-0.9838438034057617,-0.06557846069335938
-1.0,0.8571491241455078,-1.838209867477417
0.0,-1.50056791305542,-0.12929284572601318
3.0,-0.027248382568359375,-1.1266465187072754
-3.0,-0.25989675521850586,-0.1607043743133545
5.0,11.648212432861328,3.107654571533203
-6.0,-5.086358547210693,-0.43812131881713867
8.0,1.1946640014648438,-5.866392135620117
-10.0,-1.6591124534606934,-0.5435404777526855
10.0,9.457908630371094,2.753213882446289
-12.0,-6.752697944641113,-0.761080265045166
9.0,12.809410095214844,0.34842491149902344
-9.0,-7.101045608520508,-0.7583951950073242
14.0,8.782703399658203,-2.494741439819336
-15.0,-7.00154447555542,-0.294217586517334
14.0,25.03594970703125,1.7479820251464844
-14.0,-8.361017227172852,-0.37824583053588867
9.0,12.40365982055664,0.1558513641357422
-12.0,-5.522485733032227,-0.2256789207458496
0.0,2.257974624633789,0.47535228729248047
2.0,0.029302597045898438,1.3407039642333984
1.0,-2.1903162002563477,-1.0405008792877197
-1.0,0.45147085189819336,0.06448578834533691
-1.0,-1.7808036804199219,-1.6212087869644165
0.0,0.4831206798553467,-0.18888211250305176
3.0,-1.0299205780029297,0.07036590576171875
-1.0,-0.4442257881164551,-0.25038719177246094
5.0,6.18890380859375,-1.896235466003418
-7.0,-2.6937780380249023,-0.10206317901611328
7.0,10.812965393066406,2.91375732421875
-6.0,-2.0673608779907227,-0.3891582489013672
10.0,-2.1109619140625,-0.2851142883300781
-9.0,-0.8407402038574219,-0.0533294677734375
14.0,10.259498596191406,0.5395431518554688
-14.0,-3.502873420715332,-0.5890274047851562
-3.0,14.020111083984375,3.2438182830810547
1.0,-7.304767608642578,-0.5235252380371094
12.0,7.708324432373047,1.7312450408935547
-12.0,-3.954570770263672,-1.2198200225830078
6.0,0.6811447143554688,-2.7391414642333984
-7.0,-2.433117389678955,-0.2270221710205078
4.0,-4.955499649047852,0.2656254768371582
0.0,3.9648990631103516,1.0886082649230957
0.0,-3.014547348022461,-0.4613475799560547
0.0,0.5416617393493652,-0.031763315200805664
1.0,-1.1389122009277344,-0.39579713344573975
-1.0,0.416811466217041,-0.047493696212768555
1.0,-2.217336654663086,0.056586265563964844
0.0,0.8316009044647217,-0.038979291915893555
-1.0,-2.2893409729003906,-2.664290428161621
0.0,0.9482126235961914,0.3900318145751953
-1.0,2.7408294677734375,3.574601173400879
3.0,-0.7324132919311523,-0.029340744018554688
-1.0,5.138580322265625,3.748271942138672
1.0,0.052242279052734375,0.7452659606933594
4.0,-0.0279541015625,-0.8908195495605469
-3.0,-0.09066200256347656,0.3527860641479492
6.0,6.060455322265625,9.289274215698242
-3.0,-2.422457695007324,-0.06949520111083984
1.0,-5.435993194580078,-1.6372451782226562
0.0,1.3346281051635742,-0.16283035278320312
3.0,-1.8721122741699219,4.565610885620117
-3.0,-0.3552412986755371,0.02039194107055664
6.0,0.32027435302734375,-1.7080683708190918
-6.0,0.4382953643798828,1.446242332458496
0.0,-2.2505483627319336,-1.221078872680664
0.0,0.012152671813964844,-0.023192644119262695
0.0,-2.6880664825439453,-2.490023612976074
-1.0,-0.4992995262145996,-0.26460421085357666
5.0,-0.9172229766845703,-1.4730620384216309
-4.0,0.2552499771118164,-0.17002105712890625
3.0,9.496593475341797,0.02943134307861328
-5.0,-4.1260223388671875,-0.10920572280883789
11.0,4.183685302734375,-2.5540943145751953
-10.0,-2.0514907836914062,-0.5288901329040527
11.0,10.802238464355469,4.423971176147461
-10.0,-6.973267555236816,-0.4732241630554199
11.0,10.471817016601562,-1.5891838073730469
-12.0,-7.0689897537231445,-0.5782709121704102
13.0,11.019824981689453,2.5489273071289062
-10.0,-6.468982696533203,-0.1592884063720703
14.0,19.222461700439453,3.363994598388672
-13.0,-7.9551286697387695,-0.9645986557006836
9.0,12.523609161376953,2.759815216064453
-13.0,-5.719405651092529,-0.09678220748901367
4.0,-7.213474273681641,-0.20972681045532227
-2.0,3.935596466064453,-0.25209569931030273
-1.0,-0.8242311477661133,0.579153299331665
1.0,0.09019088745117188,-0.09624910354614258
2.0,0.6418914794921875,1.2254116535186768
-1.0,-0.06630921363830566,0.1413884162902832
-2.0,-1.1874160766601562,-0.013779640197753906
1.0,1.2758266925811768,0.21140789985656738
-6.0,-8.47824478149414,-0.7680549621582031
7.0,3.6419906616210938,0.4920949935913086
-8.0,-8.072135925292969,0.6608438491821289
9.0,1.3349475860595703,0.3598175048828125
-11.0,7.249542236328125,4.03338623046875
10.0,0.8929824829101562,0.7985954284667969
-10.0,-10.287452697753906,-1.4303627014160156
11.0,3.4122114181518555,0.9418134689331055
9.0,-7.95965576171875,6.0454559326171875
-4.0,4.882309913635254,0.45403003692626953
-11.0,-13.144317626953125,-3.368490219116211
12.0,5.289198875427246,1.0569896697998047
-3.0,-2.5532569885253906,7.304752349853516
4.0,2.077876091003418,0.24741411209106445
6.0,-1.9377002716064453,-2.1834206581115723
-8.0,0.4089927673339844,0.10553836822509766
-1.0,-0.06023216247558594,-0.18057799339294434
1.0,-0.4393181800842285,-0.08767843246459961
1.0,-0.9072628021240234,-0.8688149452209473
-1.0,-0.9824202060699463,-0.0757220983505249
2.0,0.11269760131835938,-1.5434279441833496
-3.0,0.6994757652282715,0.08036613464355469
-2.0,3.307689666748047,1.9256668090820312
2.0,-1.4322443008422852,-0.007142543792724609
4.0,-6.629280090332031,-5.467851638793945
-4.0,0.015870094299316406,-0.13973188400268555
1.0,12.913200378417969,4.709085464477539
-1.0,-6.1325273513793945,-0.4198946952819824
-3.0,0.21231842041015625,-2.1287269592285156
2.0,-3.5661163330078125,0.010756492614746094
16.0,-3.000286102294922,-0.6948909759521484
-11.0,0.835784912109375,0.36423683166503906
2.0,11.514137268066406,1.6327495574951172
-1.0,-4.000557899475098,0.2552213668823242
3.0,11.842464447021484,5.498956680297852
-6.0,-3.286288261413574,0.13023996353149414
2.0,5.275774002075195,-1.97369384765625
-6.0,-3.5266036987304688,0.3576340675354004
0.0,0.7639989852905273,-0.7597312927246094
0.0,-0.5295090675354004,0.008570671081542969
-1.0,-1.549154281616211,-2.094226598739624
0.0,-0.9161109924316406,-0.2171105146408081
4.0,1.3001136779785156,-1.5296483039855957
-4.0,-0.5763509273529053,-0.1310417652130127
4.0,11.785934448242188,2.6937217712402344
-5.0,-5.074234962463379,-0.4992375373840332
12.0,1.4428558349609375,-6.128695487976074
-13.0,-1.319077491760254,-0.49954938888549805
12.0,5.663658142089844,0.6756992340087891
-11.0,-7.025509834289551,-1.2184901237487793
7.0,10.499771118164062,-0.6983642578125
-9.0,-6.978327751159668,-0.9310569763183594
7.0,4.959369659423828,-6.740346908569336
-7.0,-4.046525001525879,-0.08979320526123047
13.0,24.65845489501953,5.001239776611328
-13.0,-9.289756774902344,-0.8017683029174805
6.0,14.395721435546875,-1.805795669555664
-10.0,-5.364164352416992,-0.11717414855957031
