model,city,policy,date,s_mae,s_corr,s_std_actual,s_std_pred,city_s_actual,city_s_pred
glm,sf,nearest,2025-10-08,0.3783966302871704,0.3728103864134243,0.08560226857662201,0.03621740639209747,0.9610183238983154,0.5815955996513367
glm,sf,nearest_norepo,2025-10-08,0.35379794239997864,0.3361419297470664,0.0915575921535492,0.04403603821992874,0.9470962882041931,0.5943584442138672
glm,sf,p1_greedy,2025-10-08,0.3427678048610687,0.3210974522909624,0.09667938202619553,0.03874421864748001,0.9295942783355713,0.5905970335006714
glm,sf,p2_nm,2025-10-08,0.3604923188686371,0.4562766436266233,0.10628010332584381,0.036403100937604904,0.9419252276420593,0.5888962745666504
glm,sf,p2_wdf,2025-10-08,0.2467540055513382,0.2262175895764699,0.14873358607292175,0.03855568915605545,0.8321400284767151,0.5905706882476807
glm,sf,nearest,2025-11-15,0.42280271649360657,0.44852336709259677,0.07225893437862396,0.030164042487740517,0.9674620628356934,0.5505341291427612
glm,sf,nearest_norepo,2025-11-15,0.9577495455741882,0.036013899585892094,0.07368476688861847,0.0006374776712618768,0.9609544277191162,0.005020961165428162
glm,sf,p1_greedy,2025-11-15,0.38114506006240845,0.22379690773282615,0.0757347047328949,0.029330862686038017,0.9422993659973145,0.5672041773796082
glm,sf,p2_nm,2025-11-15,0.9533659815788269,0.025843311692957675,0.08457224071025848,0.0010144051630049944,0.9544468522071838,0.0045961071737110615
glm,sf,p2_wdf,2025-11-15,0.28167495131492615,0.27322141321453874,0.1394249051809311,0.03054308146238327,0.8377440571784973,0.5678178668022156
glm,pune,nearest,2025-10-08,0.7836036682128906,0.04789268496688752,0.18320143222808838,0.000518576824106276,0.8069374561309814,0.002670873422175646
glm,pune,nearest_norepo,2025-10-08,0.7412198781967163,0.17878187759346664,0.16062553226947784,0.0004407837986946106,0.7462345957756042,0.002637249883264303
glm,pune,p1_greedy,2025-10-08,0.7403354644775391,-0.11652302489384182,0.17607006430625916,0.00040865325718186796,0.7234139442443848,0.002708801068365574
glm,pune,p2_nm,2025-10-08,0.7530757188796997,0.043385309130166395,0.17351441085338593,0.0004677325196098536,0.744865357875824,0.0027233795262873173
glm,pune,p2_wdf,2025-10-08,0.6227739453315735,0.1305747833900572,0.1639409065246582,0.0005123292794451118,0.6239160299301147,0.0026416440960019827
glm,pune,nearest,2025-11-15,0.8451771140098572,0.2707815977919497,0.1441233903169632,0.00040505159995518625,0.8581971526145935,0.001855403883382678
glm,pune,nearest_norepo,2025-11-15,0.7928913831710815,0.13755007567339445,0.1496545821428299,0.0003550368419382721,0.7912493348121643,0.002686580875888467
glm,pune,p1_greedy,2025-11-15,0.7957773208618164,0.060405744537148955,0.14929817616939545,0.0003579592739697546,0.7938850522041321,0.002693816553801298
glm,pune,p2_nm,2025-11-15,0.7995312213897705,0.06765748642623118,0.1426701545715332,0.0003390595957171172,0.7780706286430359,0.0027077537961304188
glm,pune,p2_wdf,2025-11-15,0.610355794429779,0.29787112255529524,0.18026243150234222,0.0005263309576548636,0.623089075088501,0.0024502796586602926
glm,navimumbai,nearest,2025-10-08,0.37133917212486267,0.15446570894738876,0.13189561665058136,0.02098751626908779,0.8623978495597839,0.4972292482852936
glm,navimumbai,nearest_norepo,2025-10-08,0.3193759024143219,0.0423366186422792,0.16464442014694214,0.021109748631715775,0.807901918888092,0.5106276869773865
glm,navimumbai,p1_greedy,2025-10-08,0.30259448289871216,-0.17464207822660674,0.14076381921768188,0.020759468898177147,0.7983651161193848,0.5099655389785767
glm,navimumbai,p2_nm,2025-10-08,0.3159946799278259,-0.04544637197905576,0.13218872249126434,0.02011881209909916,0.8051770925521851,0.5109489560127258
glm,navimumbai,p2_wdf,2025-10-08,0.2151811122894287,-0.1010993858973551,0.18534687161445618,0.02427630126476288,0.692098081111908,0.5135979652404785
glm,navimumbai,nearest,2025-11-15,0.46516185998916626,0.368605352497187,0.12243372946977615,0.018856145441532135,0.9288194179534912,0.4555867612361908
glm,navimumbai,nearest_norepo,2025-11-15,0.42205074429512024,0.25174374504274144,0.12246531993150711,0.01975703425705433,0.9045138955116272,0.47710296511650085
glm,navimumbai,p1_greedy,2025-11-15,0.42182156443595886,0.3954298961057856,0.13652187585830688,0.02220567688345909,0.90625,0.47703272104263306
glm,navimumbai,p2_nm,2025-11-15,0.4214739501476288,0.22104008500047503,0.11773449182510376,0.01866505667567253,0.9079861044883728,0.4764888882637024
glm,navimumbai,p2_wdf,2025-11-15,0.2688070833683014,0.2040128712877237,0.1841241717338562,0.021633056923747063,0.7274305820465088,0.47658583521842957
glm,thane,nearest,2025-10-08,0.29911118745803833,0.08959644525639085,0.14189471304416656,0.028772177174687386,0.8210023641586304,0.5352502465248108
glm,thane,nearest_norepo,2025-10-08,0.2366219013929367,0.12125618213412523,0.14890924096107483,0.037954650819301605,0.7677008509635925,0.552139163017273
glm,thane,p1_greedy,2025-10-08,0.23706325888633728,0.09662212896065601,0.19758805632591248,0.02737947180867195,0.7374701499938965,0.5514557957649231
glm,thane,p2_nm,2025-10-08,0.22333867847919464,0.11632249503815878,0.1819114238023758,0.030672337859869003,0.7478122711181641,0.5509549975395203
glm,thane,p2_wdf,2025-10-08,0.1803273856639862,-0.058075745201808936,0.19545428454875946,0.02964325249195099,0.6420047879219055,0.5488039255142212
glm,thane,nearest,2025-11-15,0.39859360456466675,0.17953860244254446,0.12122751772403717,0.02397790178656578,0.8990740776062012,0.5070127248764038
glm,thane,nearest_norepo,2025-11-15,0.35535919666290283,0.2098423465363445,0.12980975210666656,0.023450102657079697,0.8675925731658936,0.5240178108215332
glm,thane,p1_greedy,2025-11-15,0.3623035252094269,0.11265946098435543,0.1369161754846573,0.023256409913301468,0.8722222447395325,0.5245614647865295
glm,thane,p2_nm,2025-11-15,0.3734916150569916,0.1591401584726263,0.14272227883338928,0.022196941077709198,0.8777777552604675,0.5234686732292175
glm,thane,p2_wdf,2025-11-15,0.20675568282604218,0.32936697571738033,0.1869724839925766,0.025141900405287743,0.6740740537643433,0.5243343710899353
glm,arlington,nearest,2025-10-08,0.8756666779518127,-0.2974842379995183,0.11495572328567505,0.0004127630090806633,0.8818973898887634,0.001401655375957489
glm,arlington,nearest_norepo,2025-10-08,0.40561041235923767,0.2612980453642607,0.10929703712463379,0.05673867091536522,0.8606001734733582,0.4557618796825409
glm,arlington,p1_greedy,2025-10-08,0.38528066873550415,0.11856499395062182,0.10616220533847809,0.05115510895848274,0.846079409122467,0.48073044419288635
glm,arlington,p2_nm,2025-10-08,0.38124707341194153,0.004922097036952132,0.09989101439714432,0.04883125424385071,0.8373668789863586,0.4730442464351654
glm,arlington,p2_wdf,2025-10-08,0.30405193567276,0.31086567902302387,0.1308811455965042,0.043392911553382874,0.7676669955253601,0.47614961862564087
glm,arlington,nearest,2025-11-15,0.8679153919219971,0.26272862132863245,0.10299260169267654,0.001670654397457838,0.880141019821167,0.0023841538932174444
glm,arlington,nearest_norepo,2025-11-15,0.459306925535202,0.17752658639216995,0.12475378066301346,0.04522624984383583,0.8789659142494202,0.41529104113578796
glm,arlington,p1_greedy,2025-11-15,0.45511355996131897,0.24470246532688625,0.1364302933216095,0.04714615270495415,0.8683901429176331,0.4182041585445404
glm,arlington,p2_nm,2025-11-15,0.4682673215866089,0.34658929142979855,0.12042607367038727,0.0485607348382473,0.8860164284706116,0.42471471428871155
glm,arlington,p2_wdf,2025-11-15,0.3673977553844452,0.28058584885569526,0.12120451033115387,0.04461817443370819,0.7967097759246826,0.4134938418865204
glm,nagpur,nearest,2025-10-08,0.8199504017829895,0.032291263609245474,0.13968561589717865,0.00035719916922971606,0.7973381876945496,0.0012389285257086158
glm,nagpur,nearest_norepo,2025-10-08,0.769824743270874,-0.05309544186492073,0.15815745294094086,0.0004874616570305079,0.7338172793388367,0.003011597553268075
glm,nagpur,p1_greedy,2025-10-08,0.7756375074386597,0.11114860348421986,0.17044325172901154,0.0005342750228010118,0.7174833416938782,0.002609261544421315
glm,nagpur,p2_nm,2025-10-08,0.7887685298919678,-0.17288809873061323,0.15004049241542816,0.000531432859133929,0.7368420958518982,0.0026484988629817963
glm,nagpur,p2_wdf,2025-10-08,0.6345747113227844,0.0650800346037289,0.14617259800434113,0.0006819703849032521,0.6085904240608215,0.0029452862218022346
glm,nagpur,nearest,2025-11-15,0.8690259456634521,0.05333354460703259,0.1245327964425087,0.0003835498064290732,0.8608438372612,0.001013904227875173
glm,nagpur,nearest_norepo,2025-11-15,0.82938152551651,-0.14035849458281802,0.13015496730804443,0.00035108759766444564,0.8312361240386963,0.003064981894567609
glm,nagpur,p1_greedy,2025-11-15,0.83286452293396,-0.025537263595302867,0.1321214735507965,0.0004107715212740004,0.8297557234764099,0.0027436097152531147
glm,nagpur,p2_nm,2025-11-15,0.8249726295471191,-0.13891440207688147,0.12664398550987244,0.00042891368502750993,0.821613609790802,0.0027715153992176056
glm,nagpur,p2_wdf,2025-11-15,0.6331075429916382,-0.14333300330040025,0.16134905815124512,0.0003630705177783966,0.6395262479782104,0.0030761882662773132
glm,coimbatore,nearest,2025-10-08,0.8184294104576111,0.09173346174009857,0.16689495742321014,0.0004928550333715975,0.7801120281219482,0.0034876924473792315
glm,coimbatore,nearest_norepo,2025-10-08,0.7230082154273987,0.17786426371802136,0.17977678775787354,0.00024686078540980816,0.7128851413726807,0.0033835810609161854
glm,coimbatore,p1_greedy,2025-10-08,0.7494112253189087,0.29684242936401034,0.16935136914253235,0.0003526895307004452,0.7254902124404907,0.002746250480413437
glm,coimbatore,p2_nm,2025-10-08,0.7640473246574402,0.36021354316642906,0.17281405627727509,0.00019675327348522842,0.7296918630599976,0.003121205372735858
glm,coimbatore,p2_wdf,2025-10-08,0.5914551019668579,0.1799308417077031,0.18112432956695557,0.00046888476936146617,0.5700280070304871,0.002522563561797142
glm,coimbatore,nearest,2025-11-15,0.8055257201194763,0.1307830111542923,0.13817694783210754,0.00042887864401564,0.8019017577171326,0.0029140242841094732
glm,coimbatore,nearest_norepo,2025-11-15,0.7815219163894653,0.033912098270497175,0.1681421548128128,0.0003010496438946575,0.7717908024787903,0.0030030154157429934
glm,coimbatore,p1_greedy,2025-11-15,0.7769765853881836,-0.07943820168985193,0.16539926826953888,0.00028885461506433785,0.754358172416687,0.0030534130055457354
glm,coimbatore,p2_nm,2025-11-15,0.7721586227416992,0.061296735689909856,0.15614034235477448,0.00040427796193398535,0.7765451669692993,0.0029027045238763094
glm,coimbatore,p2_wdf,2025-11-15,0.5839435458183289,0.12021077544913691,0.1964709311723709,0.000258466083323583,0.584786057472229,0.003226288128644228
glm,chandigarh,nearest,2025-10-08,0.4084510803222656,0.21426414349946246,0.1303430050611496,0.020671969279646873,0.8635743260383606,0.4635380804538727
glm,chandigarh,nearest_norepo,2025-10-08,0.33024612069129944,0.21119692123293438,0.14780588448047638,0.013241629116237164,0.8281036615371704,0.49623700976371765
glm,chandigarh,p1_greedy,2025-10-08,0.32991912961006165,0.19312832340887456,0.15062043070793152,0.013000464998185635,0.8130968809127808,0.49704957008361816
glm,chandigarh,p2_nm,2025-10-08,0.32584720849990845,0.2549171517285779,0.16696806252002716,0.013407518155872822,0.8090040683746338,0.49673449993133545
glm,chandigarh,p2_wdf,2025-10-08,0.1872546523809433,0.041248125169886754,0.1762620061635971,0.013905557803809643,0.6425647735595703,0.497453510761261
glm,chandigarh,nearest,2025-11-15,0.49890199303627014,0.12319422568950143,0.11406403034925461,0.02349918708205223,0.9192439913749695,0.42763110995292664
glm,chandigarh,nearest_norepo,2025-11-15,0.4338226914405823,0.39801151758553965,0.13838428258895874,0.017020350322127342,0.869415819644928,0.4552342891693115
glm,chandigarh,p1_greedy,2025-11-15,0.4442453980445862,0.32875306959453415,0.1656748205423355,0.017567861825227737,0.900343656539917,0.4549959897994995
glm,chandigarh,p2_nm,2025-11-15,0.4280889332294464,0.19712057994434504,0.1394769698381424,0.016853418201208115,0.8745704293251038,0.4550347924232483
glm,chandigarh,p2_wdf,2025-11-15,0.2291930764913559,0.03383625965028086,0.1904016137123108,0.017069129273295403,0.6769759654998779,0.45582184195518494
glm,pittsburgh,nearest,2025-10-08,0.8406476378440857,-0.15070976732957186,0.17006170749664307,0.00037203539977781475,0.8573369383811951,0.0017192631494253874
glm,pittsburgh,nearest_norepo,2025-10-08,0.8464977741241455,0.057595318470352895,0.1406996250152588,0.0005179154104553163,0.8491848111152649,0.0021701003424823284
glm,pittsburgh,p1_greedy,2025-10-08,0.8069915771484375,0.12021046157170028,0.1911872923374176,0.0005395560874603689,0.823369562625885,0.0022668407764285803
glm,pittsburgh,p2_nm,2025-10-08,0.8333647847175598,0.08423670458882031,0.14010868966579437,0.000573190045543015,0.8260869383811951,0.00237045856192708
glm,pittsburgh,p2_wdf,2025-10-08,0.7632500529289246,0.06713757256935513,0.18069744110107422,0.0005315090529620647,0.7785326242446899,0.0022609480656683445
glm,pittsburgh,nearest,2025-11-15,0.8829005360603333,0.07543313197337415,0.1554306298494339,0.0013499956112354994,0.8673621416091919,0.00550411781296134
glm,pittsburgh,nearest_norepo,2025-11-15,0.8197041153907776,0.02252623104770474,0.17148742079734802,0.0011870396556332707,0.7913562059402466,0.005445916671305895
glm,pittsburgh,p1_greedy,2025-11-15,0.8231922388076782,-0.04411345653013371,0.18286094069480896,0.0012151928385719657,0.8137108683586121,0.005432346370071173
glm,pittsburgh,p2_nm,2025-11-15,0.7761955857276917,-0.23105829371129047,0.21307802200317383,0.0011867830762639642,0.8211624622344971,0.005399108864367008
glm,pittsburgh,p2_wdf,2025-11-15,0.7419787645339966,-0.02549633820393657,0.18849001824855804,0.0012255787150934339,0.7436661720275879,0.005489152856171131
glm,portland,nearest,2025-10-08,0.8259592056274414,0.1371646393918926,0.12839631736278534,0.043623536825180054,0.8541176319122314,0.009090573526918888
glm,portland,nearest_norepo,2025-10-08,0.33055391907691956,0.026878377356793166,0.17349427938461304,0.034780219197273254,0.796470582485199,0.4687243700027466
glm,portland,p1_greedy,2025-10-08,0.3325081765651703,0.05006472271073208,0.16475634276866913,0.034446604549884796,0.7747058868408203,0.478996217250824
glm,portland,p2_nm,2025-10-08,0.32054808735847473,0.03138730996278344,0.17160016298294067,0.038188088685274124,0.7764706015586853,0.48193874955177307
glm,portland,p2_wdf,2025-10-08,0.2837027311325073,-0.15594602136435506,0.14501972496509552,0.03248881921172142,0.7494117617607117,0.48471659421920776
glm,portland,nearest,2025-11-15,0.8861022591590881,-0.036967291357370924,0.18843896687030792,0.001532315043732524,0.9122933149337769,0.003752145217731595
glm,portland,nearest_norepo,2025-11-15,0.43714529275894165,-0.017561352352899302,0.17557962238788605,0.03881377354264259,0.8504672646522522,0.4161139130592346
glm,portland,p1_greedy,2025-11-15,0.45218658447265625,0.12881452685245257,0.16954664885997772,0.03738505765795708,0.8634076118469238,0.41437116265296936
glm,portland,p2_nm,2025-11-15,0.4548717439174652,0.03747468054226758,0.19433468580245972,0.04296671971678734,0.8641265034675598,0.4218256175518036
glm,portland,p2_wdf,2025-11-15,0.32207024097442627,0.26316149558703344,0.17144958674907684,0.050678737461566925,0.7555715441703796,0.43664512038230896
glm,panaji,nearest,2025-10-08,0.3752782344818115,-0.013440686638725588,0.12663376331329346,0.024676959961652756,0.7549669146537781,0.382737398147583
glm,panaji,nearest_norepo,2025-10-08,0.2404921054840088,0.054885588958729706,0.1469283252954483,0.024986347183585167,0.6754966974258423,0.3958311975002289
glm,panaji,p1_greedy,2025-10-08,0.23300883173942566,-0.3775522343272558,0.22343823313713074,0.0273138377815485,0.6490066051483154,0.39591705799102783
glm,panaji,p2_nm,2025-10-08,0.21768301725387573,-0.39198163163468097,0.18569065630435944,0.028356492519378662,0.6423841118812561,0.3945815861225128
glm,panaji,p2_wdf,2025-10-08,0.21759037673473358,-0.25620153804424356,0.26608866453170776,0.0275107491761446,0.5231788158416748,0.39457136392593384
glm,panaji,nearest,2025-11-15,0.4454460144042969,0.060596528036860005,0.17749975621700287,0.027680043131113052,0.8303571343421936,0.32354241609573364
glm,panaji,nearest_norepo,2025-11-15,0.4303053915500641,0.08771491878541733,0.15370424091815948,0.02720363810658455,0.7857142686843872,0.3343096673488617
glm,panaji,p1_greedy,2025-11-15,0.5034512281417847,-0.5979136912763572,0.061312802135944366,0.026843106374144554,0.8125,0.3349115550518036
glm,panaji,p2_nm,2025-11-15,0.3650171160697937,0.7250201763291864,0.3530751168727875,0.025483015924692154,0.6785714030265808,0.33569368720054626
glm,panaji,p2_wdf,2025-11-15,0.15779045224189758,-0.6195953156403864,0.17561179399490356,0.023069415241479874,0.6160714030265808,0.33521807193756104
glm,udaipur,nearest,2025-10-08,0.46967366337776184,-0.2403703444350049,0.20086483657360077,0.07210084050893784,0.8190476298332214,0.3791423439979553
glm,udaipur,nearest_norepo,2025-10-08,0.44776028394699097,0.2150910044461909,0.1966543197631836,0.050271980464458466,0.8190476298332214,0.4045552909374237
glm,udaipur,p1_greedy,2025-10-08,0.42324358224868774,0.2479574058300914,0.23075291514396667,0.04920991137623787,0.7904762029647827,0.4020046293735504
glm,udaipur,p2_nm,2025-10-08,0.434628427028656,0.25714189554751865,0.17832694947719574,0.051276110112667084,0.7968254089355469,0.4023693799972534
glm,udaipur,p2_wdf,2025-10-08,0.2818780541419983,0.05810002564085966,0.21278570592403412,0.04755910858511925,0.644444465637207,0.4059881269931793
glm,udaipur,nearest,2025-11-15,0.6962814331054688,0.14294630938489747,0.11607280373573303,0.09704945981502533,0.9386281371116638,0.31381815671920776
glm,udaipur,nearest_norepo,2025-11-15,0.6136918067932129,0.03578484075686716,0.16342397034168243,0.06094177067279816,0.916967511177063,0.35202154517173767
glm,udaipur,p1_greedy,2025-11-15,0.6188722252845764,0.489830051617503,0.14241273701190948,0.06199261173605919,0.916967511177063,0.35153406858444214
glm,udaipur,p2_nm,2025-11-15,0.6476415991783142,0.5463318671413783,0.10927601903676987,0.06279708445072174,0.9314079284667969,0.35211360454559326
glm,udaipur,p2_wdf,2025-11-15,0.3441232144832611,0.1800760416890281,0.2020696997642517,0.06249646097421646,0.6209385991096497,0.3504970073699951
glm,puducherry,nearest,2025-10-08,0.5198764204978943,0.2967227880224018,0.13155490159988403,0.029184602200984955,0.8372092843055725,0.34574976563453674
glm,puducherry,nearest_norepo,2025-10-08,0.4714548885822296,0.35054699127091066,0.15169411897659302,0.01854204572737217,0.8139534592628479,0.35892874002456665
glm,puducherry,p1_greedy,2025-10-08,0.43895381689071655,0.5646263182455821,0.1727299690246582,0.018158067017793655,0.7732558250427246,0.35894307494163513
glm,puducherry,p2_nm,2025-10-08,0.3825610280036926,0.11874006036310607,0.21478210389614105,0.023690618574619293,0.7732558250427246,0.35994675755500793
glm,puducherry,p2_wdf,2025-10-08,0.411577433347702,0.0022469541950587693,0.1780383437871933,0.014612650498747826,0.7441860437393188,0.35808125138282776
glm,puducherry,nearest,2025-11-15,0.6246985197067261,-0.2159800138898724,0.08089035749435425,0.022541984915733337,0.8333333134651184,0.26479724049568176
glm,puducherry,nearest_norepo,2025-11-15,0.6421964168548584,0.3980834675967837,0.07224581390619278,0.012209532782435417,0.9090909361839294,0.29039081931114197
glm,puducherry,p1_greedy,2025-11-15,0.5924000144004822,0.7387025935422934,0.13571980595588684,0.011598940007388592,0.8560606241226196,0.28779545426368713
glm,puducherry,p2_nm,2025-11-15,0.5059962868690491,0.24045533596099242,0.15373297035694122,0.01043477188795805,0.7954545617103577,0.28977060317993164
glm,puducherry,p2_wdf,2025-11-15,0.538841962814331,0.4709008055338531,0.14773552119731903,0.013741450384259224,0.8030303120613098,0.2901734709739685
glm,boulder,nearest,2025-10-08,0.4533250629901886,0.0583942195814115,0.18616600334644318,0.020322229713201523,0.8411552309989929,0.3678157329559326
glm,boulder,nearest_norepo,2025-10-08,0.46602165699005127,-0.057080335554734844,0.15188385546207428,0.01829129457473755,0.833935022354126,0.36849793791770935
glm,boulder,p1_greedy,2025-10-08,0.420492023229599,0.04899526240941583,0.15932303667068481,0.016069669276475906,0.8122743964195251,0.3684266209602356
glm,boulder,p2_nm,2025-10-08,0.4586640000343323,-0.018782192510240884,0.1739751696586609,0.020673807710409164,0.8122743964195251,0.3695235550403595
glm,boulder,p2_wdf,2025-10-08,0.38814330101013184,-0.1971615539103718,0.19768601655960083,0.01849285513162613,0.7617328763008118,0.367446631193161
glm,boulder,nearest,2025-11-15,0.5470255017280579,-0.16876125604462588,0.16743694245815277,0.018873166292905807,0.8158996105194092,0.2860318422317505
glm,boulder,nearest_norepo,2025-11-15,0.566166341304779,0.2538332297172992,0.1557341068983078,0.01908843033015728,0.8410041928291321,0.28860342502593994
glm,boulder,p1_greedy,2025-11-15,0.4998428523540497,-0.21496848858888395,0.19777235388755798,0.01986517198383808,0.8242678046226501,0.2887977659702301
glm,boulder,p2_nm,2025-11-15,0.5603076815605164,-0.2566444188841721,0.14648555219173431,0.018373174592852592,0.8368200659751892,0.28895387053489685
glm,boulder,p2_wdf,2025-11-15,0.5114713907241821,0.02119399724352152,0.21035130321979523,0.018242932856082916,0.7656903862953186,0.2891606092453003
glm,annarbor,nearest,2025-10-08,0.45835521817207336,-0.19430666390980286,0.14509809017181396,0.027917511761188507,0.8483964800834656,0.4202105402946472
glm,annarbor,nearest_norepo,2025-10-08,0.41803309321403503,0.4272196725936335,0.15505993366241455,0.024899793788790703,0.8309037685394287,0.42705655097961426
glm,annarbor,p1_greedy,2025-10-08,0.38263052701950073,0.20317164331616655,0.16039401292800903,0.026262974366545677,0.7988338470458984,0.4270443320274353
glm,annarbor,p2_nm,2025-10-08,0.38965147733688354,-0.003945567154695558,0.18264470994472504,0.026375459507107735,0.8046647310256958,0.4260665774345398
glm,annarbor,p2_wdf,2025-10-08,0.35815945267677307,0.05895047824006142,0.12462599575519562,0.026508845388889313,0.7900874614715576,0.4273977279663086
glm,annarbor,nearest,2025-11-15,0.609481930732727,0.10386618764695163,0.13066574931144714,0.033167872577905655,0.9389312863349915,0.3493885397911072
glm,annarbor,nearest_norepo,2025-11-15,0.5864630341529846,0.2547586793038873,0.11838449537754059,0.0308609027415514,0.9427480697631836,0.3604080080986023
glm,annarbor,p1_greedy,2025-11-15,0.5636509656906128,0.12918114173515075,0.10965444147586823,0.030504317954182625,0.9045801758766174,0.3601420223712921
glm,annarbor,p2_nm,2025-11-15,0.5077922344207764,0.26266641562258847,0.14610391855239868,0.03053637035191059,0.8816794157028198,0.36111193895339966
glm,annarbor,p2_wdf,2025-11-15,0.48117583990097046,-0.11183107358809179,0.1871902197599411,0.03123919852077961,0.7900763154029846,0.3612467646598816
mlp,sf,nearest,2025-10-08,0.25055021047592163,0.18052339232568157,0.08560226857662201,0.13457651436328888,0.9610183238983154,0.7508349418640137
mlp,sf,nearest_norepo,2025-10-08,0.18728916347026825,0.22261627662948155,0.0915575921535492,0.10249869525432587,0.9470962882041931,0.7847586274147034
mlp,sf,p1_greedy,2025-10-08,0.17281413078308105,0.15253191617031325,0.09667938202619553,0.10007505118846893,0.9295942783355713,0.7828139662742615
mlp,sf,p2_nm,2025-10-08,0.18812856078147888,0.184772237428065,0.10628010332584381,0.09837767481803894,0.9419252276420593,0.7824908494949341
mlp,sf,p2_wdf,2025-10-08,0.1732552945613861,0.28293700328430926,0.14873358607292175,0.14224781095981598,0.8321400284767151,0.719088613986969
mlp,sf,nearest,2025-11-15,0.16639158129692078,0.13446547252121127,0.07225893437862396,0.10101605951786041,0.9674620628356934,0.8281492590904236
mlp,sf,nearest_norepo,2025-11-15,0.16242392361164093,0.33337412050501275,0.07368476688861847,0.08936343342065811,0.9609544277191162,0.8101181983947754
mlp,sf,p1_greedy,2025-11-15,0.1505526900291443,0.14224188131570115,0.0757347047328949,0.08738674968481064,0.9422993659973145,0.810083270072937
mlp,sf,p2_nm,2025-11-15,0.16458632051944733,0.22393630424590721,0.08457224071025848,0.08804372698068619,0.9544468522071838,0.8073673248291016
mlp,sf,p2_wdf,2025-11-15,0.1367555856704712,0.12183134620827947,0.1394249051809311,0.10871880501508713,0.8377440571784973,0.782216489315033
mlp,pune,nearest,2025-10-08,0.17424516379833221,0.3817562721464081,0.18320143222808838,0.07774624973535538,0.8069374561309814,0.6734218597412109
mlp,pune,nearest_norepo,2025-10-08,0.24719996750354767,0.38757400578421325,0.16062553226947784,0.11161854863166809,0.7462345957756042,0.5341556668281555
mlp,pune,p1_greedy,2025-10-08,0.23489591479301453,0.12232770138223623,0.17607006430625916,0.10767924040555954,0.7234139442443848,0.5507628917694092
mlp,pune,p2_nm,2025-10-08,0.2548687160015106,0.2083495421340573,0.17351441085338593,0.11199714243412018,0.744865357875824,0.5345723032951355
mlp,pune,p2_wdf,2025-10-08,0.16253410279750824,0.23711858146361853,0.1639409065246582,0.10588519275188446,0.6239160299301147,0.5333447456359863
mlp,pune,nearest,2025-11-15,0.20769253373146057,0.3815187523182716,0.1441233903169632,0.09887678921222687,0.8581971526145935,0.6899538636207581
mlp,pune,nearest_norepo,2025-11-15,0.25880780816078186,0.17087495550608492,0.1496545821428299,0.12956926226615906,0.7912493348121643,0.5870828032493591
mlp,pune,p1_greedy,2025-11-15,0.27355214953422546,0.0974968672725136,0.14929817616939545,0.12963691353797913,0.7938850522041321,0.5860539078712463
mlp,pune,p2_nm,2025-11-15,0.2776772975921631,0.05454118927703961,0.1426701545715332,0.12864606082439423,0.7780706286430359,0.5751398205757141
mlp,pune,p2_wdf,2025-11-15,0.15097202360630035,0.279601609925962,0.18026243150234222,0.12454916536808014,0.623089075088501,0.5704362392425537
mlp,navimumbai,nearest,2025-10-08,0.42953017354011536,0.29359686592465567,0.13189561665058136,0.14629536867141724,0.8623978495597839,0.44610628485679626
mlp,navimumbai,nearest_norepo,2025-10-08,0.5423262119293213,0.20140594925038952,0.16464442014694214,0.10934419929981232,0.807901918888092,0.2903188169002533
mlp,navimumbai,p1_greedy,2025-10-08,0.4527650475502014,0.16230395087637423,0.14076381921768188,0.12029584497213364,0.7983651161193848,0.36424100399017334
mlp,navimumbai,p2_nm,2025-10-08,0.5292187929153442,0.031993648681148956,0.13218872249126434,0.11080523580312729,0.8051770925521851,0.3072657287120819
mlp,navimumbai,p2_wdf,2025-10-08,0.32870519161224365,0.3558793671603449,0.18534687161445618,0.1360132396221161,0.692098081111908,0.3833301067352295
mlp,navimumbai,nearest,2025-11-15,0.33730658888816833,0.19879933096837174,0.12243372946977615,0.11749862879514694,0.9288194179534912,0.566672682762146
mlp,navimumbai,nearest_norepo,2025-11-15,0.4925777316093445,0.14543755355601512,0.12246531993150711,0.11423303931951523,0.9045138955116272,0.41080692410469055
mlp,navimumbai,p1_greedy,2025-11-15,0.44425883889198303,0.12652601414710474,0.13652187585830688,0.1142624169588089,0.90625,0.4452635943889618
mlp,navimumbai,p2_nm,2025-11-15,0.4830944836139679,0.22621301068513391,0.11773449182510376,0.12196222692728043,0.9079861044883728,0.4192346930503845
mlp,navimumbai,p2_wdf,2025-11-15,0.25001993775367737,0.359510988279264,0.1841241717338562,0.11821480095386505,0.7274305820465088,0.48005813360214233
mlp,thane,nearest,2025-10-08,0.23965300619602203,0.11733859885172103,0.14189471304416656,0.14973321557044983,0.8210023641586304,0.6505698561668396
mlp,thane,nearest_norepo,2025-10-08,0.22837860882282257,0.17376699588679576,0.14890924096107483,0.146083265542984,0.7677008509635925,0.5887794494628906
mlp,thane,p1_greedy,2025-10-08,0.2365788370370865,0.17797922992909113,0.19758805632591248,0.14522157609462738,0.7374701499938965,0.587203860282898
mlp,thane,p2_nm,2025-10-08,0.21180860698223114,0.26026268528342306,0.1819114238023758,0.14559854567050934,0.7478122711181641,0.5846450328826904
mlp,thane,p2_wdf,2025-10-08,0.18994644284248352,0.19311933337144874,0.19545428454875946,0.14442043006420135,0.6420047879219055,0.5720674395561218
mlp,thane,nearest,2025-11-15,0.29300451278686523,0.241494445253934,0.12122751772403717,0.15227915346622467,0.8990740776062012,0.6494088768959045
mlp,thane,nearest_norepo,2025-11-15,0.36986932158470154,0.06214934249486261,0.12980975210666656,0.1462954580783844,0.8675925731658936,0.5413159132003784
mlp,thane,p1_greedy,2025-11-15,0.3907526433467865,0.17413793803247488,0.1369161754846573,0.1503877490758896,0.8722222447395325,0.5256966948509216
mlp,thane,p2_nm,2025-11-15,0.38513633608818054,0.05955154740240645,0.14272227883338928,0.14279921352863312,0.8777777552604675,0.539847731590271
mlp,thane,p2_wdf,2025-11-15,0.2257048338651657,0.04023451208834591,0.1869724839925766,0.14315500855445862,0.6740740537643433,0.5488047003746033
mlp,arlington,nearest,2025-10-08,0.28899767994880676,0.33718370483954585,0.11495572328567505,0.1801600605249405,0.8818973898887634,0.6362046599388123
mlp,arlington,nearest_norepo,2025-10-08,0.35718828439712524,0.18416715012817847,0.10929703712463379,0.1750553995370865,0.8606001734733582,0.5689730644226074
mlp,arlington,p1_greedy,2025-10-08,0.32636675238609314,0.11712452005314902,0.10616220533847809,0.18735870718955994,0.846079409122467,0.597036600112915
mlp,arlington,p2_nm,2025-10-08,0.3063533306121826,0.11574453269090335,0.09989101439714432,0.1679653376340866,0.8373668789863586,0.5980400443077087
mlp,arlington,p2_wdf,2025-10-08,0.2652271091938019,0.055933726753622265,0.1308811455965042,0.16426940262317657,0.7676669955253601,0.5656130909919739
mlp,arlington,nearest,2025-11-15,0.3439386785030365,0.14885753908447938,0.10299260169267654,0.18277229368686676,0.880141019821167,0.5752918720245361
mlp,arlington,nearest_norepo,2025-11-15,0.41714903712272644,0.4499820959284159,0.12475378066301346,0.16249436140060425,0.8789659142494202,0.48803868889808655
mlp,arlington,p1_greedy,2025-11-15,0.43802890181541443,0.3620109558884926,0.1364302933216095,0.17285265028476715,0.8683901429176331,0.4674410820007324
mlp,arlington,p2_nm,2025-11-15,0.4434693455696106,0.13328716890146858,0.12042607367038727,0.1750553995370865,0.8860164284706116,0.4841660261154175
mlp,arlington,p2_wdf,2025-11-15,0.318673700094223,0.28471392156267117,0.12120451033115387,0.17402614653110504,0.7967097759246826,0.5057443380355835
mlp,nagpur,nearest,2025-10-08,0.16790716350078583,-0.11878876788017761,0.13968561589717865,0.1198437362909317,0.7973381876945496,0.7764673233032227
mlp,nagpur,nearest_norepo,2025-10-08,0.23883548378944397,-0.1945313438499259,0.15815745294094086,0.14860452711582184,0.7338172793388367,0.6299881339073181
mlp,nagpur,p1_greedy,2025-10-08,0.2529926598072052,-0.1792838037189425,0.17044325172901154,0.15042392909526825,0.7174833416938782,0.63642817735672
mlp,nagpur,p2_nm,2025-10-08,0.23839633166790009,-0.29015416280829326,0.15004049241542816,0.14475299417972565,0.7368420958518982,0.6418275237083435
mlp,nagpur,p2_wdf,2025-10-08,0.19857414066791534,0.08068386985913936,0.14617259800434113,0.14289771020412445,0.6085904240608215,0.5385468602180481
mlp,nagpur,nearest,2025-11-15,0.20217838883399963,0.06698526412103697,0.1245327964425087,0.1192077249288559,0.8608438372612,0.7280368208885193
mlp,nagpur,nearest_norepo,2025-11-15,0.28187429904937744,0.0903017963748062,0.13015496730804443,0.13761833310127258,0.8312361240386963,0.615604043006897
mlp,nagpur,p1_greedy,2025-11-15,0.2747091054916382,-0.014660745165059321,0.1321214735507965,0.14722204208374023,0.8297557234764099,0.634793758392334
mlp,nagpur,p2_nm,2025-11-15,0.27392488718032837,0.0376868373520788,0.12664398550987244,0.14404097199440002,0.821613609790802,0.6247232556343079
mlp,nagpur,p2_wdf,2025-11-15,0.21649038791656494,0.16665904243004412,0.16134905815124512,0.1272583305835724,0.6395262479782104,0.5033974647521973
mlp,coimbatore,nearest,2025-10-08,0.21507517993450165,0.2023735065381723,0.16689495742321014,0.0667744055390358,0.7801120281219482,0.6261972188949585
mlp,coimbatore,nearest_norepo,2025-10-08,0.23825298249721527,0.36663991116170047,0.17977678775787354,0.0793365016579628,0.7128851413726807,0.5057768225669861
mlp,coimbatore,p1_greedy,2025-10-08,0.24680176377296448,0.27460908033112036,0.16935136914253235,0.08077894151210785,0.7254902124404907,0.5278142094612122
mlp,coimbatore,p2_nm,2025-10-08,0.2623250484466553,0.2901506947091874,0.17281405627727509,0.08041773736476898,0.7296918630599976,0.5116516351699829
mlp,coimbatore,p2_wdf,2025-10-08,0.14638076722621918,0.22689901161743561,0.18112432956695557,0.0775960236787796,0.5700280070304871,0.5213157534599304
mlp,coimbatore,nearest,2025-11-15,0.21706430613994598,0.22561156095631532,0.13817694783210754,0.08791588246822357,0.8019017577171326,0.6193281412124634
mlp,coimbatore,nearest_norepo,2025-11-15,0.3030829429626465,0.1227483346889656,0.1681421548128128,0.12392500042915344,0.7717908024787903,0.5261064171791077
mlp,coimbatore,p1_greedy,2025-11-15,0.3001333773136139,-0.035378786994504335,0.16539926826953888,0.11597389727830887,0.754358172416687,0.5393256545066833
mlp,coimbatore,p2_nm,2025-11-15,0.27216386795043945,0.20312373049813814,0.15614034235477448,0.11843742430210114,0.7765451669692993,0.5453765988349915
mlp,coimbatore,p2_wdf,2025-11-15,0.19255101680755615,0.09263465731099697,0.1964709311723709,0.12775999307632446,0.584786057472229,0.5323151350021362
mlp,chandigarh,nearest,2025-10-08,0.15126830339431763,0.15850617174766762,0.1303430050611496,0.08884754776954651,0.8635743260383606,0.697547197341919
mlp,chandigarh,nearest_norepo,2025-10-08,0.24298495054244995,-0.058751323016815585,0.14780588448047638,0.08478003740310669,0.8281036615371704,0.5654895901679993
mlp,chandigarh,p1_greedy,2025-10-08,0.24002212285995483,-0.17016572479539555,0.15062043070793152,0.08948025852441788,0.8130968809127808,0.5749022960662842
mlp,chandigarh,p2_nm,2025-10-08,0.2397470474243164,-0.19717874928968027,0.16696806252002716,0.08658143132925034,0.8090040683746338,0.5779755115509033
mlp,chandigarh,p2_wdf,2025-10-08,0.16057366132736206,0.011310390121873647,0.1762620061635971,0.08932726830244064,0.6425647735595703,0.5832184553146362
mlp,chandigarh,nearest,2025-11-15,0.2084503471851349,0.35241709364945206,0.11406403034925461,0.07183488458395004,0.9192439913749695,0.6746971011161804
mlp,chandigarh,nearest_norepo,2025-11-15,0.3642512857913971,0.07675287812699663,0.13838428258895874,0.08970630913972855,0.869415819644928,0.4971581697463989
mlp,chandigarh,p1_greedy,2025-11-15,0.3828786313533783,0.08962992853945632,0.1656748205423355,0.09111298620700836,0.900343656539917,0.5025352835655212
mlp,chandigarh,p2_nm,2025-11-15,0.3524054288864136,0.2805704317929636,0.1394769698381424,0.08548206835985184,0.8745704293251038,0.49802252650260925
mlp,chandigarh,p2_wdf,2025-11-15,0.1793915331363678,0.2728513882753186,0.1904016137123108,0.08148198574781418,0.6769759654998779,0.4927131235599518
mlp,pittsburgh,nearest,2025-10-08,0.23936837911605835,0.3540492812932433,0.17006170749664307,0.1433262676000595,0.8573369383811951,0.5340566635131836
mlp,pittsburgh,nearest_norepo,2025-10-08,0.28216078877449036,0.3446346166209211,0.1406996250152588,0.15101797878742218,0.8491848111152649,0.4840182065963745
mlp,pittsburgh,p1_greedy,2025-10-08,0.267630010843277,0.11851581156529346,0.1911872923374176,0.1499163657426834,0.823369562625885,0.49935755133628845
mlp,pittsburgh,p2_nm,2025-10-08,0.2538984417915344,0.3334159858274399,0.14010868966579437,0.1514436900615692,0.8260869383811951,0.504379153251648
mlp,pittsburgh,p2_wdf,2025-10-08,0.23845911026000977,0.12824043462118448,0.18069744110107422,0.15085415542125702,0.7785326242446899,0.49053311347961426
mlp,pittsburgh,nearest,2025-11-15,0.3050594627857208,0.05571156910740457,0.1554306298494339,0.1703818291425705,0.8673621416091919,0.5389753580093384
mlp,pittsburgh,nearest_norepo,2025-11-15,0.28958040475845337,0.11321482842329757,0.17148742079734802,0.1952393651008606,0.7913562059402466,0.5136916041374207
mlp,pittsburgh,p1_greedy,2025-11-15,0.29837724566459656,0.19434707907885154,0.18286094069480896,0.18666541576385498,0.8137108683586121,0.5151335597038269
mlp,pittsburgh,p2_nm,2025-11-15,0.2789320945739746,0.30471787945614626,0.21307802200317383,0.19237826764583588,0.8211624622344971,0.5128939747810364
mlp,pittsburgh,p2_wdf,2025-11-15,0.2517716884613037,0.06987688359496055,0.18849001824855804,0.19016267359256744,0.7436661720275879,0.5149326920509338
mlp,portland,nearest,2025-10-08,0.24131736159324646,0.3036135197532245,0.12839631736278534,0.15101756155490875,0.8541176319122314,0.6667700409889221
mlp,portland,nearest_norepo,2025-10-08,0.20650960505008698,0.3821993236047475,0.17349427938461304,0.15547923743724823,0.796470582485199,0.643393337726593
mlp,portland,p1_greedy,2025-10-08,0.19423095881938934,0.4426004812058105,0.16475634276866913,0.15847070515155792,0.7747058868408203,0.6533777713775635
mlp,portland,p2_nm,2025-10-08,0.2171214371919632,0.44441184981603216,0.17160016298294067,0.16192984580993652,0.7764706015586853,0.6255453824996948
mlp,portland,p2_wdf,2025-10-08,0.24274441599845886,0.3104080057605987,0.14501972496509552,0.15604396164417267,0.7494117617607117,0.5595155954360962
mlp,portland,nearest,2025-11-15,0.14735212922096252,0.7233152739245357,0.18843896687030792,0.13512946665287018,0.9122933149337769,0.780234158039093
mlp,portland,nearest_norepo,2025-11-15,0.1744946986436844,0.5033789890411826,0.17557962238788605,0.13713236153125763,0.8504672646522522,0.7179058194160461
mlp,portland,p1_greedy,2025-11-15,0.20769917964935303,0.4699869527799902,0.16954664885997772,0.13819758594036102,0.8634076118469238,0.6972969770431519
mlp,portland,p2_nm,2025-11-15,0.18376438319683075,0.5723370394960183,0.19433468580245972,0.1403040885925293,0.8641265034675598,0.7089637517929077
mlp,portland,p2_wdf,2025-11-15,0.12041770666837692,0.5833406460536735,0.17144958674907684,0.13879023492336273,0.7555715441703796,0.6815710663795471
mlp,panaji,nearest,2025-10-08,0.4120630919933319,-0.20438845948682766,0.12663376331329346,0.1137118712067604,0.7549669146537781,0.25978919863700867
mlp,panaji,nearest_norepo,2025-10-08,0.4295915365219116,-0.14773914280177466,0.1469283252954483,0.08530793339014053,0.6754966974258423,0.17334038019180298
mlp,panaji,p1_greedy,2025-10-08,0.3793081045150757,-0.3225543500382378,0.22343823313713074,0.10937286913394928,0.6490066051483154,0.2135932445526123
mlp,panaji,p2_nm,2025-10-08,0.3694846034049988,-0.15103721483962834,0.18569065630435944,0.08422646671533585,0.6423841118812561,0.16730891168117523
mlp,panaji,p2_wdf,2025-10-08,0.23514273762702942,0.13729877281157735,0.26608866453170776,0.12419208139181137,0.5231788158416748,0.23707890510559082
mlp,panaji,nearest,2025-11-15,0.11320935934782028,0.3503218031750558,0.17749975621700287,0.14033161103725433,0.8303571343421936,0.6567208766937256
mlp,panaji,nearest_norepo,2025-11-15,0.2294122725725174,-0.3685467707710681,0.15370424091815948,0.16606295108795166,0.7857142686843872,0.5551661252975464
mlp,panaji,p1_greedy,2025-11-15,0.2394326776266098,0.004306096175809832,0.061312802135944366,0.20977845788002014,0.8125,0.519086480140686
mlp,panaji,p2_nm,2025-11-15,0.32274922728538513,-0.20098239281092894,0.3530751168727875,0.16414016485214233,0.6785714030265808,0.5905176997184753
mlp,panaji,p2_wdf,2025-11-15,0.2193249762058258,0.62576546028228,0.17561179399490356,0.2037954032421112,0.6160714030265808,0.5881291627883911
mlp,udaipur,nearest,2025-10-08,0.25026240944862366,0.3336174892684201,0.20086483657360077,0.17922694981098175,0.8190476298332214,0.5105342268943787
mlp,udaipur,nearest_norepo,2025-10-08,0.4809873402118683,-0.15789124460370196,0.1966543197631836,0.17531991004943848,0.8190476298332214,0.32281386852264404
mlp,udaipur,p1_greedy,2025-10-08,0.4811696410179138,-0.07616824818012279,0.23075291514396667,0.1836867779493332,0.7904762029647827,0.3086823523044586
mlp,udaipur,p2_nm,2025-10-08,0.4686996042728424,-0.08550383542904104,0.17832694947719574,0.18438738584518433,0.7968254089355469,0.3120238184928894
mlp,udaipur,p2_wdf,2025-10-08,0.2876022458076477,-0.1288947262926646,0.21278570592403412,0.18231827020645142,0.644444465637207,0.3808715343475342
mlp,udaipur,nearest,2025-11-15,0.4444325268268585,-0.2112900186582262,0.11607280373573303,0.15303032100200653,0.9386281371116638,0.4615883529186249
mlp,udaipur,nearest_norepo,2025-11-15,0.5325351357460022,-0.06816711500866773,0.16342397034168243,0.1921941190958023,0.916967511177063,0.4342682659626007
mlp,udaipur,p1_greedy,2025-11-15,0.5355777144432068,-0.11354834021151552,0.14241273701190948,0.19830331206321716,0.916967511177063,0.43415752053260803
mlp,udaipur,p2_nm,2025-11-15,0.5135653614997864,-0.09963440590850707,0.10927601903676987,0.19914177060127258,0.9314079284667969,0.47251346707344055
mlp,udaipur,p2_wdf,2025-11-15,0.25677773356437683,0.12809943728912737,0.2020696997642517,0.2148292511701584,0.6209385991096497,0.5113462209701538
mlp,puducherry,nearest,2025-10-08,0.4951443076133728,0.2649014002842966,0.13155490159988403,0.15971770882606506,0.8372092843055725,0.3400258421897888
mlp,puducherry,nearest_norepo,2025-10-08,0.5744761228561401,-0.07557546913098392,0.15169411897659302,0.12532643973827362,0.8139534592628479,0.2300245612859726
mlp,puducherry,p1_greedy,2025-10-08,0.4920145571231842,0.21076193086419276,0.1727299690246582,0.13652193546295166,0.7732558250427246,0.28633201122283936
mlp,puducherry,p2_nm,2025-10-08,0.4787653088569641,0.0400607783463841,0.21478210389614105,0.12754707038402557,0.7732558250427246,0.2414066642522812
mlp,puducherry,p2_wdf,2025-10-08,0.48987245559692383,-0.1066961669493117,0.1780383437871933,0.13752798736095428,0.7441860437393188,0.26161062717437744
mlp,puducherry,nearest,2025-11-15,0.2285883128643036,0.3681745717726381,0.08089035749435425,0.19951143860816956,0.8333333134651184,0.5660465359687805
mlp,puducherry,nearest_norepo,2025-11-15,0.24888059496879578,0.023864370720373125,0.07224581390619278,0.24704714119434357,0.9090909361839294,0.6587362885475159
mlp,puducherry,p1_greedy,2025-11-15,0.24868451058864594,-0.18560783363709676,0.13571980595588684,0.20004764199256897,0.8560606241226196,0.6591741442680359
mlp,puducherry,p2_nm,2025-11-15,0.16546626389026642,0.41492808568712347,0.15373297035694122,0.16495688259601593,0.7954545617103577,0.6611251831054688
mlp,puducherry,p2_wdf,2025-11-15,0.171356663107872,0.3958082226671824,0.14773552119731903,0.16908791661262512,0.8030303120613098,0.6742135882377625
mlp,boulder,nearest,2025-10-08,0.523399293422699,0.5684584325232457,0.18616600334644318,0.11375575512647629,0.8411552309989929,0.26689499616622925
mlp,boulder,nearest_norepo,2025-10-08,0.5862584114074707,0.3562329045601065,0.15188385546207428,0.09544195234775543,0.833935022354126,0.22710931301116943
mlp,boulder,p1_greedy,2025-10-08,0.5455350279808044,0.375540355133035,0.15932303667068481,0.09549041837453842,0.8122743964195251,0.22283408045768738
mlp,boulder,p2_nm,2025-10-08,0.5508738160133362,0.3541452565127896,0.1739751696586609,0.10374759882688522,0.8122743964195251,0.24419750273227692
mlp,boulder,p2_wdf,2025-10-08,0.5021653175354004,0.3992672200868212,0.19768601655960083,0.10092177242040634,0.7617328763008118,0.2260809689760208
mlp,boulder,nearest,2025-11-15,0.5378977656364441,0.40879512545147556,0.16743694245815277,0.10327714681625366,0.8158996105194092,0.2613622546195984
mlp,boulder,nearest_norepo,2025-11-15,0.5590554475784302,-0.26948265396431925,0.1557341068983078,0.10593359917402267,0.8410041928291321,0.2732534110546112
mlp,boulder,p1_greedy,2025-11-15,0.5290525555610657,0.23548360843130042,0.19777235388755798,0.09428511559963226,0.8242678046226501,0.240492582321167
mlp,boulder,p2_nm,2025-11-15,0.5785455107688904,0.22575271414771492,0.14648555219173431,0.09430117905139923,0.8368200659751892,0.2438526749610901
mlp,boulder,p2_wdf,2025-11-15,0.5286810398101807,0.2955206267237523,0.21035130321979523,0.10758877545595169,0.7656903862953186,0.25192990899086
mlp,annarbor,nearest,2025-10-08,0.4466699957847595,0.30640135480684666,0.14509809017181396,0.17030522227287292,0.8483964800834656,0.3785088360309601
mlp,annarbor,nearest_norepo,2025-10-08,0.5458765029907227,-0.054649175668159154,0.15505993366241455,0.14657840132713318,0.8309037685394287,0.273901104927063
mlp,annarbor,p1_greedy,2025-10-08,0.4995518624782562,0.06748464188445333,0.16039401292800903,0.13049812614917755,0.7988338470458984,0.28121596574783325
mlp,annarbor,p2_nm,2025-10-08,0.507749080657959,0.230559797249844,0.18264470994472504,0.12830756604671478,0.8046647310256958,0.2745319902896881
mlp,annarbor,p2_wdf,2025-10-08,0.4803023934364319,0.4936418766511377,0.12462599575519562,0.12984243035316467,0.7900874614715576,0.26698026061058044
mlp,annarbor,nearest,2025-11-15,0.4719327688217163,0.2605577256522002,0.13066574931144714,0.1378038227558136,0.9389312863349915,0.41330066323280334
mlp,annarbor,nearest_norepo,2025-11-15,0.5925200581550598,0.1630503236180221,0.11838449537754059,0.14025335013866425,0.9427480697631836,0.3003567159175873
mlp,annarbor,p1_greedy,2025-11-15,0.5947054624557495,0.17754908600503905,0.10965444147586823,0.1271270364522934,0.9045801758766174,0.2874762713909149
mlp,annarbor,p2_nm,2025-11-15,0.5173690319061279,0.06242622019530905,0.14610391855239868,0.13336926698684692,0.8816794157028198,0.3081287145614624
mlp,annarbor,p2_wdf,2025-11-15,0.45969992876052856,0.36263418361491434,0.1871902197599411,0.1350034475326538,0.7900763154029846,0.3206618130207062
gru,sf,nearest,2025-10-08,0.28127771615982056,0.1856827755664251,0.08560226857662201,0.14977863430976868,0.9610183238983154,0.7325453758239746
gru,sf,nearest_norepo,2025-10-08,0.1941363513469696,0.13033543911238385,0.0915575921535492,0.15327739715576172,0.9470962882041931,0.8157910704612732
gru,sf,p1_greedy,2025-10-08,0.1967400312423706,0.10524078118479775,0.09667938202619553,0.16040349006652832,0.9295942783355713,0.8055336475372314
gru,sf,p2_nm,2025-10-08,0.2087094783782959,0.07128054831938578,0.10628010332584381,0.15597422420978546,0.9419252276420593,0.8048685789108276
gru,sf,p2_wdf,2025-10-08,0.13045227527618408,0.2728122699317879,0.14873358607292175,0.16476114094257355,0.8321400284767151,0.8342881798744202
gru,sf,nearest,2025-11-15,0.22929219901561737,0.10864581027608716,0.07225893437862396,0.13003578782081604,0.9674620628356934,0.7786763906478882
gru,sf,nearest_norepo,2025-11-15,0.18379634618759155,0.3102168988608745,0.07368476688861847,0.12936006486415863,0.9609544277191162,0.8153849840164185
gru,sf,p1_greedy,2025-11-15,0.17278437316417694,0.04763309050715415,0.0757347047328949,0.13100901246070862,0.9422993659973145,0.8189894556999207
gru,sf,p2_nm,2025-11-15,0.18255271017551422,0.14801232120751912,0.08457224071025848,0.13007044792175293,0.9544468522071838,0.8193124532699585
gru,sf,p2_wdf,2025-11-15,0.12696515023708344,0.11398576389250381,0.1394249051809311,0.12267083674669266,0.8377440571784973,0.8551509976387024
gru,pune,nearest,2025-10-08,0.13093961775302887,0.2756580296950146,0.18320143222808838,0.12819349765777588,0.8069374561309814,0.7969293594360352
gru,pune,nearest_norepo,2025-10-08,0.13737553358078003,0.43825820202070803,0.16062553226947784,0.17120659351348877,0.7462345957756042,0.6891427040100098
gru,pune,p1_greedy,2025-10-08,0.16785918176174164,0.0676346439857457,0.17607006430625916,0.1666780263185501,0.7234139442443848,0.6914551258087158
gru,pune,p2_nm,2025-10-08,0.17361150681972504,0.19707669697928976,0.17351441085338593,0.1734372228384018,0.744865357875824,0.6926634907722473
gru,pune,p2_wdf,2025-10-08,0.15388089418411255,0.22739378741039223,0.1639409065246582,0.1673745959997177,0.6239160299301147,0.621425211429596
gru,pune,nearest,2025-11-15,0.14815852046012878,0.3624354847443507,0.1441233903169632,0.13839218020439148,0.8581971526145935,0.7829947471618652
gru,pune,nearest_norepo,2025-11-15,0.1746998131275177,0.25750114139951297,0.1496545821428299,0.17862658202648163,0.7912493348121643,0.6981252431869507
gru,pune,p1_greedy,2025-11-15,0.1955343335866928,0.17776016656972057,0.14929817616939545,0.17579907178878784,0.7938850522041321,0.6824579834938049
gru,pune,p2_nm,2025-11-15,0.1853581815958023,0.22304300211238917,0.1426701545715332,0.176548033952713,0.7780706286430359,0.6831347346305847
gru,pune,p2_wdf,2025-11-15,0.13660477101802826,0.41862348775110364,0.18026243150234222,0.1633700281381607,0.623089075088501,0.6233900785446167
gru,navimumbai,nearest,2025-10-08,0.318999707698822,0.3219398415602405,0.13189561665058136,0.16820372641086578,0.8623978495597839,0.5584437251091003
gru,navimumbai,nearest_norepo,2025-10-08,0.5611487627029419,0.1464136143140711,0.16464442014694214,0.15771034359931946,0.807901918888092,0.2801399528980255
gru,navimumbai,p1_greedy,2025-10-08,0.5538530349731445,0.015752362884962744,0.14076381921768188,0.1427086889743805,0.7983651161193848,0.2672902047634125
gru,navimumbai,p2_nm,2025-10-08,0.5625699162483215,0.08137695731429452,0.13218872249126434,0.16197335720062256,0.8051770925521851,0.2830078899860382
gru,navimumbai,p2_wdf,2025-10-08,0.44206541776657104,0.2892034532238201,0.18534687161445618,0.17228229343891144,0.692098081111908,0.28837597370147705
gru,navimumbai,nearest,2025-11-15,0.30092653632164,0.31807400304854033,0.12243372946977615,0.12948189675807953,0.9288194179534912,0.5992428064346313
gru,navimumbai,nearest_norepo,2025-11-15,0.5805336236953735,0.2969665601518752,0.12246531993150711,0.14069238305091858,0.9045138955116272,0.32929396629333496
gru,navimumbai,p1_greedy,2025-11-15,0.5750340819358826,0.27089694811612525,0.13652187585830688,0.1711268424987793,0.90625,0.32477980852127075
gru,navimumbai,p2_nm,2025-11-15,0.5870010256767273,0.2562865676894456,0.11773449182510376,0.14339126646518707,0.9079861044883728,0.3268292546272278
gru,navimumbai,p2_wdf,2025-11-15,0.43953630328178406,0.34195892437444736,0.1841241717338562,0.17153479158878326,0.7274305820465088,0.3008432686328888
gru,thane,nearest,2025-10-08,0.2567257881164551,0.09903521278127365,0.14189471304416656,0.16989292204380035,0.8210023641586304,0.6444952487945557
gru,thane,nearest_norepo,2025-10-08,0.33508139848709106,0.23681633049127673,0.14890924096107483,0.21188193559646606,0.7677008509635925,0.5183829665184021
gru,thane,p1_greedy,2025-10-08,0.3353897035121918,0.19125332191421887,0.19758805632591248,0.20131374895572662,0.7374701499938965,0.5199637413024902
gru,thane,p2_nm,2025-10-08,0.3130044937133789,0.2883479499745716,0.1819114238023758,0.2080005705356598,0.7478122711181641,0.5162822008132935
gru,thane,p2_wdf,2025-10-08,0.29266300797462463,0.1916128087084261,0.19545428454875946,0.20781338214874268,0.6420047879219055,0.4731398820877075
gru,thane,nearest,2025-11-15,0.31297793984413147,0.21211490733370184,0.12122751772403717,0.17414048314094543,0.8990740776062012,0.6433176398277283
gru,thane,nearest_norepo,2025-11-15,0.42468684911727905,0.05656636332317944,0.12980975210666656,0.19497020542621613,0.8675925731658936,0.518363356590271
gru,thane,p1_greedy,2025-11-15,0.45698416233062744,0.13455157764780928,0.1369161754846573,0.20149099826812744,0.8722222447395325,0.49442756175994873
gru,thane,p2_nm,2025-11-15,0.46258920431137085,0.035223829939118795,0.14272227883338928,0.19528166949748993,0.8777777552604675,0.4972330629825592
gru,thane,p2_wdf,2025-11-15,0.3356039822101593,0.08324600538123013,0.1869724839925766,0.2052672654390335,0.6740740537643433,0.4631275534629822
gru,arlington,nearest,2025-10-08,0.2687126398086548,0.3472211488609886,0.11495572328567505,0.2267824411392212,0.8818973898887634,0.7378688454627991
gru,arlington,nearest_norepo,2025-10-08,0.20612484216690063,0.15141105016739004,0.10929703712463379,0.24169936776161194,0.8606001734733582,0.760617733001709
gru,arlington,p1_greedy,2025-10-08,0.22347459197044373,0.14789327056866974,0.10616220533847809,0.24928510189056396,0.846079409122467,0.7518851161003113
gru,arlington,p2_nm,2025-10-08,0.22219513356685638,0.06399257883854587,0.09989101439714432,0.24434594810009003,0.8373668789863586,0.7505523562431335
gru,arlington,p2_wdf,2025-10-08,0.20125514268875122,0.04777466451592247,0.1308811455965042,0.2353181391954422,0.7676669955253601,0.7048981189727783
gru,arlington,nearest,2025-11-15,0.24646691977977753,0.16836412504625928,0.10299260169267654,0.23350034654140472,0.880141019821167,0.7372850775718689
gru,arlington,nearest_norepo,2025-11-15,0.2143893837928772,0.3874943957322205,0.12475378066301346,0.22274184226989746,0.8789659142494202,0.7412000894546509
gru,arlington,p1_greedy,2025-11-15,0.21474617719650269,0.2963565055845349,0.1364302933216095,0.21900954842567444,0.8683901429176331,0.7395923137664795
gru,arlington,p2_nm,2025-11-15,0.2365463376045227,0.07865456794058169,0.12042607367038727,0.2274731695652008,0.8860164284706116,0.7474191784858704
gru,arlington,p2_wdf,2025-11-15,0.17278186976909637,0.168039655839493,0.12120451033115387,0.2179470956325531,0.7967097759246826,0.7192926406860352
gru,nagpur,nearest,2025-10-08,0.2164180874824524,-0.17307816215198582,0.13968561589717865,0.2046322524547577,0.7973381876945496,0.8115556836128235
gru,nagpur,nearest_norepo,2025-10-08,0.21157875657081604,-0.09503404784622625,0.15815745294094086,0.22884872555732727,0.7338172793388367,0.7269472479820251
gru,nagpur,p1_greedy,2025-10-08,0.24115656316280365,-0.12204267434646011,0.17044325172901154,0.23067152500152588,0.7174833416938782,0.7392581105232239
gru,nagpur,p2_nm,2025-10-08,0.2304827868938446,-0.25405224250488834,0.15004049241542816,0.22484198212623596,0.7368420958518982,0.737541139125824
gru,nagpur,p2_wdf,2025-10-08,0.19158126413822174,0.17655538666039955,0.14617259800434113,0.2128860205411911,0.6085904240608215,0.6139482259750366
gru,nagpur,nearest,2025-11-15,0.16954942047595978,0.06705706990812017,0.1245327964425087,0.17751912772655487,0.8608438372612,0.7788334488868713
gru,nagpur,nearest_norepo,2025-11-15,0.1903742104768753,0.15011912201128375,0.13015496730804443,0.19794829189777374,0.8312361240386963,0.7280624508857727
gru,nagpur,p1_greedy,2025-11-15,0.19110818207263947,0.050470107796584486,0.1321214735507965,0.20584701001644135,0.8297557234764099,0.7290922999382019
gru,nagpur,p2_nm,2025-11-15,0.1923590898513794,0.02710548511612744,0.12664398550987244,0.20876185595989227,0.821613609790802,0.7328582406044006
gru,nagpur,p2_wdf,2025-11-15,0.1506979763507843,0.2244215609562912,0.16134905815124512,0.16479167342185974,0.6395262479782104,0.5995872020721436
gru,coimbatore,nearest,2025-10-08,0.22259221971035004,0.020306283397154398,0.16689495742321014,0.15337660908699036,0.7801120281219482,0.7179027795791626
gru,coimbatore,nearest_norepo,2025-10-08,0.20382475852966309,0.36497937928028573,0.17977678775787354,0.1909375637769699,0.7128851413726807,0.6399776935577393
gru,coimbatore,p1_greedy,2025-10-08,0.2345152348279953,0.1826710019525417,0.16935136914253235,0.19262664020061493,0.7254902124404907,0.6444571614265442
gru,coimbatore,p2_nm,2025-10-08,0.2255675345659256,0.23874105402943618,0.17281405627727509,0.19382615387439728,0.7296918630599976,0.6473660469055176
gru,coimbatore,p2_wdf,2025-10-08,0.18076519668102264,0.16991411590675237,0.18112432956695557,0.17528799176216125,0.5700280070304871,0.5900248289108276
gru,coimbatore,nearest,2025-11-15,0.18949535489082336,0.30282826984418515,0.13817694783210754,0.17245809733867645,0.8019017577171326,0.6825702786445618
gru,coimbatore,nearest_norepo,2025-11-15,0.27480727434158325,0.15403188451780808,0.1681421548128128,0.21859221160411835,0.7717908024787903,0.6008742451667786
gru,coimbatore,p1_greedy,2025-11-15,0.29654309153556824,-0.031154063751242685,0.16539926826953888,0.22900302708148956,0.754358172416687,0.6129014492034912
gru,coimbatore,p2_nm,2025-11-15,0.24920551478862762,0.2972364977572815,0.15614034235477448,0.2303636223077774,0.7765451669692993,0.6194771528244019
gru,coimbatore,p2_wdf,2025-11-15,0.20960314571857452,0.1458002712097823,0.1964709311723709,0.21520772576332092,0.584786057472229,0.572411060333252
gru,chandigarh,nearest,2025-10-08,0.20672360062599182,0.2745825147566966,0.1303430050611496,0.12574051320552826,0.8635743260383606,0.6311384439468384
gru,chandigarh,nearest_norepo,2025-10-08,0.47953009605407715,-0.049768780268465686,0.14780588448047638,0.14306946098804474,0.8281036615371704,0.33816733956336975
gru,chandigarh,p1_greedy,2025-10-08,0.4714655578136444,-0.09708841617017164,0.15062043070793152,0.14106979966163635,0.8130968809127808,0.3419969975948334
gru,chandigarh,p2_nm,2025-10-08,0.45893457531929016,-0.12878474512186164,0.16696806252002716,0.13724632561206818,0.8090040683746338,0.34536707401275635
gru,chandigarh,p2_wdf,2025-10-08,0.3164583444595337,0.013503155153034635,0.1762620061635971,0.15886858105659485,0.6425647735595703,0.3373297154903412
gru,chandigarh,nearest,2025-11-15,0.3006928563117981,0.4875704070376868,0.11406403034925461,0.10515598207712173,0.9192439913749695,0.5694999694824219
gru,chandigarh,nearest_norepo,2025-11-15,0.5816864371299744,0.14396575838958367,0.13838428258895874,0.1203499361872673,0.869415819644928,0.2944001257419586
gru,chandigarh,p1_greedy,2025-11-15,0.5763342380523682,0.1617846863055292,0.1656748205423355,0.12482599914073944,0.900343656539917,0.3112339973449707
gru,chandigarh,p2_nm,2025-11-15,0.5606223344802856,0.36373630533954704,0.1394769698381424,0.11869063228368759,0.8745704293251038,0.29789820313453674
gru,chandigarh,p2_wdf,2025-11-15,0.3625345826148987,0.2926736460364168,0.1904016137123108,0.12273865193128586,0.6769759654998779,0.28944945335388184
gru,pittsburgh,nearest,2025-10-08,0.3580133616924286,0.30371260244662146,0.17006170749664307,0.18735763430595398,0.8573369383811951,0.39029598236083984
gru,pittsburgh,nearest_norepo,2025-10-08,0.59583979845047,0.3739839444646492,0.1406996250152588,0.15616342425346375,0.8491848111152649,0.20290371775627136
gru,pittsburgh,p1_greedy,2025-10-08,0.5265567898750305,0.16428570266125442,0.1911872923374176,0.1724269688129425,0.823369562625885,0.2296663373708725
gru,pittsburgh,p2_nm,2025-10-08,0.5484020113945007,0.31109285701132205,0.14010868966579437,0.1673515886068344,0.8260869383811951,0.23407518863677979
gru,pittsburgh,p2_wdf,2025-10-08,0.5501569509506226,0.05632598373614283,0.18069744110107422,0.14500467479228973,0.7785326242446899,0.17396385967731476
gru,pittsburgh,nearest,2025-11-15,0.42603614926338196,0.1562120973208663,0.1554306298494339,0.214044451713562,0.8673621416091919,0.3882924020290375
gru,pittsburgh,nearest_norepo,2025-11-15,0.4934803247451782,0.16975320622638557,0.17148742079734802,0.2117987424135208,0.7913562059402466,0.2980633080005646
gru,pittsburgh,p1_greedy,2025-11-15,0.5132763385772705,0.2983627252297066,0.18286094069480896,0.19619078934192657,0.8137108683586121,0.278095543384552
gru,pittsburgh,p2_nm,2025-11-15,0.4264480769634247,0.32208375437459863,0.21307802200317383,0.21247845888137817,0.8211624622344971,0.3232848048210144
gru,pittsburgh,p2_wdf,2025-11-15,0.4666284918785095,0.18304992810181483,0.18849001824855804,0.1785438358783722,0.7436661720275879,0.24431850016117096
gru,portland,nearest,2025-10-08,0.20448388159275055,0.23878893482312175,0.12839631736278534,0.2401457577943802,0.8541176319122314,0.8009039759635925
gru,portland,nearest_norepo,2025-10-08,0.17628304660320282,0.31551778294793464,0.17349427938461304,0.23134194314479828,0.796470582485199,0.7578193545341492
gru,portland,p1_greedy,2025-10-08,0.17754565179347992,0.3314782952102282,0.16475634276866913,0.2324686348438263,0.7747058868408203,0.7443513870239258
gru,portland,p2_nm,2025-10-08,0.17829468846321106,0.3906869431965358,0.17160016298294067,0.23262755572795868,0.7764706015586853,0.7589417695999146
gru,portland,p2_wdf,2025-10-08,0.15740761160850525,0.36528934682193076,0.14501972496509552,0.20021671056747437,0.7494117617607117,0.7006184458732605
gru,portland,nearest,2025-11-15,0.1586105227470398,0.5677645087960212,0.18843896687030792,0.19250166416168213,0.9122933149337769,0.8124198317527771
gru,portland,nearest_norepo,2025-11-15,0.15463022887706757,0.4778220444637291,0.17557962238788605,0.17329250276088715,0.8504672646522522,0.7666166424751282
gru,portland,p1_greedy,2025-11-15,0.1660483032464981,0.4268225234449586,0.16954664885997772,0.17202211916446686,0.8634076118469238,0.7630223631858826
gru,portland,p2_nm,2025-11-15,0.15217137336730957,0.5209315657412954,0.19433468580245972,0.17464026808738708,0.8641265034675598,0.7639099955558777
gru,portland,p2_wdf,2025-11-15,0.10711997002363205,0.57068293174587,0.17144958674907684,0.15819257497787476,0.7555715441703796,0.7277745008468628
gru,panaji,nearest,2025-10-08,0.18241102993488312,0.1428905319772233,0.12663376331329346,0.13160350918769836,0.7549669146537781,0.40917620062828064
gru,panaji,nearest_norepo,2025-10-08,0.2798842191696167,-0.027504526364231414,0.1469283252954483,0.21409718692302704,0.6754966974258423,0.33278897404670715
gru,panaji,p1_greedy,2025-10-08,0.30320629477500916,-0.07078208789173003,0.22343823313713074,0.21383967995643616,0.6490066051483154,0.3109404146671295
gru,panaji,p2_nm,2025-10-08,0.2256750762462616,-0.04265673164862694,0.18569065630435944,0.1971290111541748,0.6423841118812561,0.30983835458755493
gru,panaji,p2_wdf,2025-10-08,0.27185362577438354,-0.05567031622482685,0.26608866453170776,0.20895662903785706,0.5231788158416748,0.2962411046028137
gru,panaji,nearest,2025-11-15,0.15632818639278412,0.3137149905498515,0.17749975621700287,0.028563138097524643,0.8303571343421936,0.42144477367401123
gru,panaji,nearest_norepo,2025-11-15,0.3486040532588959,-0.16889522988923605,0.15370424091815948,0.18475715816020966,0.7857142686843872,0.25513437390327454
gru,panaji,p1_greedy,2025-11-15,0.4558746814727783,-0.32444543497044953,0.061312802135944366,0.17716336250305176,0.8125,0.24239042401313782
gru,panaji,p2_nm,2025-11-15,0.2963884770870209,0.08960193753222219,0.3530751168727875,0.16938680410385132,0.6785714030265808,0.26725056767463684
gru,panaji,p2_wdf,2025-11-15,0.16464827954769135,0.5335500996141076,0.17561179399490356,0.1960676610469818,0.6160714030265808,0.2485550045967102
gru,udaipur,nearest,2025-10-08,0.2283286601305008,0.3986250612981938,0.20086483657360077,0.2075769454240799,0.8190476298332214,0.4792361557483673
gru,udaipur,nearest_norepo,2025-10-08,0.5678653717041016,-0.163159415255963,0.1966543197631836,0.24096335470676422,0.8190476298332214,0.2567032277584076
gru,udaipur,p1_greedy,2025-10-08,0.5410962104797363,-0.1442082376355796,0.23075291514396667,0.24786265194416046,0.7904762029647827,0.2606618404388428
gru,udaipur,p2_nm,2025-10-08,0.5332324504852295,-0.1998777748284276,0.17832694947719574,0.25422120094299316,0.7968254089355469,0.2675488591194153
gru,udaipur,p2_wdf,2025-10-08,0.4187853932380676,-0.11222693299382544,0.21278570592403412,0.2510274052619934,0.644444465637207,0.2667999863624573
gru,udaipur,nearest,2025-11-15,0.3689521551132202,-0.1339330647538376,0.11607280373573303,0.1210949569940567,0.9386281371116638,0.4691634774208069
gru,udaipur,nearest_norepo,2025-11-15,0.6573132276535034,-0.11621077990111753,0.16342397034168243,0.22915564477443695,0.916967511177063,0.29630470275878906
gru,udaipur,p1_greedy,2025-11-15,0.6510457992553711,-0.05022621020026832,0.14241273701190948,0.23067402839660645,0.916967511177063,0.2930203974246979
gru,udaipur,p2_nm,2025-11-15,0.6715278625488281,-0.047071509149790955,0.10927601903676987,0.22400975227355957,0.9314079284667969,0.3008177876472473
gru,udaipur,p2_wdf,2025-11-15,0.44141900539398193,-0.05144307157646111,0.2020696997642517,0.22733311355113983,0.6209385991096497,0.2837435305118561
gru,puducherry,nearest,2025-10-08,0.30713656544685364,0.1785942397051967,0.13155490159988403,0.21582061052322388,0.8372092843055725,0.480776846408844
gru,puducherry,nearest_norepo,2025-10-08,0.39805713295936584,-0.22002095836987348,0.15169411897659302,0.264972448348999,0.8139534592628479,0.42308682203292847
gru,puducherry,p1_greedy,2025-10-08,0.3788128197193146,0.10805980910095483,0.1727299690246582,0.2675509750843048,0.7732558250427246,0.41284438967704773
gru,puducherry,p2_nm,2025-10-08,0.35403740406036377,-0.06273650567349524,0.21478210389614105,0.27065300941467285,0.7732558250427246,0.4188838601112366
gru,puducherry,p2_wdf,2025-10-08,0.36669111251831055,-0.1011887025970331,0.1780383437871933,0.2678713798522949,0.7441860437393188,0.40944942831993103
gru,puducherry,nearest,2025-11-15,0.28971436619758606,0.43206537710020226,0.08089035749435425,0.1649658977985382,0.8333333134651184,0.45164671540260315
gru,puducherry,nearest_norepo,2025-11-15,0.5250406265258789,-0.05129159347980009,0.07224581390619278,0.2266998440027237,0.9090909361839294,0.3309382200241089
gru,puducherry,p1_greedy,2025-11-15,0.4580501914024353,-0.3343541425986603,0.13571980595588684,0.23171937465667725,0.8560606241226196,0.33251452445983887
gru,puducherry,p2_nm,2025-11-15,0.38368239998817444,0.26835557818593525,0.15373297035694122,0.23532187938690186,0.7954545617103577,0.33908188343048096
gru,puducherry,p2_wdf,2025-11-15,0.3795604407787323,0.114081558005119,0.14773552119731903,0.23782244324684143,0.8030303120613098,0.3540707528591156
gru,boulder,nearest,2025-10-08,0.43024396896362305,0.5915172653986988,0.18616600334644318,0.186111718416214,0.8411552309989929,0.33261939883232117
gru,boulder,nearest_norepo,2025-10-08,0.47740069031715393,0.3453423436070366,0.15188385546207428,0.20710967481136322,0.833935022354126,0.32089701294898987
gru,boulder,p1_greedy,2025-10-08,0.44137099385261536,0.4074443942764113,0.15932303667068481,0.21019671857357025,0.8122743964195251,0.3053567111492157
gru,boulder,p2_nm,2025-10-08,0.4419533908367157,0.38502399264219833,0.1739751696586609,0.20349641144275665,0.8122743964195251,0.32742127776145935
gru,boulder,p2_wdf,2025-10-08,0.3867080807685852,0.4247409040183865,0.19768601655960083,0.21255122125148773,0.7617328763008118,0.31797468662261963
gru,boulder,nearest,2025-11-15,0.47707876563072205,0.3092750378313509,0.16743694245815277,0.16621126234531403,0.8158996105194092,0.3051062226295471
gru,boulder,nearest_norepo,2025-11-15,0.5252542495727539,-0.26669619558066276,0.1557341068983078,0.20443403720855713,0.8410041928291321,0.30134356021881104
gru,boulder,p1_greedy,2025-11-15,0.4695330560207367,0.09324702093274766,0.19777235388755798,0.2050997018814087,0.8242678046226501,0.3034546375274658
gru,boulder,p2_nm,2025-11-15,0.5168346762657166,0.1660953303252677,0.14648555219173431,0.20431223511695862,0.8368200659751892,0.30587562918663025
gru,boulder,p2_wdf,2025-11-15,0.4444790780544281,0.26679762020193254,0.21035130321979523,0.2258346527814865,0.7656903862953186,0.32340726256370544
gru,annarbor,nearest,2025-10-08,0.4322304427623749,0.4048745048923187,0.14509809017181396,0.22430852055549622,0.8483964800834656,0.3701890707015991
gru,annarbor,nearest_norepo,2025-10-08,0.5197492837905884,-0.12052423782391962,0.15505993366241455,0.2346487045288086,0.8309037685394287,0.2890367805957794
gru,annarbor,p1_greedy,2025-10-08,0.47935035824775696,0.024839622870945748,0.16039401292800903,0.23662804067134857,0.7988338470458984,0.29338160157203674
gru,annarbor,p2_nm,2025-10-08,0.4935043156147003,0.19212203076694698,0.18264470994472504,0.21541722118854523,0.8046647310256958,0.2752772569656372
gru,annarbor,p2_wdf,2025-10-08,0.4495130181312561,0.4554680457620346,0.12462599575519562,0.2325924187898636,0.7900874614715576,0.295881062746048
gru,annarbor,nearest,2025-11-15,0.4375211298465729,0.3997108488901458,0.13066574931144714,0.15314100682735443,0.9389312863349915,0.43144503235816956
gru,annarbor,nearest_norepo,2025-11-15,0.5967693328857422,0.23581867561206282,0.11838449537754059,0.19739562273025513,0.9427480697631836,0.29398098587989807
gru,annarbor,p1_greedy,2025-11-15,0.579842746257782,0.28553086473009165,0.10965444147586823,0.1892309933900833,0.9045801758766174,0.294491708278656
gru,annarbor,p2_nm,2025-11-15,0.5318470001220703,0.17274424837061184,0.14610391855239868,0.1904067099094391,0.8816794157028198,0.295644611120224
gru,annarbor,p2_wdf,2025-11-15,0.4800700545310974,0.40080308780288576,0.1871902197599411,0.21108275651931763,0.7900763154029846,0.3011719882488251
gru_os,sf,nearest,2025-10-08,0.09753891825675964,0.20472707019889128,0.08560226857662201,0.11277767270803452,0.9610183238983154,0.9247267246246338
gru_os,sf,nearest_norepo,2025-10-08,0.12991446256637573,0.08039418174658479,0.0915575921535492,0.1104608103632927,0.9470962882041931,0.8441126346588135
gru_os,sf,p1_greedy,2025-10-08,0.13169759511947632,0.16176852357789023,0.09667938202619553,0.11823143810033798,0.9295942783355713,0.8414796590805054
gru_os,sf,p2_nm,2025-10-08,0.14001497626304626,0.13000887594855623,0.10628010332584381,0.11522147804498672,0.9419252276420593,0.8359068036079407
gru_os,sf,p2_wdf,2025-10-08,0.13366086781024933,0.11298899051511956,0.14873358607292175,0.11874125152826309,0.8321400284767151,0.7955472469329834
gru_os,sf,nearest,2025-11-15,0.09370500594377518,0.25829227606751876,0.07225893437862396,0.11005095392465591,0.9674620628356934,0.9450587034225464
gru_os,sf,nearest_norepo,2025-11-15,0.12911243736743927,0.08898982677820552,0.07368476688861847,0.11808335036039352,0.9609544277191162,0.8610703349113464
gru_os,sf,p1_greedy,2025-11-15,0.11372581869363785,0.16302958314015426,0.0757347047328949,0.11165016144514084,0.9422993659973145,0.8647114038467407
gru_os,sf,p2_nm,2025-11-15,0.12267856299877167,0.2659228058413184,0.08457224071025848,0.11990373581647873,0.9544468522071838,0.8585745096206665
gru_os,sf,p2_wdf,2025-11-15,0.12936246395111084,0.15416571162870749,0.1394249051809311,0.127656489610672,0.8377440571784973,0.8139989972114563
gru_os,pune,nearest,2025-10-08,0.15790696442127228,0.34867306568086237,0.18320143222808838,0.089907206594944,0.8069374561309814,0.69601970911026
gru_os,pune,nearest_norepo,2025-10-08,0.15696942806243896,0.19727373625415645,0.16062553226947784,0.09784210473299026,0.7462345957756042,0.6651349067687988
gru_os,pune,p1_greedy,2025-10-08,0.1595338135957718,0.1804954677045376,0.17607006430625916,0.11363375931978226,0.7234139442443848,0.6669712066650391
gru_os,pune,p2_nm,2025-10-08,0.17206013202667236,0.17251378367025225,0.17351441085338593,0.1028079017996788,0.744865357875824,0.6648900508880615
gru_os,pune,p2_wdf,2025-10-08,0.12937624752521515,0.14350864289458382,0.1639409065246582,0.08574208617210388,0.6239160299301147,0.6150929927825928
gru_os,pune,nearest,2025-11-15,0.17936453223228455,0.4412958517236526,0.1441233903169632,0.08121886849403381,0.8581971526145935,0.7022969126701355
gru_os,pune,nearest_norepo,2025-11-15,0.16854339838027954,0.2432240263751537,0.1496545821428299,0.10022333264350891,0.7912493348121643,0.6665161848068237
gru_os,pune,p1_greedy,2025-11-15,0.18818210065364838,0.14008120286262984,0.14929817616939545,0.09983538091182709,0.7938850522041321,0.6580524444580078
gru_os,pune,p2_nm,2025-11-15,0.18515683710575104,0.2132623730114738,0.1426701545715332,0.09607888758182526,0.7780706286430359,0.6559853553771973
gru_os,pune,p2_wdf,2025-11-15,0.12560614943504333,0.3598592112113012,0.18026243150234222,0.08795133233070374,0.623089075088501,0.618640661239624
gru_os,navimumbai,nearest,2025-10-08,0.11851251870393753,0.36910451864521754,0.13189561665058136,0.10165756940841675,0.8623978495597839,0.9442605376243591
gru_os,navimumbai,nearest_norepo,2025-10-08,0.16889028251171112,-0.004304555706432449,0.16464442014694214,0.13241685926914215,0.807901918888092,0.8662257194519043
gru_os,navimumbai,p1_greedy,2025-10-08,0.18119364976882935,-0.18448833120894337,0.14076381921768188,0.1407306045293808,0.7983651161193848,0.8376071453094482
gru_os,navimumbai,p2_nm,2025-10-08,0.1651882380247116,-0.13587858377732911,0.13218872249126434,0.12880341708660126,0.8051770925521851,0.8615445494651794
gru_os,navimumbai,p2_wdf,2025-10-08,0.24472860991954803,0.06788343261656028,0.18534687161445618,0.1601322442293167,0.692098081111908,0.8636673092842102
gru_os,navimumbai,nearest,2025-11-15,0.1064099594950676,0.3118648326398339,0.12243372946977615,0.09410520642995834,0.9288194179534912,0.9064685106277466
gru_os,navimumbai,nearest_norepo,2025-11-15,0.1355006843805313,0.05675566036864043,0.12246531993150711,0.1332642138004303,0.9045138955116272,0.8653764724731445
gru_os,navimumbai,p1_greedy,2025-11-15,0.14002785086631775,0.2044306475321467,0.13652187585830688,0.13330617547035217,0.90625,0.8352755308151245
gru_os,navimumbai,p2_nm,2025-11-15,0.13792288303375244,0.13713345093806,0.11773449182510376,0.12463472783565521,0.9079861044883728,0.8555506467819214
gru_os,navimumbai,p2_wdf,2025-11-15,0.173293337225914,0.30568682530565483,0.1841241717338562,0.16443666815757751,0.7274305820465088,0.7676128149032593
gru_os,thane,nearest,2025-10-08,0.1514236032962799,0.09306955093395214,0.14189471304416656,0.10561372339725494,0.8210023641586304,0.907881498336792
gru_os,thane,nearest_norepo,2025-10-08,0.1681259125471115,-0.03127183391745832,0.14890924096107483,0.13377441465854645,0.7677008509635925,0.8351262807846069
gru_os,thane,p1_greedy,2025-10-08,0.20887282490730286,0.03439341177665616,0.19758805632591248,0.13711698353290558,0.7374701499938965,0.8489550948143005
gru_os,thane,p2_nm,2025-10-08,0.17908383905887604,0.1301380619141167,0.1819114238023758,0.13400663435459137,0.7478122711181641,0.805417001247406
gru_os,thane,p2_wdf,2025-10-08,0.1919444501399994,0.11775765288772366,0.19545428454875946,0.13789770007133484,0.6420047879219055,0.7053909301757812
gru_os,thane,nearest,2025-11-15,0.11328231543302536,0.10478217911897109,0.12122751772403717,0.09621188044548035,0.8990740776062012,0.903795063495636
gru_os,thane,nearest_norepo,2025-11-15,0.141032874584198,0.14238441455682666,0.12980975210666656,0.14091341197490692,0.8675925731658936,0.832532525062561
gru_os,thane,p1_greedy,2025-11-15,0.1510426253080368,0.13449486771511815,0.1369161754846573,0.14819280803203583,0.8722222447395325,0.8169529438018799
gru_os,thane,p2_nm,2025-11-15,0.13667437434196472,0.2536493400616362,0.14272227883338928,0.13226312398910522,0.8777777552604675,0.8234021067619324
gru_os,thane,p2_wdf,2025-11-15,0.17302152514457703,0.12211638684788392,0.1869724839925766,0.12953515350818634,0.6740740537643433,0.7246351838111877
gru_os,arlington,nearest,2025-10-08,0.12552593648433685,0.266147641924537,0.11495572328567505,0.1461690366268158,0.8818973898887634,0.8650694489479065
gru_os,arlington,nearest_norepo,2025-10-08,0.14800924062728882,0.16365649083660688,0.10929703712463379,0.13156448304653168,0.8606001734733582,0.7815425992012024
gru_os,arlington,p1_greedy,2025-10-08,0.1443629413843155,0.1983721810530732,0.10616220533847809,0.1325351446866989,0.846079409122467,0.7849802374839783
gru_os,arlington,p2_nm,2025-10-08,0.1404089480638504,0.2165978592189547,0.09989101439714432,0.11575497686862946,0.8373668789863586,0.7683775424957275
gru_os,arlington,p2_wdf,2025-10-08,0.1061709076166153,0.40155934676105665,0.1308811455965042,0.10909453779459,0.7676669955253601,0.7369323968887329
gru_os,arlington,nearest,2025-11-15,0.1288781464099884,0.1226135767506108,0.10299260169267654,0.13313889503479004,0.880141019821167,0.8389251232147217
gru_os,arlington,nearest_norepo,2025-11-15,0.1257253736257553,0.2416984697648827,0.12475378066301346,0.08619130402803421,0.8789659142494202,0.7843964099884033
gru_os,arlington,p1_greedy,2025-11-15,0.1532098799943924,0.09609790508831786,0.1364302933216095,0.09576167911291122,0.8683901429176331,0.7794132232666016
gru_os,arlington,p2_nm,2025-11-15,0.14675335586071014,0.18845665008227966,0.12042607367038727,0.1097739040851593,0.8860164284706116,0.789469838142395
gru_os,arlington,p2_wdf,2025-11-15,0.10617100447416306,0.28815578451582846,0.12120451033115387,0.0944780483841896,0.7967097759246826,0.7488419413566589
gru_os,nagpur,nearest,2025-10-08,0.20820747315883636,-0.09861907891457881,0.13968561589717865,0.13912023603916168,0.7973381876945496,0.7173472046852112
gru_os,nagpur,nearest_norepo,2025-10-08,0.21371261775493622,-0.14357725273010652,0.15815745294094086,0.1455669403076172,0.7338172793388367,0.6865832805633545
gru_os,nagpur,p1_greedy,2025-10-08,0.23030611872673035,-0.24470670772694622,0.17044325172901154,0.14619655907154083,0.7174833416938782,0.689609169960022
gru_os,nagpur,p2_nm,2025-10-08,0.2104007750749588,-0.21573586129357478,0.15004049241542816,0.14935392141342163,0.7368420958518982,0.6906894445419312
gru_os,nagpur,p2_wdf,2025-10-08,0.1661950647830963,-0.03813667902653323,0.14617259800434113,0.13402612507343292,0.6085904240608215,0.6184095144271851
gru_os,nagpur,nearest,2025-11-15,0.20566114783287048,0.2016176936101559,0.1245327964425087,0.12462026625871658,0.8608438372612,0.7031744122505188
gru_os,nagpur,nearest_norepo,2025-11-15,0.19774764776229858,0.005566944623478401,0.13015496730804443,0.14201515913009644,0.8312361240386963,0.6906552910804749
gru_os,nagpur,p1_greedy,2025-11-15,0.20861190557479858,-0.28860598990238184,0.1321214735507965,0.1313377022743225,0.8297557234764099,0.6900036931037903
gru_os,nagpur,p2_nm,2025-11-15,0.18937164545059204,-0.1684681063104465,0.12664398550987244,0.1275782585144043,0.821613609790802,0.6906413435935974
gru_os,nagpur,p2_wdf,2025-11-15,0.12195771187543869,0.1961352643723368,0.16134905815124512,0.11259333044290543,0.6395262479782104,0.6102532744407654
gru_os,coimbatore,nearest,2025-10-08,0.1948358565568924,0.12543324148241652,0.16689495742321014,0.1276237964630127,0.7801120281219482,0.6873485445976257
gru_os,coimbatore,nearest_norepo,2025-10-08,0.19045965373516083,0.07972068551394665,0.17977678775787354,0.1274401694536209,0.7128851413726807,0.6329661011695862
gru_os,coimbatore,p1_greedy,2025-10-08,0.20222392678260803,0.007540011564789435,0.16935136914253235,0.12010738253593445,0.7254902124404907,0.6400600075721741
gru_os,coimbatore,p2_nm,2025-10-08,0.19517378509044647,0.13781508121528824,0.17281405627727509,0.1290561854839325,0.7296918630599976,0.6504826545715332
gru_os,coimbatore,p2_wdf,2025-10-08,0.15403951704502106,0.1449441788053577,0.18112432956695557,0.11697965860366821,0.5700280070304871,0.5993880033493042
gru_os,coimbatore,nearest,2025-11-15,0.17484170198440552,0.03609862361755115,0.13817694783210754,0.11025534570217133,0.8019017577171326,0.6822951436042786
gru_os,coimbatore,nearest_norepo,2025-11-15,0.21916286647319794,0.10813713527336331,0.1681421548128128,0.11426498740911484,0.7717908024787903,0.6100022792816162
gru_os,coimbatore,p1_greedy,2025-11-15,0.21084006130695343,0.1503360917504063,0.16539926826953888,0.11185844242572784,0.754358172416687,0.6183400750160217
gru_os,coimbatore,p2_nm,2025-11-15,0.1951061487197876,0.23239401376524838,0.15614034235477448,0.11904916167259216,0.7765451669692993,0.6353268027305603
gru_os,coimbatore,p2_wdf,2025-11-15,0.1741281896829605,0.05312729343174939,0.1964709311723709,0.11647103726863861,0.584786057472229,0.5987166166305542
gru_os,chandigarh,nearest,2025-10-08,0.11012336611747742,0.2552353398608195,0.1303430050611496,0.08243945240974426,0.8635743260383606,0.8728111386299133
gru_os,chandigarh,nearest_norepo,2025-10-08,0.15607471764087677,0.2076166564831439,0.14780588448047638,0.1496562957763672,0.8281036615371704,0.8032816052436829
gru_os,chandigarh,p1_greedy,2025-10-08,0.19430218636989594,-0.1189508257815522,0.15062043070793152,0.15867379307746887,0.8130968809127808,0.825377345085144
gru_os,chandigarh,p2_nm,2025-10-08,0.19718456268310547,-0.0041254082128366265,0.16696806252002716,0.16827663779258728,0.8090040683746338,0.8194164633750916
gru_os,chandigarh,p2_wdf,2025-10-08,0.2155691236257553,-0.01275014277036697,0.1762620061635971,0.1546703428030014,0.6425647735595703,0.726983368396759
gru_os,chandigarh,nearest,2025-11-15,0.10331602394580841,0.2052157636622151,0.11406403034925461,0.08654454350471497,0.9192439913749695,0.8563212156295776
gru_os,chandigarh,nearest_norepo,2025-11-15,0.16554364562034607,0.19434589071162856,0.13838428258895874,0.16904191672801971,0.869415819644928,0.7772697806358337
gru_os,chandigarh,p1_greedy,2025-11-15,0.16347567737102509,0.2601761600820397,0.1656748205423355,0.14237375557422638,0.900343656539917,0.7787394523620605
gru_os,chandigarh,p2_nm,2025-11-15,0.16380605101585388,0.19072802182163592,0.1394769698381424,0.18015751242637634,0.8745704293251038,0.7914112210273743
gru_os,chandigarh,p2_wdf,2025-11-15,0.19804109632968903,-0.014025451200780178,0.1904016137123108,0.15919941663742065,0.6769759654998779,0.6596705317497253
gru_os,pittsburgh,nearest,2025-10-08,0.15868009626865387,-0.04505681860755094,0.17006170749664307,0.11730854213237762,0.8573369383811951,0.8761003017425537
gru_os,pittsburgh,nearest_norepo,2025-10-08,0.1489233523607254,-0.036936693448197264,0.1406996250152588,0.1158251017332077,0.8491848111152649,0.7798915505409241
gru_os,pittsburgh,p1_greedy,2025-10-08,0.17511317133903503,0.24063349145709362,0.1911872923374176,0.1320720762014389,0.823369562625885,0.7861330509185791
gru_os,pittsburgh,p2_nm,2025-10-08,0.1260230541229248,0.23183062161871187,0.14010868966579437,0.12167367339134216,0.8260869383811951,0.8123074769973755
gru_os,pittsburgh,p2_wdf,2025-10-08,0.1556778848171234,0.09482538341625381,0.18069744110107422,0.11685753613710403,0.7785326242446899,0.7394254803657532
gru_os,pittsburgh,nearest,2025-11-15,0.13361699879169464,0.34452332644195854,0.1554306298494339,0.13012859225273132,0.8673621416091919,0.8693709969520569
gru_os,pittsburgh,nearest_norepo,2025-11-15,0.14000840485095978,0.2986382377346001,0.17148742079734802,0.11279120296239853,0.7913562059402466,0.8174442052841187
gru_os,pittsburgh,p1_greedy,2025-11-15,0.15950486063957214,0.23500060523777822,0.18286094069480896,0.1253378987312317,0.8137108683586121,0.8223075270652771
gru_os,pittsburgh,p2_nm,2025-11-15,0.16132600605487823,0.405074426012774,0.21307802200317383,0.12098410725593567,0.8211624622344971,0.816525399684906
gru_os,pittsburgh,p2_wdf,2025-11-15,0.15264330804347992,0.3607036134591911,0.18849001824855804,0.1511659175157547,0.7436661720275879,0.7751511335372925
gru_os,portland,nearest,2025-10-08,0.12839478254318237,0.3473787015691733,0.12839631736278534,0.11425375938415527,0.8541176319122314,0.7893978357315063
gru_os,portland,nearest_norepo,2025-10-08,0.16280877590179443,0.13609559195957555,0.17349427938461304,0.1327597051858902,0.796470582485199,0.769737720489502
gru_os,portland,p1_greedy,2025-10-08,0.15750157833099365,0.17371902997547606,0.16475634276866913,0.14253677427768707,0.7747058868408203,0.7544956207275391
gru_os,portland,p2_nm,2025-10-08,0.15492506325244904,0.25588496673237204,0.17160016298294067,0.1443137675523758,0.7764706015586853,0.7729328274726868
gru_os,portland,p2_wdf,2025-10-08,0.13647131621837616,0.270515876578051,0.14501972496509552,0.11436928808689117,0.7494117617607117,0.6935675740242004
gru_os,portland,nearest,2025-11-15,0.15566906332969666,0.5357829049451188,0.18843896687030792,0.11330930888652802,0.9122933149337769,0.7962393164634705
gru_os,portland,nearest_norepo,2025-11-15,0.1609472930431366,0.35687000896951326,0.17557962238788605,0.0965113416314125,0.8504672646522522,0.7451240420341492
gru_os,portland,p1_greedy,2025-11-15,0.16460320353507996,0.3671611713972795,0.16954664885997772,0.09048761427402496,0.8634076118469238,0.7403251528739929
gru_os,portland,p2_nm,2025-11-15,0.18212981522083282,0.426745990734472,0.19433468580245972,0.1168178841471672,0.8641265034675598,0.7333324551582336
gru_os,portland,p2_wdf,2025-11-15,0.13578766584396362,0.4837808091101509,0.17144958674907684,0.10454360395669937,0.7555715441703796,0.6777245402336121
gru_os,panaji,nearest,2025-10-08,0.19010895490646362,0.21152824902557374,0.12663376331329346,0.09003236144781113,0.7549669146537781,0.7985903024673462
gru_os,panaji,nearest_norepo,2025-10-08,0.16089557111263275,-0.16402244581110217,0.1469283252954483,0.09749220311641693,0.6754966974258423,0.7137268781661987
gru_os,panaji,p1_greedy,2025-10-08,0.3009793758392334,-0.519585881709023,0.22343823313713074,0.12777669727802277,0.6490066051483154,0.7246759533882141
gru_os,panaji,p2_nm,2025-10-08,0.2585514783859253,-0.7017944914597807,0.18569065630435944,0.12288658320903778,0.6423841118812561,0.686710774898529
gru_os,panaji,p2_wdf,2025-10-08,0.38024842739105225,0.028851924897200877,0.26608866453170776,0.12087029963731766,0.5231788158416748,0.6951628923416138
gru_os,panaji,nearest,2025-11-15,0.21336252987384796,-0.8246165325645964,0.17749975621700287,0.041184891015291214,0.8303571343421936,0.8025187253952026
gru_os,panaji,nearest_norepo,2025-11-15,0.18600675463676453,-0.45036316476936544,0.15370424091815948,0.08094822615385056,0.7857142686843872,0.7269385457038879
gru_os,panaji,p1_greedy,2025-11-15,0.12951558828353882,-0.27315746968936705,0.061312802135944366,0.12465605139732361,0.8125,0.7018652558326721
gru_os,panaji,p2_nm,2025-11-15,0.2614995837211609,0.5055996697322185,0.3530751168727875,0.11035589873790741,0.6785714030265808,0.7329437136650085
gru_os,panaji,p2_wdf,2025-11-15,0.32044845819473267,0.2102986349308215,0.17561179399490356,0.09679006040096283,0.6160714030265808,0.7198271751403809
gru_os,udaipur,nearest,2025-10-08,0.14460043609142303,0.5213080667829733,0.20086483657360077,0.10190334916114807,0.8190476298332214,0.8169708847999573
gru_os,udaipur,nearest_norepo,2025-10-08,0.19105228781700134,0.09132129530299533,0.1966543197631836,0.1646871268749237,0.8190476298332214,0.7095997333526611
gru_os,udaipur,p1_greedy,2025-10-08,0.18820704519748688,0.23508605013489944,0.23075291514396667,0.12104319036006927,0.7904762029647827,0.7184029221534729
gru_os,udaipur,p2_nm,2025-10-08,0.17699351906776428,0.32034969139632297,0.17832694947719574,0.17972612380981445,0.7968254089355469,0.715924859046936
gru_os,udaipur,p2_wdf,2025-10-08,0.2650848925113678,-0.03758895056451251,0.21278570592403412,0.1395348459482193,0.644444465637207,0.6885815262794495
gru_os,udaipur,nearest,2025-11-15,0.13148613274097443,0.4491647163141304,0.11607280373573303,0.13997800648212433,0.9386281371116638,0.829217791557312
gru_os,udaipur,nearest_norepo,2025-11-15,0.23147930204868317,0.19417776714058793,0.16342397034168243,0.19126975536346436,0.916967511177063,0.7464224100112915
gru_os,udaipur,p1_greedy,2025-11-15,0.16643564403057098,0.6389249357021533,0.14241273701190948,0.21089690923690796,0.916967511177063,0.7484689354896545
gru_os,udaipur,p2_nm,2025-11-15,0.18459776043891907,0.7192282763885117,0.10927601903676987,0.21612970530986786,0.9314079284667969,0.7647103667259216
gru_os,udaipur,p2_wdf,2025-11-15,0.1771499663591385,0.4146349016600779,0.2020696997642517,0.15233387053012848,0.6209385991096497,0.6899635791778564
gru_os,puducherry,nearest,2025-10-08,0.15293051302433014,0.2622762699851048,0.13155490159988403,0.15364375710487366,0.8372092843055725,0.8353172540664673
gru_os,puducherry,nearest_norepo,2025-10-08,0.1583269238471985,0.2542898986014858,0.15169411897659302,0.15541112422943115,0.8139534592628479,0.6807196140289307
gru_os,puducherry,p1_greedy,2025-10-08,0.14702831208705902,0.459112356708596,0.1727299690246582,0.15859587490558624,0.7732558250427246,0.6678135991096497
gru_os,puducherry,p2_nm,2025-10-08,0.15199147164821625,0.4276913191694638,0.21478210389614105,0.12977224588394165,0.7732558250427246,0.6618550419807434
gru_os,puducherry,p2_wdf,2025-10-08,0.18543453514575958,0.1457501977566053,0.1780383437871933,0.12733735144138336,0.7441860437393188,0.6666010022163391
gru_os,puducherry,nearest,2025-11-15,0.09784147888422012,0.34232419704083483,0.08089035749435425,0.12464626133441925,0.8333333134651184,0.8057317733764648
gru_os,puducherry,nearest_norepo,2025-11-15,0.12774401903152466,0.19661172004524552,0.07224581390619278,0.1343095302581787,0.9090909361839294,0.7411751747131348
gru_os,puducherry,p1_greedy,2025-11-15,0.13187284767627716,0.39925952687154553,0.13571980595588684,0.13367581367492676,0.8560606241226196,0.7207680344581604
gru_os,puducherry,p2_nm,2025-11-15,0.11132945120334625,0.5377658694331884,0.15373297035694122,0.13259883224964142,0.7954545617103577,0.7320815920829773
gru_os,puducherry,p2_wdf,2025-11-15,0.12440723925828934,0.5133928204442498,0.14773552119731903,0.1494617909193039,0.8030303120613098,0.7305727005004883
gru_os,boulder,nearest,2025-10-08,0.15347644686698914,0.2064659553341492,0.18616600334644318,0.16288156807422638,0.8411552309989929,0.8007574677467346
gru_os,boulder,nearest_norepo,2025-10-08,0.1629929393529892,0.0262314143184365,0.15188385546207428,0.1485070139169693,0.833935022354126,0.7205110788345337
gru_os,boulder,p1_greedy,2025-10-08,0.13938255608081818,0.31908917138336773,0.15932303667068481,0.13417623937129974,0.8122743964195251,0.7083531022071838
gru_os,boulder,p2_nm,2025-10-08,0.18685534596443176,0.16125798511688938,0.1739751696586609,0.18891336023807526,0.8122743964195251,0.7285699844360352
gru_os,boulder,p2_wdf,2025-10-08,0.18244454264640808,0.08661933375657882,0.19768601655960083,0.12462516129016876,0.7617328763008118,0.6795592904090881
gru_os,boulder,nearest,2025-11-15,0.1501390039920807,0.2299465863755542,0.16743694245815277,0.1297265589237213,0.8158996105194092,0.8105295896530151
gru_os,boulder,nearest_norepo,2025-11-15,0.1526486873626709,0.24337439315738485,0.1557341068983078,0.13682416081428528,0.8410041928291321,0.7571608424186707
gru_os,boulder,p1_greedy,2025-11-15,0.18149352073669434,0.22773574344009515,0.19777235388755798,0.21163511276245117,0.8242678046226501,0.7797559499740601
gru_os,boulder,p2_nm,2025-11-15,0.1470668613910675,-0.018122450478685527,0.14648555219173431,0.1147010549902916,0.8368200659751892,0.7719669938087463
gru_os,boulder,p2_wdf,2025-11-15,0.17533455789089203,0.2998142854597588,0.21035130321979523,0.1107482835650444,0.7656903862953186,0.75245201587677
gru_os,annarbor,nearest,2025-10-08,0.17238666117191315,0.23572646933340605,0.14509809017181396,0.17075121402740479,0.8483964800834656,0.8784552216529846
gru_os,annarbor,nearest_norepo,2025-10-08,0.12963715195655823,0.4573341783560939,0.15505993366241455,0.13811258971691132,0.8309037685394287,0.769792914390564
gru_os,annarbor,p1_greedy,2025-10-08,0.16033756732940674,0.3617109500441899,0.16039401292800903,0.1678287237882614,0.7988338470458984,0.7735146284103394
gru_os,annarbor,p2_nm,2025-10-08,0.16770057380199432,0.2912599191883454,0.18264470994472504,0.19802768528461456,0.8046647310256958,0.7530791759490967
gru_os,annarbor,p2_wdf,2025-10-08,0.11428427696228027,0.26947227564570936,0.12462599575519562,0.14531326293945312,0.7900874614715576,0.7458993196487427
gru_os,annarbor,nearest,2025-11-15,0.13686421513557434,0.310309261912924,0.13066574931144714,0.172550767660141,0.9389312863349915,0.9224501252174377
gru_os,annarbor,nearest_norepo,2025-11-15,0.17148028314113617,0.2879614004073156,0.11838449537754059,0.1926358938217163,0.9427480697631836,0.8171918988227844
gru_os,annarbor,p1_greedy,2025-11-15,0.14389468729496002,0.27199915335523517,0.10965444147586823,0.1646597981452942,0.9045801758766174,0.8235907554626465
gru_os,annarbor,p2_nm,2025-11-15,0.1163458600640297,0.5783525191690054,0.14610391855239868,0.16605599224567413,0.8816794157028198,0.8387726545333862
gru_os,annarbor,p2_wdf,2025-11-15,0.23125296831130981,-0.037553904697463274,0.1871902197599411,0.20356734097003937,0.7900763154029846,0.8181625604629517
gru_cons,sf,nearest,2025-10-08,0.2460346221923828,0.318409028558595,0.08560226857662201,0.11933698505163193,0.9610183238983154,0.7538039684295654
gru_cons,sf,nearest_norepo,2025-10-08,0.32954418659210205,0.07928685990245024,0.0915575921535492,0.20574873685836792,0.9470962882041931,0.7124691009521484
gru_cons,sf,p1_greedy,2025-10-08,0.32286545634269714,0.104374350183649,0.09667938202619553,0.2111997902393341,0.9295942783355713,0.7065486907958984
gru_cons,sf,p2_nm,2025-10-08,0.3404344320297241,0.0634811071649264,0.10628010332584381,0.20836441218852997,0.9419252276420593,0.7042704224586487
gru_cons,sf,p2_wdf,2025-10-08,0.2729906439781189,0.2399655647133818,0.14873358607292175,0.22683323919773102,0.8321400284767151,0.6225383281707764
gru_cons,sf,nearest,2025-11-15,0.16750092804431915,0.1555692782241041,0.07225893437862396,0.09342513978481293,0.9674620628356934,0.826498806476593
gru_cons,sf,nearest_norepo,2025-11-15,0.3537323474884033,0.2068056369545472,0.07368476688861847,0.1859077513217926,0.9609544277191162,0.6716520190238953
gru_cons,sf,p1_greedy,2025-11-15,0.330070823431015,-0.008943162933315985,0.0757347047328949,0.1847543865442276,0.9422993659973145,0.6841647028923035
gru_cons,sf,p2_nm,2025-11-15,0.3430578112602234,0.059521257474893625,0.08457224071025848,0.1860298365354538,0.9544468522071838,0.6792675852775574
gru_cons,sf,p2_wdf,2025-11-15,0.18344582617282867,0.08253995382225453,0.1394249051809311,0.16517791152000427,0.8377440571784973,0.7051673531532288
gru_cons,pune,nearest,2025-10-08,0.1488548368215561,0.4569584710764922,0.18320143222808838,0.2012612521648407,0.8069374561309814,0.7895466089248657
gru_cons,pune,nearest_norepo,2025-10-08,0.21449054777622223,0.4143735097941124,0.16062553226947784,0.2661542594432831,0.7462345957756042,0.7138721942901611
gru_cons,pune,p1_greedy,2025-10-08,0.2376970797777176,0.14890100458244693,0.17607006430625916,0.25696247816085815,0.7234139442443848,0.7083733081817627
gru_cons,pune,p2_nm,2025-10-08,0.24097533524036407,0.1755261709551051,0.17351441085338593,0.26074329018592834,0.744865357875824,0.7045155167579651
gru_cons,pune,p2_wdf,2025-10-08,0.22637097537517548,0.18511352543946408,0.1639409065246582,0.20911847054958344,0.6239160299301147,0.5167089104652405
gru_cons,pune,nearest,2025-11-15,0.16715110838413239,0.24244887429113962,0.1441233903169632,0.1845681518316269,0.8581971526145935,0.8078621625900269
gru_cons,pune,nearest_norepo,2025-11-15,0.20572958886623383,0.09669090682624071,0.1496545821428299,0.24005436897277832,0.7912493348121643,0.7430713176727295
gru_cons,pune,p1_greedy,2025-11-15,0.22276614606380463,0.0369608600860707,0.14929817616939545,0.24007616937160492,0.7938850522041321,0.7337560057640076
gru_cons,pune,p2_nm,2025-11-15,0.21623581647872925,-0.020975600463282205,0.1426701545715332,0.22995403409004211,0.7780706286430359,0.7203099131584167
gru_cons,pune,p2_wdf,2025-11-15,0.20137131214141846,0.29946234919416226,0.18026243150234222,0.1893838793039322,0.623089075088501,0.5126071572303772
gru_cons,navimumbai,nearest,2025-10-08,0.3044584095478058,0.45059937565253433,0.13189561665058136,0.1557166427373886,0.8623978495597839,0.5657753944396973
gru_cons,navimumbai,nearest_norepo,2025-10-08,0.6769231557846069,0.14158001846779916,0.16464442014694214,0.11599048227071762,0.807901918888092,0.15815331041812897
gru_cons,navimumbai,p1_greedy,2025-10-08,0.6798920035362244,0.030632900823456034,0.14076381921768188,0.1265813112258911,0.7983651161193848,0.1456708014011383
gru_cons,navimumbai,p2_nm,2025-10-08,0.6672055125236511,-0.02020424170923225,0.13218872249126434,0.12718622386455536,0.8051770925521851,0.1742146760225296
gru_cons,navimumbai,p2_wdf,2025-10-08,0.584391176700592,0.15924572565358364,0.18534687161445618,0.13638097047805786,0.692098081111908,0.13046160340309143
gru_cons,navimumbai,nearest,2025-11-15,0.24803264439105988,0.45337177518109495,0.12243372946977615,0.11301472783088684,0.9288194179534912,0.6472242474555969
gru_cons,navimumbai,nearest_norepo,2025-11-15,0.7336603403091431,0.17488683814303715,0.12246531993150711,0.09387774765491486,0.9045138955116272,0.17144104838371277
gru_cons,navimumbai,p1_greedy,2025-11-15,0.7141205668449402,0.21728739078269177,0.13652187585830688,0.11120735853910446,0.90625,0.17714495956897736
gru_cons,navimumbai,p2_nm,2025-11-15,0.7158549427986145,0.18460232751316685,0.11773449182510376,0.09204527735710144,0.9079861044883728,0.18847176432609558
gru_cons,navimumbai,p2_wdf,2025-11-15,0.6302458047866821,0.2918225442572739,0.1841241717338562,0.13147348165512085,0.7274305820465088,0.10091912001371384
gru_cons,thane,nearest,2025-10-08,0.2723812162876129,0.09632887016547896,0.14189471304416656,0.144932359457016,0.8210023641586304,0.6110022068023682
gru_cons,thane,nearest_norepo,2025-10-08,0.44420960545539856,0.2358733710208763,0.14890924096107483,0.22406646609306335,0.7677008509635925,0.43814265727996826
gru_cons,thane,p1_greedy,2025-10-08,0.43265479803085327,0.1278602375089969,0.19758805632591248,0.21125942468643188,0.7374701499938965,0.43799617886543274
gru_cons,thane,p2_nm,2025-10-08,0.4344058036804199,0.24312585799587333,0.1819114238023758,0.24009530246257782,0.7478122711181641,0.43919631838798523
gru_cons,thane,p2_wdf,2025-10-08,0.45293471217155457,0.09228804832032851,0.19545428454875946,0.24855007231235504,0.6420047879219055,0.32472917437553406
gru_cons,thane,nearest,2025-11-15,0.2930539548397064,0.2740643132682394,0.12122751772403717,0.14437279105186462,0.8990740776062012,0.6396969556808472
gru_cons,thane,nearest_norepo,2025-11-15,0.569699227809906,0.06501162927273667,0.12980975210666656,0.2155008763074875,0.8675925731658936,0.4006332457065582
gru_cons,thane,p1_greedy,2025-11-15,0.5914435982704163,0.1038855291481934,0.1369161754846573,0.2251891940832138,0.8722222447395325,0.38584986329078674
gru_cons,thane,p2_nm,2025-11-15,0.5930644273757935,0.07965875809708778,0.14272227883338928,0.22885651886463165,0.8777777552604675,0.3977530896663666
gru_cons,thane,p2_wdf,2025-11-15,0.4760974645614624,0.04063107709941467,0.1869724839925766,0.2537666857242584,0.6740740537643433,0.3405832350254059
gru_cons,arlington,nearest,2025-10-08,0.33878597617149353,0.28117498178930955,0.11495572328567505,0.2032514363527298,0.8818973898887634,0.6895648241043091
gru_cons,arlington,nearest_norepo,2025-10-08,0.3033245801925659,0.17667864921935125,0.10929703712463379,0.2770971357822418,0.8606001734733582,0.7426353693008423
gru_cons,arlington,p1_greedy,2025-10-08,0.304877907037735,0.0447210987566964,0.10616220533847809,0.2957499027252197,0.846079409122467,0.7554487586021423
gru_cons,arlington,p2_nm,2025-10-08,0.3149242401123047,0.08134721991241572,0.09989101439714432,0.2907341420650482,0.8373668789863586,0.7301534414291382
gru_cons,arlington,p2_wdf,2025-10-08,0.28121310472488403,-0.05406876045412444,0.1308811455965042,0.28314846754074097,0.7676669955253601,0.6705709099769592
gru_cons,arlington,nearest,2025-11-15,0.24938783049583435,0.12476608720176302,0.10299260169267654,0.2535737454891205,0.880141019821167,0.7899879217147827
gru_cons,arlington,nearest_norepo,2025-11-15,0.22638656198978424,0.4370064620584314,0.12475378066301346,0.3095514178276062,0.8789659142494202,0.8215616345405579
gru_cons,arlington,p1_greedy,2025-11-15,0.22217945754528046,0.35379328477425803,0.1364302933216095,0.30502909421920776,0.8683901429176331,0.8270248770713806
gru_cons,arlington,p2_nm,2025-11-15,0.2581828832626343,0.13627032613116422,0.12042607367038727,0.3155306875705719,0.8860164284706116,0.8253485560417175
gru_cons,arlington,p2_wdf,2025-11-15,0.2453715056180954,0.18046385359200395,0.12120451033115387,0.2717999219894409,0.7967097759246826,0.6577624082565308
gru_cons,nagpur,nearest,2025-10-08,0.25330814719200134,-0.17053662093715957,0.13968561589717865,0.25040745735168457,0.7973381876945496,0.8208087682723999
gru_cons,nagpur,nearest_norepo,2025-10-08,0.2818191647529602,-0.09427885107094286,0.15815745294094086,0.2880025804042816,0.7338172793388367,0.7517881393432617
gru_cons,nagpur,p1_greedy,2025-10-08,0.29503893852233887,-0.1713408307272103,0.17044325172901154,0.2833516597747803,0.7174833416938782,0.7743054032325745
gru_cons,nagpur,p2_nm,2025-10-08,0.2868368923664093,-0.2524097252775753,0.15004049241542816,0.2734459340572357,0.7368420958518982,0.7580514550209045
gru_cons,nagpur,p2_wdf,2025-10-08,0.2648243010044098,0.05529751325051681,0.14617259800434113,0.23413345217704773,0.6085904240608215,0.526566207408905
gru_cons,nagpur,nearest,2025-11-15,0.17493325471878052,0.10864002323013362,0.1245327964425087,0.210311159491539,0.8608438372612,0.8111777901649475
gru_cons,nagpur,nearest_norepo,2025-11-15,0.198704794049263,0.2058058363679435,0.13015496730804443,0.2461659163236618,0.8312361240386963,0.781857430934906
gru_cons,nagpur,p1_greedy,2025-11-15,0.2100732922554016,0.11510346820758133,0.1321214735507965,0.2517174482345581,0.8297557234764099,0.7857593297958374
gru_cons,nagpur,p2_nm,2025-11-15,0.21081316471099854,0.05987080041514614,0.12664398550987244,0.26026079058647156,0.821613609790802,0.7892796397209167
gru_cons,nagpur,p2_wdf,2025-11-15,0.21627140045166016,0.30580456691325425,0.16134905815124512,0.18198543787002563,0.6395262479782104,0.4986666738986969
gru_cons,coimbatore,nearest,2025-10-08,0.39867380261421204,-0.21724102200345538,0.16689495742321014,0.2428485006093979,0.7801120281219482,0.5770820379257202
gru_cons,coimbatore,nearest_norepo,2025-10-08,0.42059674859046936,-0.09319908241174281,0.17977678775787354,0.290658175945282,0.7128851413726807,0.5248663425445557
gru_cons,coimbatore,p1_greedy,2025-10-08,0.44475290179252625,-0.11132991270946561,0.16935136914253235,0.290779173374176,0.7254902124404907,0.5278832316398621
gru_cons,coimbatore,p2_nm,2025-10-08,0.44894352555274963,-0.13486753741588248,0.17281405627727509,0.2975359261035919,0.7296918630599976,0.5471650958061218
gru_cons,coimbatore,p2_wdf,2025-10-08,0.36729684472084045,0.02365706408823395,0.18112432956695557,0.20531919598579407,0.5700280070304871,0.3562168478965759
gru_cons,coimbatore,nearest,2025-11-15,0.32427844405174255,0.14865496494828734,0.13817694783210754,0.22930823266506195,0.8019017577171326,0.5927149653434753
gru_cons,coimbatore,nearest_norepo,2025-11-15,0.4420747756958008,-0.06728520420260493,0.1681421548128128,0.26393401622772217,0.7717908024787903,0.4811074733734131
gru_cons,coimbatore,p1_greedy,2025-11-15,0.4495833218097687,-0.17219008276120484,0.16539926826953888,0.2873256206512451,0.754358172416687,0.5312088131904602
gru_cons,coimbatore,p2_nm,2025-11-15,0.40395763516426086,0.1053519293921709,0.15614034235477448,0.28662464022636414,0.7765451669692993,0.5414249897003174
gru_cons,coimbatore,p2_wdf,2025-11-15,0.36586740612983704,0.049216046992461994,0.1964709311723709,0.21107980608940125,0.584786057472229,0.3377373516559601
gru_cons,chandigarh,nearest,2025-10-08,0.23889583349227905,0.2752985095822001,0.1303430050611496,0.10712728649377823,0.8635743260383606,0.5957080721855164
gru_cons,chandigarh,nearest_norepo,2025-10-08,0.6284955143928528,-0.027541108217362754,0.14780588448047638,0.1162387803196907,0.8281036615371704,0.202940434217453
gru_cons,chandigarh,p1_greedy,2025-10-08,0.6251923441886902,-0.0033222952878476206,0.15062043070793152,0.10863624513149261,0.8130968809127808,0.20330795645713806
gru_cons,chandigarh,p2_nm,2025-10-08,0.6200578808784485,0.06286375479286821,0.16696806252002716,0.10020944476127625,0.8090040683746338,0.1928132027387619
gru_cons,chandigarh,p2_wdf,2025-10-08,0.5337850451469421,-0.03232580941598508,0.1762620061635971,0.13836386799812317,0.6425647735595703,0.11895307898521423
gru_cons,chandigarh,nearest,2025-11-15,0.28590914607048035,0.403004007086816,0.11406403034925461,0.09235510230064392,0.9192439913749695,0.596180260181427
gru_cons,chandigarh,nearest_norepo,2025-11-15,0.7599069476127625,0.3308965095580389,0.13838428258895874,0.08254749327898026,0.869415819644928,0.12508367002010345
gru_cons,chandigarh,p1_greedy,2025-11-15,0.7485899925231934,0.35586054549122687,0.1656748205423355,0.08830471336841583,0.900343656539917,0.14984172582626343
gru_cons,chandigarh,p2_nm,2025-11-15,0.7262452840805054,0.25906929220317826,0.1394769698381424,0.09800881892442703,0.8745704293251038,0.1463981419801712
gru_cons,chandigarh,p2_wdf,2025-11-15,0.5711865425109863,0.14507094508870105,0.1904016137123108,0.09691667556762695,0.6769759654998779,0.0826423242688179
gru_cons,pittsburgh,nearest,2025-10-08,0.5026554465293884,0.19284300180874414,0.17006170749664307,0.1930934190750122,0.8573369383811951,0.32123002409935
gru_cons,pittsburgh,nearest_norepo,2025-10-08,0.6260531544685364,0.3737855382145234,0.1406996250152588,0.23388023674488068,0.8491848111152649,0.23627693951129913
gru_cons,pittsburgh,p1_greedy,2025-10-08,0.5991413593292236,0.06569017980276598,0.1911872923374176,0.23021817207336426,0.823369562625885,0.2269940972328186
gru_cons,pittsburgh,p2_nm,2025-10-08,0.6099193096160889,0.25135251103233147,0.14010868966579437,0.23444856703281403,0.8260869383811951,0.24224388599395752
gru_cons,pittsburgh,p2_wdf,2025-10-08,0.564395546913147,0.052437411407927695,0.18069744110107422,0.2091922014951706,0.7785326242446899,0.19903376698493958
gru_cons,pittsburgh,nearest,2025-11-15,0.654792308807373,0.3635790469421791,0.1554306298494339,0.18755747377872467,0.8673621416091919,0.20250308513641357
gru_cons,pittsburgh,nearest_norepo,2025-11-15,0.6570951342582703,0.25794137791588934,0.17148742079734802,0.19303864240646362,0.7913562059402466,0.1715572625398636
gru_cons,pittsburgh,p1_greedy,2025-11-15,0.6445795893669128,0.3865122906632131,0.18286094069480896,0.20616896450519562,0.8137108683586121,0.18255378305912018
gru_cons,pittsburgh,p2_nm,2025-11-15,0.6152898073196411,0.36598493459599907,0.21307802200317383,0.2025829553604126,0.8211624622344971,0.1800079196691513
gru_cons,pittsburgh,p2_wdf,2025-11-15,0.5818799138069153,0.2935939002201942,0.18849001824855804,0.19262678921222687,0.7436661720275879,0.15687136352062225
gru_cons,portland,nearest,2025-10-08,0.2628461420536041,0.23262879093057923,0.12839631736278534,0.2453819066286087,0.8541176319122314,0.7827804684638977
gru_cons,portland,nearest_norepo,2025-10-08,0.23107010126113892,0.2965123466926145,0.17349427938461304,0.2967216372489929,0.796470582485199,0.7690170407295227
gru_cons,portland,p1_greedy,2025-10-08,0.25237855315208435,0.18674103969776665,0.16475634276866913,0.30111345648765564,0.7747058868408203,0.7593480348587036
gru_cons,portland,p2_nm,2025-10-08,0.2603395879268646,0.3186520100537969,0.17160016298294067,0.30277353525161743,0.7764706015586853,0.7794463038444519
gru_cons,portland,p2_wdf,2025-10-08,0.23635883629322052,0.28530904893913434,0.14501972496509552,0.27614325284957886,0.7494117617607117,0.6557201743125916
gru_cons,portland,nearest,2025-11-15,0.16713634133338928,0.5878824007501656,0.18843896687030792,0.2126518338918686,0.9122933149337769,0.8223491907119751
gru_cons,portland,nearest_norepo,2025-11-15,0.17370934784412384,0.4159500220692631,0.17557962238788605,0.24341614544391632,0.8504672646522522,0.8120572566986084
gru_cons,portland,p1_greedy,2025-11-15,0.19253459572792053,0.27983933794865495,0.16954664885997772,0.24115319550037384,0.8634076118469238,0.8125007152557373
gru_cons,portland,p2_nm,2025-11-15,0.1766810566186905,0.4040972760453089,0.19433468580245972,0.24417425692081451,0.8641265034675598,0.8138657808303833
gru_cons,portland,p2_wdf,2025-11-15,0.15298904478549957,0.578181895683354,0.17144958674907684,0.197112038731575,0.7555715441703796,0.6492718458175659
gru_cons,panaji,nearest,2025-10-08,0.2829345464706421,0.42392136978715156,0.12663376331329346,0.10077012330293655,0.7549669146537781,0.32418203353881836
gru_cons,panaji,nearest_norepo,2025-10-08,0.4912031590938568,0.3635125603038782,0.1469283252954483,0.11744868010282516,0.6754966974258423,0.12352027744054794
gru_cons,panaji,p1_greedy,2025-10-08,0.4777892529964447,0.20748943041020795,0.22343823313713074,0.15032358467578888,0.6490066051483154,0.12010335177183151
gru_cons,panaji,p2_nm,2025-10-08,0.42920684814453125,0.3204220446052708,0.18569065630435944,0.11057467758655548,0.6423841118812561,0.10806307196617126
gru_cons,panaji,p2_wdf,2025-10-08,0.35945501923561096,0.06510654021074032,0.26608866453170776,0.12157894670963287,0.5231788158416748,0.08702454715967178
gru_cons,panaji,nearest,2025-11-15,0.22942614555358887,-0.0373162905903038,0.17749975621700287,0.09426936507225037,0.8303571343421936,0.39930710196495056
gru_cons,panaji,nearest_norepo,2025-11-15,0.6892284750938416,0.5354381950374608,0.15370424091815948,0.03603595867753029,0.7857142686843872,0.08357636630535126
gru_cons,panaji,p1_greedy,2025-11-15,0.7873354554176331,-0.6668714074349575,0.061312802135944366,0.03688610717654228,0.8125,0.04503006860613823
gru_cons,panaji,p2_nm,2025-11-15,0.5486556887626648,0.6377598036160542,0.3530751168727875,0.030546944588422775,0.6785714030265808,0.08688328415155411
gru_cons,panaji,p2_wdf,2025-11-15,0.4095282554626465,0.17178006868736712,0.17561179399490356,0.0968160405755043,0.6160714030265808,0.05884132534265518
gru_cons,udaipur,nearest,2025-10-08,0.26995402574539185,0.6012349272177228,0.20086483657360077,0.21268795430660248,0.8190476298332214,0.445509135723114
gru_cons,udaipur,nearest_norepo,2025-10-08,0.6490187644958496,-0.11342587512314617,0.1966543197631836,0.24092864990234375,0.8190476298332214,0.2174326479434967
gru_cons,udaipur,p1_greedy,2025-10-08,0.6085071563720703,-0.08434643510634757,0.23075291514396667,0.25307536125183105,0.7904762029647827,0.2582749128341675
gru_cons,udaipur,p2_nm,2025-10-08,0.6072676777839661,-0.04601866246106512,0.17832694947719574,0.27147725224494934,0.7968254089355469,0.26430705189704895
gru_cons,udaipur,p2_wdf,2025-10-08,0.5118173360824585,0.04043147132467962,0.21278570592403412,0.221083864569664,0.644444465637207,0.17956268787384033
gru_cons,udaipur,nearest,2025-11-15,0.3440040946006775,0.43983320243667745,0.11607280373573303,0.10458473116159439,0.9386281371116638,0.4901394546031952
gru_cons,udaipur,nearest_norepo,2025-11-15,0.7431648373603821,-0.20123086737141252,0.16342397034168243,0.2159387618303299,0.916967511177063,0.2498069405555725
gru_cons,udaipur,p1_greedy,2025-11-15,0.7213022112846375,-0.07849562314931656,0.14241273701190948,0.22812114655971527,0.916967511177063,0.273816853761673
gru_cons,udaipur,p2_nm,2025-11-15,0.7701112627983093,0.019574652485681094,0.10927601903676987,0.21065495908260345,0.9314079284667969,0.2529257833957672
gru_cons,udaipur,p2_wdf,2025-11-15,0.5681024193763733,-0.17319277590338159,0.2020696997642517,0.19516178965568542,0.6209385991096497,0.16879864037036896
gru_cons,puducherry,nearest,2025-10-08,0.35424602031707764,0.01712495899374371,0.13155490159988403,0.18746526539325714,0.8372092843055725,0.44761237502098083
gru_cons,puducherry,nearest_norepo,2025-10-08,0.6259698271751404,0.024018550848519556,0.15169411897659302,0.1873929798603058,0.8139534592628479,0.22614194452762604
gru_cons,puducherry,p1_greedy,2025-10-08,0.6310694217681885,0.4918267127786269,0.1727299690246582,0.1819658726453781,0.7732558250427246,0.18778671324253082
gru_cons,puducherry,p2_nm,2025-10-08,0.6004235744476318,0.14731674560457608,0.21478210389614105,0.1754801869392395,0.7732558250427246,0.16676852107048035
gru_cons,puducherry,p2_wdf,2025-10-08,0.6227239370346069,-0.037943987530649426,0.1780383437871933,0.18039970099925995,0.7441860437393188,0.1757284700870514
gru_cons,puducherry,nearest,2025-11-15,0.23340840637683868,0.41505703601423055,0.08089035749435425,0.15131500363349915,0.8333333134651184,0.4995827078819275
gru_cons,puducherry,nearest_norepo,2025-11-15,0.7000267505645752,0.274332686339245,0.07224581390619278,0.15283477306365967,0.9090909361839294,0.19334053993225098
gru_cons,puducherry,p1_greedy,2025-11-15,0.5810930132865906,0.16479396741187588,0.13571980595588684,0.12827061116695404,0.8560606241226196,0.23126445710659027
gru_cons,puducherry,p2_nm,2025-11-15,0.56007319688797,0.5398991157315094,0.15373297035694122,0.1548806130886078,0.7954545617103577,0.1976543515920639
gru_cons,puducherry,p2_wdf,2025-11-15,0.6301659941673279,0.39736965298985666,0.14773552119731903,0.1528128981590271,0.8030303120613098,0.14467519521713257
gru_cons,boulder,nearest,2025-10-08,0.49427294731140137,0.4102170831143679,0.18616600334644318,0.2072194218635559,0.8411552309989929,0.2930890917778015
gru_cons,boulder,nearest_norepo,2025-10-08,0.7165187001228333,0.1690898428652842,0.15188385546207428,0.1070966050028801,0.833935022354126,0.12058399617671967
gru_cons,boulder,p1_greedy,2025-10-08,0.6885945200920105,0.3035626712087522,0.15932303667068481,0.08854802697896957,0.8122743964195251,0.09906796365976334
gru_cons,boulder,p2_nm,2025-10-08,0.6866530179977417,0.17343874985063384,0.1739751696586609,0.14285969734191895,0.8122743964195251,0.12089395523071289
gru_cons,boulder,p2_wdf,2025-10-08,0.6504002213478088,0.24062017291676263,0.19768601655960083,0.16063059866428375,0.7617328763008118,0.10030987858772278
gru_cons,boulder,nearest,2025-11-15,0.5889214277267456,0.29711906301684443,0.16743694245815277,0.12313655018806458,0.8158996105194092,0.19767120480537415
gru_cons,boulder,nearest_norepo,2025-11-15,0.7944077253341675,0.0039013761300723472,0.1557341068983078,0.0189287718385458,0.8410041928291321,0.053719229996204376
gru_cons,boulder,p1_greedy,2025-11-15,0.702448308467865,-0.040356921740786374,0.19777235388755798,0.03813868761062622,0.8242678046226501,0.08214721083641052
gru_cons,boulder,p2_nm,2025-11-15,0.756872832775116,0.13353474726328785,0.14648555219173431,0.031656380742788315,0.8368200659751892,0.0831926241517067
gru_cons,boulder,p2_wdf,2025-11-15,0.7314642667770386,0.3630537870262859,0.21035130321979523,0.04332911968231201,0.7656903862953186,0.06582743674516678
gru_cons,annarbor,nearest,2025-10-08,0.4414767920970917,0.48537713090754775,0.14509809017181396,0.20963501930236816,0.8483964800834656,0.36983105540275574
gru_cons,annarbor,nearest_norepo,2025-10-08,0.7054614424705505,0.10034728109893173,0.15505993366241455,0.1770833283662796,0.8309037685394287,0.1457931101322174
gru_cons,annarbor,p1_greedy,2025-10-08,0.6687647700309753,0.2838628658724999,0.16039401292800903,0.18991972506046295,0.7988338470458984,0.14084750413894653
gru_cons,annarbor,p2_nm,2025-10-08,0.6833017468452454,0.33760180597543754,0.18264470994472504,0.1629936397075653,0.8046647310256958,0.1236891821026802
gru_cons,annarbor,p2_wdf,2025-10-08,0.6498607397079468,0.42382312814864537,0.12462599575519562,0.19343794882297516,0.7900874614715576,0.1269480288028717
gru_cons,annarbor,nearest,2025-11-15,0.2857690155506134,0.3611827485654434,0.13066574931144714,0.1507161259651184,0.9389312863349915,0.5654155611991882
gru_cons,annarbor,nearest_norepo,2025-11-15,0.8201491236686707,0.45561198431593924,0.11838449537754059,0.13588421046733856,0.9427480697631836,0.09865616261959076
gru_cons,annarbor,p1_greedy,2025-11-15,0.7891180515289307,0.4990329153868345,0.10965444147586823,0.13948552310466766,0.9045801758766174,0.1056341677904129
gru_cons,annarbor,p2_nm,2025-11-15,0.7458231449127197,0.45213408908243574,0.14610391855239868,0.13280268013477325,0.8816794157028198,0.11268994212150574
gru_cons,annarbor,p2_wdf,2025-11-15,0.7265273332595825,0.19005405855798793,0.1871902197599411,0.1876668930053711,0.7900763154029846,0.07942890375852585
gru_cons_os,sf,nearest,2025-10-08,0.09310585260391235,0.33490665722579444,0.08560226857662201,0.10351134836673737,0.9610183238983154,1.008981466293335
gru_cons_os,sf,nearest_norepo,2025-10-08,0.10039227455854416,0.16424223861330747,0.0915575921535492,0.10388150811195374,0.9470962882041931,0.9677046537399292
gru_cons_os,sf,p1_greedy,2025-10-08,0.10405964404344559,0.17787532753005822,0.09667938202619553,0.10454486310482025,0.9295942783355713,0.9672747254371643
gru_cons_os,sf,p2_nm,2025-10-08,0.10428164154291153,0.17016667663171742,0.10628010332584381,0.10963057726621628,0.9419252276420593,0.9621062278747559
gru_cons_os,sf,p2_wdf,2025-10-08,0.2108171582221985,0.29415760278154385,0.14873358607292175,0.12911830842494965,0.8321400284767151,0.6534122824668884
gru_cons_os,sf,nearest,2025-11-15,0.094675712287426,0.2118307590725991,0.07225893437862396,0.09099086374044418,0.9674620628356934,1.0267491340637207
gru_cons_os,sf,nearest_norepo,2025-11-15,0.09810233861207962,0.12475506783386968,0.07368476688861847,0.10715869069099426,0.9609544277191162,0.9862166047096252
gru_cons_os,sf,p1_greedy,2025-11-15,0.09870493412017822,0.10929428306723007,0.0757347047328949,0.10005995631217957,0.9422993659973145,0.9905362129211426
gru_cons_os,sf,p2_nm,2025-11-15,0.09570835530757904,0.2135294781628316,0.08457224071025848,0.1020614430308342,0.9544468522071838,0.989445686340332
gru_cons_os,sf,p2_wdf,2025-11-15,0.1826852709054947,0.06076704939984635,0.1394249051809311,0.10027139633893967,0.8377440571784973,0.6876281499862671
gru_cons_os,pune,nearest,2025-10-08,0.11795602738857269,0.566913932087349,0.18320143222808838,0.10416938364505768,0.8069374561309814,0.7512916326522827
gru_cons_os,pune,nearest_norepo,2025-10-08,0.12132067233324051,0.352217276790501,0.16062553226947784,0.11123023927211761,0.7462345957756042,0.7159203290939331
gru_cons_os,pune,p1_greedy,2025-10-08,0.12628589570522308,0.3743078509970426,0.17607006430625916,0.11748853325843811,0.7234139442443848,0.70856112241745
gru_cons_os,pune,p2_nm,2025-10-08,0.1353350430727005,0.365837904835479,0.17351441085338593,0.10727418959140778,0.744865357875824,0.7086049318313599
gru_cons_os,pune,p2_wdf,2025-10-08,0.1446717381477356,0.16679980387105708,0.1639409065246582,0.08698495477437973,0.6239160299301147,0.5552257895469666
gru_cons_os,pune,nearest,2025-11-15,0.12445307523012161,0.5717994804404233,0.1441233903169632,0.07927506417036057,0.8581971526145935,0.770052433013916
gru_cons_os,pune,nearest_norepo,2025-11-15,0.13044260442256927,0.2866239614370945,0.1496545821428299,0.0868421271443367,0.7912493348121643,0.7312918901443481
gru_cons_os,pune,p1_greedy,2025-11-15,0.13678717613220215,0.21790184815923147,0.14929817616939545,0.08985209465026855,0.7938850522041321,0.7206584811210632
gru_cons_os,pune,p2_nm,2025-11-15,0.13004763424396515,0.24151667736487545,0.1426701545715332,0.0783352255821228,0.7780706286430359,0.7119312882423401
gru_cons_os,pune,p2_wdf,2025-11-15,0.146550253033638,0.38742156551368334,0.18026243150234222,0.06757639348506927,0.623089075088501,0.541679322719574
gru_cons_os,navimumbai,nearest,2025-10-08,0.1272924244403839,0.355549928982197,0.13189561665058136,0.12134326249361038,0.8623978495597839,0.9177716374397278
gru_cons_os,navimumbai,nearest_norepo,2025-10-08,0.18683066964149475,-0.015179627891011597,0.16464442014694214,0.15499043464660645,0.807901918888092,0.9009907245635986
gru_cons_os,navimumbai,p1_greedy,2025-10-08,0.17426042258739471,-0.2233622618790969,0.14076381921768188,0.13263645768165588,0.7983651161193848,0.8253417015075684
gru_cons_os,navimumbai,p2_nm,2025-10-08,0.19136154651641846,-0.15141553964586876,0.13218872249126434,0.14670413732528687,0.8051770925521851,0.9033980965614319
gru_cons_os,navimumbai,p2_wdf,2025-10-08,0.1819506287574768,-0.02479968298909377,0.18534687161445618,0.13018546998500824,0.692098081111908,0.6033113598823547
gru_cons_os,navimumbai,nearest,2025-11-15,0.11019963026046753,0.3028861929411536,0.12243372946977615,0.10523834824562073,0.9288194179534912,0.9337547421455383
gru_cons_os,navimumbai,nearest_norepo,2025-11-15,0.13652455806732178,0.1274885504975889,0.12246531993150711,0.13913540542125702,0.9045138955116272,0.9209173917770386
gru_cons_os,navimumbai,p1_greedy,2025-11-15,0.1523045152425766,0.15394809963724643,0.13652187585830688,0.144832581281662,0.90625,0.9122009873390198
gru_cons_os,navimumbai,p2_nm,2025-11-15,0.14701135456562042,0.1776173336585506,0.11773449182510376,0.14223062992095947,0.9079861044883728,0.9265962243080139
gru_cons_os,navimumbai,p2_wdf,2025-11-15,0.2880610525608063,0.2945173459497442,0.1841241717338562,0.13865070044994354,0.7274305820465088,0.4393424987792969
gru_cons_os,thane,nearest,2025-10-08,0.15287579596042633,0.19053861459354393,0.14189471304416656,0.11777784675359726,0.8210023641586304,0.9330518245697021
gru_cons_os,thane,nearest_norepo,2025-10-08,0.187003955245018,0.07321748136479439,0.14890924096107483,0.13054358959197998,0.7677008509635925,0.8991138339042664
gru_cons_os,thane,p1_greedy,2025-10-08,0.2277964949607849,0.17146118057884407,0.19758805632591248,0.13500148057937622,0.7374701499938965,0.9196242690086365
gru_cons_os,thane,p2_nm,2025-10-08,0.19991539418697357,0.2091526953430748,0.1819114238023758,0.12191127985715866,0.7478122711181641,0.8764194250106812
gru_cons_os,thane,p2_wdf,2025-10-08,0.2251511514186859,0.2055525301043359,0.19545428454875946,0.13648542761802673,0.6420047879219055,0.5034140944480896
gru_cons_os,thane,nearest,2025-11-15,0.12142712622880936,0.16151224993194033,0.12122751772403717,0.1042196974158287,0.8990740776062012,0.9395245313644409
gru_cons_os,thane,nearest_norepo,2025-11-15,0.14667902886867523,0.08920313838892603,0.12980975210666656,0.1339706927537918,0.8675925731658936,0.9157939553260803
gru_cons_os,thane,p1_greedy,2025-11-15,0.12549205124378204,0.16700795435436014,0.1369161754846573,0.1262310892343521,0.8722222447395325,0.9020708203315735
gru_cons_os,thane,p2_nm,2025-11-15,0.13294880092144012,0.20668254532772107,0.14272227883338928,0.13158097863197327,0.8777777552604675,0.9167095422744751
gru_cons_os,thane,p2_wdf,2025-11-15,0.2400190234184265,0.07661977005946673,0.1869724839925766,0.11621034890413284,0.6740740537643433,0.5138762593269348
gru_cons_os,arlington,nearest,2025-10-08,0.1397295445203781,0.23475874736717112,0.11495572328567505,0.15595126152038574,0.8818973898887634,0.9157670140266418
gru_cons_os,arlington,nearest_norepo,2025-10-08,0.1345723420381546,-0.04662470402964923,0.10929703712463379,0.13551326096057892,0.8606001734733582,0.9087583422660828
gru_cons_os,arlington,p1_greedy,2025-10-08,0.1331367939710617,0.09683896151019174,0.10616220533847809,0.15246480703353882,0.846079409122467,0.9064707159996033
gru_cons_os,arlington,p2_nm,2025-10-08,0.12940044701099396,0.12500170051304887,0.09989101439714432,0.14117003977298737,0.8373668789863586,0.8861821889877319
gru_cons_os,arlington,p2_wdf,2025-10-08,0.1622326523065567,0.251476267217492,0.1308811455965042,0.12562091648578644,0.7676669955253601,0.6941326856613159
gru_cons_os,arlington,nearest,2025-11-15,0.12258287519216537,0.10458412121621377,0.10299260169267654,0.12464591860771179,0.880141019821167,0.9038420915603638
gru_cons_os,arlington,nearest_norepo,2025-11-15,0.09878421574831009,0.3228407559649304,0.12475378066301346,0.09626784175634384,0.8789659142494202,0.8955621123313904
gru_cons_os,arlington,p1_greedy,2025-11-15,0.13306677341461182,0.1257803153472702,0.1364302933216095,0.11664730310440063,0.8683901429176331,0.887450635433197
gru_cons_os,arlington,p2_nm,2025-11-15,0.13129909336566925,0.08684246661270054,0.12042607367038727,0.12093392014503479,0.8860164284706116,0.8997624516487122
gru_cons_os,arlington,p2_wdf,2025-11-15,0.11344568431377411,0.32929919988178435,0.12120451033115387,0.11412867903709412,0.7967097759246826,0.7535756230354309
gru_cons_os,nagpur,nearest,2025-10-08,0.14057372510433197,0.14941204396204674,0.13968561589717865,0.12827008962631226,0.7973381876945496,0.8082120418548584
gru_cons_os,nagpur,nearest_norepo,2025-10-08,0.16195592284202576,0.006953692788972005,0.15815745294094086,0.12423302978277206,0.7338172793388367,0.775956392288208
gru_cons_os,nagpur,p1_greedy,2025-10-08,0.18095150589942932,-0.06377510225316142,0.17044325172901154,0.1363266408443451,0.7174833416938782,0.8036325573921204
gru_cons_os,nagpur,p2_nm,2025-10-08,0.15580406785011292,0.004210478298909289,0.15004049241542816,0.11643218994140625,0.7368420958518982,0.7776416540145874
gru_cons_os,nagpur,p2_wdf,2025-10-08,0.15721429884433746,0.13613301034999944,0.14617259800434113,0.10670428723096848,0.6085904240608215,0.5570265054702759
gru_cons_os,nagpur,nearest,2025-11-15,0.114066943526268,0.4270166212546688,0.1245327964425087,0.11341752856969833,0.8608438372612,0.7893319725990295
gru_cons_os,nagpur,nearest_norepo,2025-11-15,0.10654563456773758,0.390333173674845,0.13015496730804443,0.11500472575426102,0.8312361240386963,0.8079609870910645
gru_cons_os,nagpur,p1_greedy,2025-11-15,0.12904341518878937,0.0052879638361276815,0.1321214735507965,0.09658759087324142,0.8297557234764099,0.8163517117500305
gru_cons_os,nagpur,p2_nm,2025-11-15,0.10492101311683655,0.19341074721093612,0.12664398550987244,0.10007096081972122,0.821613609790802,0.8116748929023743
gru_cons_os,nagpur,p2_wdf,2025-11-15,0.13464806973934174,0.5350531258938376,0.16134905815124512,0.086851567029953,0.6395262479782104,0.5468149185180664
gru_cons_os,coimbatore,nearest,2025-10-08,0.1926727145910263,0.026513997830956836,0.16689495742321014,0.1249108836054802,0.7801120281219482,0.7205286026000977
gru_cons_os,coimbatore,nearest_norepo,2025-10-08,0.1805943250656128,-0.07926679502640561,0.17977678775787354,0.11910206824541092,0.7128851413726807,0.6851264238357544
gru_cons_os,coimbatore,p1_greedy,2025-10-08,0.17866423726081848,-0.012272580669051585,0.16935136914253235,0.1077113151550293,0.7254902124404907,0.6850782632827759
gru_cons_os,coimbatore,p2_nm,2025-10-08,0.19723470509052277,0.006370948943370227,0.17281405627727509,0.13910561800003052,0.7296918630599976,0.7076890468597412
gru_cons_os,coimbatore,p2_wdf,2025-10-08,0.16304808855056763,0.07280405489013342,0.18112432956695557,0.08911363780498505,0.5700280070304871,0.5161933898925781
gru_cons_os,coimbatore,nearest,2025-11-15,0.15652301907539368,0.13030712679794823,0.13817694783210754,0.11808362603187561,0.8019017577171326,0.720402181148529
gru_cons_os,coimbatore,nearest_norepo,2025-11-15,0.19441266357898712,0.045213499035539624,0.1681421548128128,0.11461897194385529,0.7717908024787903,0.6608416438102722
gru_cons_os,coimbatore,p1_greedy,2025-11-15,0.19133925437927246,0.0799794843012026,0.16539926826953888,0.12968717515468597,0.754358172416687,0.6917447447776794
gru_cons_os,coimbatore,p2_nm,2025-11-15,0.1691778600215912,0.14659304930956196,0.15614034235477448,0.1216389536857605,0.7765451669692993,0.7010986804962158
gru_cons_os,coimbatore,p2_wdf,2025-11-15,0.19955618679523468,0.01370163832786408,0.1964709311723709,0.08915086835622787,0.584786057472229,0.481147438287735
gru_cons_os,chandigarh,nearest,2025-10-08,0.11173941940069199,0.24373549797645683,0.1303430050611496,0.08687721192836761,0.8635743260383606,0.8651979565620422
gru_cons_os,chandigarh,nearest_norepo,2025-10-08,0.16091035306453705,0.19036925625152354,0.14780588448047638,0.14117202162742615,0.8281036615371704,0.8604129552841187
gru_cons_os,chandigarh,p1_greedy,2025-10-08,0.19050803780555725,-0.11764765310484852,0.15062043070793152,0.13903194665908813,0.8130968809127808,0.8738169074058533
gru_cons_os,chandigarh,p2_nm,2025-10-08,0.2084902673959732,0.0008256758663386735,0.16696806252002716,0.1542152613401413,0.8090040683746338,0.8743922710418701
gru_cons_os,chandigarh,p2_wdf,2025-10-08,0.20947839319705963,0.02328939427333678,0.1762620061635971,0.11194838583469391,0.6425647735595703,0.4377014636993408
gru_cons_os,chandigarh,nearest,2025-11-15,0.10024701803922653,0.20894348213350836,0.11406403034925461,0.08129588514566422,0.9192439913749695,0.8750476837158203
gru_cons_os,chandigarh,nearest_norepo,2025-11-15,0.1398225873708725,0.23227115616826763,0.13838428258895874,0.13966737687587738,0.869415819644928,0.8436028361320496
gru_cons_os,chandigarh,p1_greedy,2025-11-15,0.14060278236865997,0.2593462289189382,0.1656748205423355,0.12760630249977112,0.900343656539917,0.8472169041633606
gru_cons_os,chandigarh,p2_nm,2025-11-15,0.13743038475513458,0.2253447998264912,0.1394769698381424,0.14513076841831207,0.8745704293251038,0.8549239635467529
gru_cons_os,chandigarh,p2_wdf,2025-11-15,0.23604287207126617,0.22900077052401646,0.1904016137123108,0.10155526548624039,0.6769759654998779,0.4025540351867676
gru_cons_os,pittsburgh,nearest,2025-10-08,0.15188178420066833,0.06312939232596823,0.17006170749664307,0.133585587143898,0.8573369383811951,0.8097645044326782
gru_cons_os,pittsburgh,nearest_norepo,2025-10-08,0.142789825797081,0.03224217773304542,0.1406996250152588,0.11933095008134842,0.8491848111152649,0.7695524096488953
gru_cons_os,pittsburgh,p1_greedy,2025-10-08,0.1723141074180603,0.2254885530055927,0.1911872923374176,0.1503753662109375,0.823369562625885,0.7662186622619629
gru_cons_os,pittsburgh,p2_nm,2025-10-08,0.12220924347639084,0.3120408660909438,0.14010868966579437,0.1385713517665863,0.8260869383811951,0.7780433297157288
gru_cons_os,pittsburgh,p2_wdf,2025-10-08,0.3363032341003418,0.15354384703457274,0.18069744110107422,0.12143641710281372,0.7785326242446899,0.40768635272979736
gru_cons_os,pittsburgh,nearest,2025-11-15,0.13538873195648193,0.4045830970354196,0.1554306298494339,0.1353742778301239,0.8673621416091919,0.7561568021774292
gru_cons_os,pittsburgh,nearest_norepo,2025-11-15,0.19307281076908112,0.21377958628844762,0.17148742079734802,0.14531375467777252,0.7913562059402466,0.6318585872650146
gru_cons_os,pittsburgh,p1_greedy,2025-11-15,0.1675962656736374,0.31473750560760266,0.18286094069480896,0.13075335323810577,0.8137108683586121,0.6609818339347839
gru_cons_os,pittsburgh,p2_nm,2025-11-15,0.1573452651500702,0.47899612437839956,0.21307802200317383,0.15379709005355835,0.8211624622344971,0.7001904845237732
gru_cons_os,pittsburgh,p2_wdf,2025-11-15,0.27740028500556946,0.3489844872828049,0.18849001824855804,0.17291755974292755,0.7436661720275879,0.44180193543434143
gru_cons_os,portland,nearest,2025-10-08,0.12105634808540344,0.27794375260355775,0.12839631736278534,0.11934448033571243,0.8541176319122314,0.8946702480316162
gru_cons_os,portland,nearest_norepo,2025-10-08,0.1547994762659073,0.18199535443057419,0.17349427938461304,0.13314327597618103,0.796470582485199,0.8598278164863586
gru_cons_os,portland,p1_greedy,2025-10-08,0.15761788189411163,0.20769257914049422,0.16475634276866913,0.13942395150661469,0.7747058868408203,0.8465982675552368
gru_cons_os,portland,p2_nm,2025-10-08,0.15810951590538025,0.22497339662756852,0.17160016298294067,0.13269977271556854,0.7764706015586853,0.8764318823814392
gru_cons_os,portland,p2_wdf,2025-10-08,0.1864580363035202,0.2398655406672929,0.14501972496509552,0.1286879926919937,0.7494117617607117,0.6313941478729248
gru_cons_os,portland,nearest,2025-11-15,0.11911800503730774,0.5807835624355103,0.18843896687030792,0.12135838717222214,0.9122933149337769,0.8865850567817688
gru_cons_os,portland,nearest_norepo,2025-11-15,0.12505953013896942,0.4469947990716812,0.17557962238788605,0.11208374798297882,0.8504672646522522,0.8812361359596252
gru_cons_os,portland,p1_greedy,2025-11-15,0.12166617810726166,0.38579165126239506,0.16954664885997772,0.10660577565431595,0.8634076118469238,0.8727399110794067
gru_cons_os,portland,p2_nm,2025-11-15,0.13811004161834717,0.4667085699444841,0.19433468580245972,0.12298672646284103,0.8641265034675598,0.8689835071563721
gru_cons_os,portland,p2_wdf,2025-11-15,0.15355336666107178,0.4948037443892301,0.17144958674907684,0.11528827995061874,0.7555715441703796,0.6419760584831238
gru_cons_os,panaji,nearest,2025-10-08,0.12822473049163818,0.2543013645689647,0.12663376331329346,0.12314824759960175,0.7549669146537781,0.7448725700378418
gru_cons_os,panaji,nearest_norepo,2025-10-08,0.11039470136165619,0.0035144411439824302,0.1469283252954483,0.09371544420719147,0.6754966974258423,0.6666847467422485
gru_cons_os,panaji,p1_greedy,2025-10-08,0.25220170617103577,-0.12920419302933128,0.22343823313713074,0.1668841689825058,0.6490066051483154,0.6515737771987915
gru_cons_os,panaji,p2_nm,2025-10-08,0.18531613051891327,-0.2686612827878451,0.18569065630435944,0.10239297151565552,0.6423841118812561,0.6261955499649048
gru_cons_os,panaji,p2_wdf,2025-10-08,0.1999901533126831,0.35781571121508904,0.26608866453170776,0.12562328577041626,0.5231788158416748,0.4384857714176178
gru_cons_os,panaji,nearest,2025-11-15,0.23822107911109924,-0.5598336307830646,0.17749975621700287,0.05494644492864609,0.8303571343421936,0.8156836032867432
gru_cons_os,panaji,nearest_norepo,2025-11-15,0.08968984335660934,0.6943150069356269,0.15370424091815948,0.09082431346178055,0.7857142686843872,0.6907567977905273
gru_cons_os,panaji,p1_greedy,2025-11-15,0.3399113118648529,-0.4756582209118011,0.061312802135944366,0.12133728712797165,0.8125,0.4992433190345764
gru_cons_os,panaji,p2_nm,2025-11-15,0.27832621335983276,0.31065731203892794,0.3530751168727875,0.14014723896980286,0.6785714030265808,0.6487701535224915
gru_cons_os,panaji,p2_wdf,2025-11-15,0.10425157845020294,0.6355945421720772,0.17561179399490356,0.09699434787034988,0.6160714030265808,0.47816216945648193
gru_cons_os,udaipur,nearest,2025-10-08,0.11567839980125427,0.5878923077220769,0.20086483657360077,0.10996711254119873,0.8190476298332214,0.7690935730934143
gru_cons_os,udaipur,nearest_norepo,2025-10-08,0.18914635479450226,0.10759560769927021,0.1966543197631836,0.1409468799829483,0.8190476298332214,0.6963862776756287
gru_cons_os,udaipur,p1_greedy,2025-10-08,0.20812025666236877,0.1799271073119584,0.23075291514396667,0.16522002220153809,0.7904762029647827,0.7446149587631226
gru_cons_os,udaipur,p2_nm,2025-10-08,0.172456294298172,0.31891488840614135,0.17832694947719574,0.18766959011554718,0.7968254089355469,0.7364505529403687
gru_cons_os,udaipur,p2_wdf,2025-10-08,0.25958383083343506,-0.10404362192251217,0.21278570592403412,0.12320797145366669,0.644444465637207,0.3894083499908447
gru_cons_os,udaipur,nearest,2025-11-15,0.11456963419914246,0.4667986149070836,0.11607280373573303,0.13386906683444977,0.9386281371116638,0.8410341143608093
gru_cons_os,udaipur,nearest_norepo,2025-11-15,0.212538480758667,0.11427776713123672,0.16342397034168243,0.17697589099407196,0.916967511177063,0.771068811416626
gru_cons_os,udaipur,p1_greedy,2025-11-15,0.1571384221315384,0.5060924523059954,0.14241273701190948,0.21013571321964264,0.916967511177063,0.7851566672325134
gru_cons_os,udaipur,p2_nm,2025-11-15,0.16058433055877686,0.6353753235790796,0.10927601903676987,0.20110304653644562,0.9314079284667969,0.7817226648330688
gru_cons_os,udaipur,p2_wdf,2025-11-15,0.2734898626804352,0.21209879519212482,0.2020696997642517,0.13373954594135284,0.6209385991096497,0.3862761855125427
gru_cons_os,puducherry,nearest,2025-10-08,0.17093218863010406,0.30118124934134993,0.13155490159988403,0.1838737279176712,0.8372092843055725,0.8679946064949036
gru_cons_os,puducherry,nearest_norepo,2025-10-08,0.14615212380886078,0.3055102633382715,0.15169411897659302,0.1708635836839676,0.8139534592628479,0.763528048992157
gru_cons_os,puducherry,p1_greedy,2025-10-08,0.15039190649986267,0.639082449883482,0.1727299690246582,0.1936379224061966,0.7732558250427246,0.6151036620140076
gru_cons_os,puducherry,p2_nm,2025-10-08,0.18912509083747864,0.4311938353268557,0.21478210389614105,0.15572769939899445,0.7732558250427246,0.5893490314483643
gru_cons_os,puducherry,p2_wdf,2025-10-08,0.16107045114040375,0.5548264266154571,0.1780383437871933,0.1569313108921051,0.7441860437393188,0.5991650223731995
gru_cons_os,puducherry,nearest,2025-11-15,0.13250046968460083,0.2879141992209769,0.08089035749435425,0.1915261447429657,0.8333333134651184,0.8673695921897888
gru_cons_os,puducherry,nearest_norepo,2025-11-15,0.1057332381606102,0.0701778789843054,0.07224581390619278,0.14341096580028534,0.9090909361839294,0.7778400182723999
gru_cons_os,puducherry,p1_greedy,2025-11-15,0.1526918113231659,0.16005857776548704,0.13571980595588684,0.15968801081180573,0.8560606241226196,0.7828910946846008
gru_cons_os,puducherry,p2_nm,2025-11-15,0.1646200269460678,0.5680200470001356,0.15373297035694122,0.17856134474277496,0.7954545617103577,0.7733230590820312
gru_cons_os,puducherry,p2_wdf,2025-11-15,0.22584094107151031,0.3012389082132022,0.14773552119731903,0.14223633706569672,0.8030303120613098,0.5280459523200989
gru_cons_os,boulder,nearest,2025-10-08,0.22176726162433624,0.09612381170952279,0.18616600334644318,0.24081945419311523,0.8411552309989929,0.9044559001922607
gru_cons_os,boulder,nearest_norepo,2025-10-08,0.2090139538049698,0.015414334388841213,0.15188385546207428,0.22417324781417847,0.833935022354126,0.834677517414093
gru_cons_os,boulder,p1_greedy,2025-10-08,0.18560047447681427,0.2133634970021045,0.15932303667068481,0.1987520456314087,0.8122743964195251,0.8347222208976746
gru_cons_os,boulder,p2_nm,2025-10-08,0.2516709268093109,0.09345765992236968,0.1739751696586609,0.26625367999076843,0.8122743964195251,0.8532993197441101
gru_cons_os,boulder,p2_wdf,2025-10-08,0.2113552689552307,-0.07051583011634063,0.19768601655960083,0.18716397881507874,0.7617328763008118,0.684799313545227
gru_cons_os,boulder,nearest,2025-11-15,0.18099570274353027,0.22641350702040502,0.16743694245815277,0.15194092690944672,0.8158996105194092,0.8773849010467529
gru_cons_os,boulder,nearest_norepo,2025-11-15,0.16997979581356049,0.23229753407607798,0.1557341068983078,0.17692646384239197,0.8410041928291321,0.7571044564247131
gru_cons_os,boulder,p1_greedy,2025-11-15,0.19745378196239471,0.23295577981894083,0.19777235388755798,0.21845686435699463,0.8242678046226501,0.7770155072212219
gru_cons_os,boulder,p2_nm,2025-11-15,0.1559770405292511,0.002111924373055868,0.14648555219173431,0.1515628844499588,0.8368200659751892,0.7968388199806213
gru_cons_os,boulder,p2_wdf,2025-11-15,0.1874459981918335,0.29586471206147175,0.21035130321979523,0.15196916460990906,0.7656903862953186,0.7860909104347229
gru_cons_os,annarbor,nearest,2025-10-08,0.18472784757614136,0.25538327365963703,0.14509809017181396,0.22308117151260376,0.8483964800834656,0.8843847513198853
gru_cons_os,annarbor,nearest_norepo,2025-10-08,0.18012391030788422,0.251012837369372,0.15505993366241455,0.18562747538089752,0.8309037685394287,0.758083701133728
gru_cons_os,annarbor,p1_greedy,2025-10-08,0.1438419073820114,0.5388110823269153,0.16039401292800903,0.2028987556695938,0.7988338470458984,0.7011919617652893
gru_cons_os,annarbor,p2_nm,2025-10-08,0.18125779926776886,0.37786991789382,0.18264470994472504,0.21698100864887238,0.8046647310256958,0.6760414838790894
gru_cons_os,annarbor,p2_wdf,2025-10-08,0.2695346474647522,0.3248938204688739,0.12462599575519562,0.14994341135025024,0.7900874614715576,0.4499644935131073
gru_cons_os,annarbor,nearest,2025-11-15,0.13435259461402893,0.2316164348188458,0.13066574931144714,0.1380181759595871,0.9389312863349915,0.9270671010017395
gru_cons_os,annarbor,nearest_norepo,2025-11-15,0.16223634779453278,0.20003314269812936,0.11838449537754059,0.20595566928386688,0.9427480697631836,0.8081576824188232
gru_cons_os,annarbor,p1_greedy,2025-11-15,0.13211923837661743,0.19299814613767685,0.10965444147586823,0.15977934002876282,0.9045801758766174,0.8246839642524719
gru_cons_os,annarbor,p2_nm,2025-11-15,0.13599932193756104,0.5466176565105237,0.14610391855239868,0.1695433259010315,0.8816794157028198,0.8256821632385254
gru_cons_os,annarbor,p2_wdf,2025-11-15,0.32804539799690247,-0.10788157241376972,0.1871902197599411,0.23703008890151978,0.7900763154029846,0.5121251940727234
