city,method,requests,completion_rate,cancel_rate,expire_rate,mean_wait_min,p90_wait_min,mean_fare,mean_distance_km,intercity_trips,offer_acceptance,offers_per_request,cohort_size,mean_net_earnings,F_var,F_min,gini_net_earnings,mean_hourly,var_hourly,min_hourly,p10_hourly,p90_hourly,F_log_weighted_time,F_log_defined,mean_u_dist_km,var_u_dist_km,p1_total_utility_km,p1_F_var,p1_F_hat,p1_min_utility,p1_max_utility,p2_unfairness,p2_unfairness_per_driver,p2_total_income,p2_idle_driver_rate,p2_order_service_rate,policy_seconds,sim_seconds,train_seconds,warmup_days,v_avg_kmh
sf,p2_laf,12036,0.5140412097042206,0.4835493519441675,0.0024094383516118,5.042316900789444,8.578251456565086,13.755907548084696,6.421450167316554,606,0.736917641863546,0.752575606513792,832,68.27821995192308,1028.7049996794096,-1.2163,0.2594431146218779,11.227166960883036,32.233620190069594,-1.6338,3.567740095424288,18.80785312483651,,False,18.733700942849325,107.1886341122172,15586.439184450635,107.05980161929386,0.5523185557916848,-3.036606587409958,50.20959230488685,1394.55881886341,1.6761524265185217,56807.479,0.0216346153846153,0.5140412097042206,7.991952899668831,30.74180793762207,107.28081822395325,3,42.97467041015625
sf,p2_vfdcfmvd,12036,0.5761050182784978,0.4214855433698903,0.0024094383516118,4.409088882301853,7.67926842651148,12.817000288433803,5.889658962331493,540,0.768692070030896,0.8067464273845131,832,72.35545552884615,1640.886502788599,-0.8697,0.3044384881050858,11.90790939673796,43.65123749977305,-0.9102,4.455097793964047,21.02803261175165,,False,22.131600640220547,373.3858840044565,18413.491732663497,372.9371028938741,0.8725794314093989,-12.17678737296437,131.63846825603954,1759.7806919930272,2.115121024030081,60199.739,0.0108173076923076,0.5761050182784978,8.852330714580603,33.50371289253235,115.65671229362488,3,42.97467041015625
sf,p1_laf,12036,0.864406779661017,0.135593220338983,0.0,4.664065364530562,8.157753874503387,12.536950211457132,6.164799574663998,611,0.7120322599774654,1.401046859421735,832,105.11761189903844,1788.7295041876591,-15.1135,0.2248623550067345,16.95155126233572,41.5924185539041,-3.769930042464344,8.885460870447856,25.693846797840287,,False,31.034239055179945,227.78015305302048,25820.48689390972,227.50637883060097,0.4860217309299208,-13.375501675620043,76.39260411529543,1811.1691140666549,2.176885954407037,87457.85310000001,0.0048076923076923,0.864406779661017,3.4949093639443163,35.89952993392944,113.1451575756073,3,42.97467041015625
sf,p1_momaql,12036,0.9181621801262878,0.0818378198737121,0.0,3.8146702594648056,6.674573543894561,12.388452628721383,6.1010977623463525,647,0.7531530400953755,1.3241110003323364,832,111.9705609375,1640.8874140545438,0.0,0.1994484749673329,17.786977948111332,27.653658024407846,0.0,11.516114535903853,24.437102341471647,,False,40.14841518567587,165.40423204469334,33403.481434482324,165.20542888117808,0.3201428086321058,0.0,60.60541965008086,1569.4965813201034,1.886414160240509,93159.5067,0.0060096153846153,0.9181621801262878,3.7329628438747022,35.42117738723755,113.9412751197815,3,42.97467041015625
sf,p1_brp,12036,0.8491193087404453,0.1508806912595546,0.0,5.03946749196376,8.621992253823883,12.605376712328766,6.245296338129999,618,0.708628841607565,1.4057826520438683,832,102.96779963942308,1838.477482495805,0.0,0.2313211195711699,16.335302511897076,31.94975006501329,0.0,9.281724390678685,24.03414417202588,,False,28.01983682082444,77.68751554885344,23312.50423492593,77.59414113112645,0.3143756232898649,0.0,46.96687712034981,1610.2820190688967,1.935435119073193,85669.20929999999,0.0048076923076923,0.8491193087404453,3.559741286589997,36.85508823394776,114.4424765110016,3,42.97467041015625
sf,p2_sid,12036,0.8991359255566633,0.1008640744433366,0.0,4.105994329247791,7.217851361259424,12.350479578636111,6.060272466527442,605,0.733166626006343,1.3622465935526753,832,108.52045552884616,975.0717328295848,0.0,0.1584398724510069,17.86548804314264,30.622156268626973,0.0,11.359126614115883,25.65751847246356,,False,36.64018126528399,266.83038258566904,30484.63081271628,266.5096729912151,0.4455524895656352,-14.960610159076335,97.92169065078478,1486.3725990339442,1.786505527685029,90289.019,0.001201923076923,0.8991359255566633,6.263764650240773,38.45957541465759,116.957279920578,3,42.97467041015625
pune,p1_laf,9751,0.6854681571120911,0.3140190749666701,0.0,7.663672671105912,13.193009707357108,204.5098623578696,9.862358433310696,324,0.5924774445257255,1.6822889960004102,1169,596.2452374679214,84360.44276651752,0.0,0.2523393002272525,67.00347584927387,1069.7575472321755,0.0,32.10581215009451,109.7520799065563,,False,35.31330177411996,249.7970021652365,41281.24977394623,249.5833178177898,0.4473726716147338,0.0,113.69482943001086,3599.2023521780043,3.078872841897352,697010.6826,0.0171086398631308,0.6854681571120911,3.6684733483125456,44.71407055854797,143.54491543769836,3,24.48418426513672
pune,p1_brp,9751,0.6630089221618296,0.3365808635011794,0.0,8.02376216267556,13.47390373046168,204.0514972931168,9.85307588701441,308,0.5880356385235469,1.6920315865039484,1169,571.0863047904193,79770.0090997614,-15.0018,0.2536534131771586,64.0081478426894,991.7596204559702,-2.909871150123734,29.701603371793208,103.93217658941202,,False,33.44933246624362,136.21798065891022,39102.26965303879,136.1014554402114,0.3487738613807513,0.0,59.21563479855942,3528.579837070739,3.018460083037416,667599.8903,0.0239520958083832,0.6630089221618296,3.8278183771763,46.11436367034912,144.26699924468994,3,24.48418426513672
pune,p1_momaql,9751,0.7354117526407548,0.2640754794380063,0.0,7.085750401190179,12.359897510655172,199.55050341653885,9.56582982462445,323,0.6349330721514854,1.5706081427545893,1169,630.914582805817,75959.56434324004,-36.38640000000001,0.2217592207895193,71.19770063996172,1013.0787358966944,-4.766878752851238,36.9542911491896,115.55106402009577,,False,37.60023875657152,136.72913872872118,43954.67910643211,136.6121762490559,0.3108523122843446,0.0,63.39436813774276,3568.80263860542,3.052867954324568,737539.1473000001,0.0153977758768177,0.7354117526407548,3.8838156489364337,45.26329064369202,144.99732851982117,3,24.48418426513672
pune,p2_laf,9751,0.6555225105117424,0.3435545072300277,0.0002051071684955,7.431761684810949,12.762764388516905,205.41919430538167,9.877674882391071,314,0.6342815988476773,1.423956517280279,1169,578.6352212147134,85674.02708750423,-6.6117,0.2627675727398351,64.40796398489022,1077.5219263865483,-1.052665364672168,22.828142368512697,103.1377271388934,,False,33.89468540100514,259.89485867630384,39622.88723377501,259.67253629933526,0.475424329460109,-3.3233204589283303,75.82645943046992,3418.104988827734,2.923956363411236,676424.5736,0.0342172797262617,0.6555225105117424,7.447013787954347,46.56390452384949,144.68185567855835,3,24.48418426513672
pune,p2_sid,9751,0.7266946979796944,0.2728950876833145,0.0,7.163053978599705,12.393146263737629,198.98755151001976,9.55329187197753,304,0.6252092184884769,1.5930673777048507,1169,618.4706270316509,48908.49850842032,-2.4176,0.1894728250289951,70.26603157181775,861.1705828113812,-0.7826693359662221,38.61116083687647,107.39834275274158,,False,37.44539450009716,205.0391475901769,43773.66617061358,204.86375054347872,0.3822382545597209,-3.5473811607550774,83.12542719765096,3502.467109687744,2.996122420605427,722992.1630000001,0.0188195038494439,0.7266946979796944,5.476097681326792,46.57319188117981,146.50477933883667,3,24.48418426513672
pune,p2_vfdcfmvd,9751,0.5658906778791919,0.4329812326940827,0.0008204286739821,7.803176560670731,13.193141144935849,203.5423849220732,9.762620038308738,258,0.6042911034265954,1.3048918059686183,1169,492.1395104362704,72853.61237577953,-83.4807,0.2851315578162143,55.8785076783621,1001.9859456833497,-9.337581622685688,23.54795108621916,98.12926377267873,,False,29.03760243616924,239.55534051111653,33944.957247881845,239.35041720871183,0.5327903369121628,-3.408993247834533,102.49964656250958,3423.5583505820646,2.928621343526146,575311.0877,0.0179640718562874,0.5658906778791919,11.391339365276508,46.45554208755493,147.48091769218445,3,24.48418426513672
sf,nearest,12036,0.9493187105350614,0.0506812894649385,0.0,2.904170584867158,4.8628287560955865,12.6155076142132,6.211032697940849,699,0.7888713496448303,1.26321036889332,832,116.29432764423076,2699.2288001509905,-0.6877,0.2478114321035249,17.670179225412053,26.988210173860185,-1.3754,10.615666584731114,23.89337347855695,,False,50.75966498325636,606.553046604086,42232.04126606929,605.8240164999946,0.4849025811784234,-0.1459128270511712,159.66291636843195,1560.0134764303862,1.875016197632676,96756.8806,0.0036057692307692,0.9493187105350614,9.928943780250847,44.41709876060486,9.5367431640625e-07,0,42.97467041015625
sf,p1_greedy,12036,0.931787969425058,0.0682120305749418,0.0,3.519480214277083,6.3030352588030905,12.643551493535442,6.210454916259804,685,0.7702373316228351,1.2952808241940843,832,116.20383040865384,2182.5651040893035,-0.1211,0.2227950377588015,18.32939411331836,33.658595453303874,-0.0280378761953359,10.814469750303028,25.74753880089814,,False,44.94812611181522,341.6748722082397,37396.840925030265,341.26420529452787,0.4109923880019512,0.0,106.3504531136548,1613.4741001806078,1.939271755024769,96681.5869,0.0072115384615384,0.931787969425058,4.351421109546209,38.49858689308167,4.76837158203125e-07,0,42.97467041015625
sf,p2_nm,12036,0.9302093718843468,0.069790628115653,0.0,3.50121179009237,6.246894965135895,12.641595212575918,6.212625431348431,685,0.7750403095775557,1.288218677301429,832,115.85771310096156,3322.8642077474124,-0.0026,0.2757193164414428,17.806766913379672,43.993678475115566,-0.0004341850403175,8.576103115812726,26.182029974665152,,False,44.89181300688402,648.2686029686923,37349.9884217275,647.4894339747395,0.5668252622989204,-2.202235791542417,158.6058709274254,1698.2305267066797,2.0411424599839902,96393.6173,0.0120192307692307,0.9302093718843468,5.859596188587602,39.242992639541626,7.152557373046875e-07,0,42.97467041015625
sf,p2_ilp,12036,0.8141409106015287,0.1858590893984712,0.0,5.529048772643339,9.522424170484012,12.218875395448515,5.972783644837173,534,0.6695710455764075,1.4875373878364906,832,95.70825384615384,890.4908664825814,-13.4456,0.1718724214309069,15.785695816439056,29.79182256854421,-2.074491017711861,9.523640216638386,23.47042895383698,,False,20.528430190924627,140.2313008486584,17079.65391884929,140.06275361206147,0.5765083342050208,-11.60547271210711,55.15052310194753,1496.685588424043,1.7989009476250517,79629.2672,0.0036057692307692,0.8141409106015287,6.40854740422219,42.36294651031494,4.76837158203125e-07,0,42.97467041015625
sf,p2_wdf,12036,0.7691924227318045,0.2307244931871053,8.308408109006314e-05,6.898692921476577,10.813513067840738,12.40839598185353,6.076035585974193,552,0.6323163961296463,1.5713692256563645,832,88.70474531250001,3514.643252606084,0.0,0.3802791236206017,14.188025827379573,72.60941259392743,0.0,1.996486536366432,24.147166270311747,,False,7.776585938492362,215.59461091555656,6470.119500825645,215.3354827774369,1.886986631828948,-28.66839552683368,80.41394926364497,2321.062635589541,2.789738744698968,73802.3481,0.0084134615384615,0.7691924227318045,18.27072995377239,55.90455627441406,9.5367431640625e-07,0,42.97467041015625
sf,p1_reassign,12036,0.9258059155865735,0.0741940844134263,0.0,3.568364373757856,6.445091171950567,12.479330521403572,6.14424214931331,660,0.7656070471083876,1.3015952143569292,832,113.9238516826923,2500.642769263002,0.0,0.2436203683385279,17.759396689827852,32.93704694920943,0.0,9.928807094486707,25.000366659361177,,False,43.3876474691735,451.3102024959363,36098.52269435235,450.7677623487056,0.4893395538591903,0.0,139.57339562713216,1739.7177401306317,2.0910068991954707,94784.6446,0.0060096153846153,0.9258059155865735,57.43348438365501,91.9930305480957,9.5367431640625e-07,0,42.97467041015625
pune,p1_greedy,9751,0.8029945646600348,0.1964926674187262,0.0,6.186015553581377,10.789873822119551,205.4975006385696,9.91354759383169,372,0.6971543258547774,1.4307250538406318,1169,719.3233973481608,123061.75218173768,-107.3553,0.2557535728741624,78.39500762286978,1147.0792355313229,-33.50771777674751,40.53381337384027,118.68971421169029,,False,45.27274066930687,344.74881536320225,52923.83384241973,344.45390619693774,0.4099479990336865,0.0,122.90379606952996,3433.105263678147,2.93678807842442,840889.0515000001,0.0248075278015397,0.8029945646600348,4.263357923424337,49.58247470855713,7.152557373046875e-07,0,24.48418426513672
pune,nearest,9751,0.8415547123371961,0.1578299661573172,0.0,5.647793418610122,9.979286951369613,205.19247623689984,9.889821655457489,390,0.7211524218634277,1.3846784945133832,1169,735.2302940975193,242347.29574841275,-27.8797,0.3657829833404988,76.20026646630996,1813.7609492554,-5.367976454817871,22.6628644958699,132.3563450751808,,False,49.07423338693687,973.5919250961996,57367.7788293292,972.7590834151936,0.6355491224980275,-0.811847021933266,218.72702128007825,3641.561428524526,3.115108151004727,859484.2138,0.0350727117194183,0.8415547123371961,11.626795485906769,57.75614762306213,9.5367431640625e-07,0,24.48418426513672
pune,p2_nm,9751,0.797149010357912,0.2023382217208491,0.0,6.203052831050277,10.844196273471,206.3810201981217,9.96224108524089,371,0.6914445000357372,1.4348271972105424,1169,715.9843180496151,263766.64678770973,-8.6236,0.3931972147536271,74.56582031561179,2113.2586310505367,-0.9240982944158757,15.294052149974195,134.88968739972034,,False,45.17866397475195,1094.9354140638836,52813.85818648503,1093.998771280253,0.7321077989643018,-2.70415703678966,228.34619259008093,3685.934217352115,3.153066054193426,836985.6678000002,0.0650128314798973,0.797149010357912,4.538769060105551,48.20539426803589,7.152557373046875e-07,0,24.48418426513672
pune,p2_wdf,9751,0.6260896318326326,0.3733976002461286,0.0,8.883962023168968,14.208053424463166,204.4851367731368,9.85532600771012,279,0.5677980954606532,1.75540970156907,1169,510.0561425149701,193253.3495483421,0.0,0.472068978582164,56.9690497694759,1947.7172204573903,0.0,5.119340472950736,118.43724052825414,,False,29.35746566768936,718.2873391403567,34318.87736552885,717.6728931701767,0.912524870593728,-6.447788334916222,144.58189943918595,3397.490716279568,2.9063222551578853,596255.6306,0.0316509837467921,0.6260896318326326,20.47128596348921,60.43049097061157,4.76837158203125e-07,0,24.48418426513672
pune,p2_ilp,9751,0.6635216900830684,0.3361706491641882,0.0,8.178543215865435,13.45291008486308,200.2118655332303,9.626665284456829,287,0.580726056842608,1.717567428981643,1169,554.1532023952096,40338.51265780864,0.0,0.1829492584502884,63.418229136315794,724.5815323891136,0.0,35.95259260086424,98.92517898393449,,False,32.245326084136394,155.4252411896802,37694.786192355445,155.2922854658225,0.386463219619053,-4.760920732525247,68.4822157256889,3324.866190446935,2.8441969122728272,647805.0936,0.0153977758768177,0.6635216900830684,4.587359979312168,40.21761417388916,7.152557373046875e-07,0,24.48418426513672
pune,p1_reassign,9751,0.7245410727104913,0.2752538201210132,0.0,7.067666637278688,12.553446437260016,199.66996886058035,9.570224184501344,321,0.6247268988561882,1.5959388780637884,1169,625.9719625320787,118281.2898405827,0.0,0.275957162760782,68.43723100691015,1121.437347824792,0.0,34.0310415116246,109.06270908681164,,False,37.30197732232866,287.1809745575525,43606.01148980221,286.93531076409005,0.4541090368936168,0.0,135.45584828066376,3151.301999617036,2.695724550570604,731761.2242,0.0290846877673225,0.7245410727104913,63.94300010468578,103.54186868667604,7.152557373046875e-07,0,24.48418426513672
boulder,p1_brp,1285,0.8373540856031129,0.1626459143968871,0.0,5.63454410615774,9.35406681125114,9.869823420074349,4.293761505460148,59,0.6734926052332195,1.3680933852140078,56,125.13813571428572,2470.0361144344383,18.3138,0.2171031604600738,20.7403669728162,8.659841469905148,10.589080043696466,17.102147383188807,24.174328986482216,52.91357049235481,True,4.895853233839548,31.491614900497623,274.16778109501473,30.929264634417308,1.1359426531205843,-9.995087614843367,17.47831366547127,73.17318567455821,1.3066640299028252,7007.7356,0.0,0.8373540856031129,1.009253522985091,5.7935638427734375,17.005918264389038,3,44.82480239868164
boulder,p1_laf,1285,0.845136186770428,0.154863813229572,0.0,5.633572796699729,9.553229240352236,9.773112338858194,4.23135445829037,53,0.689877121123464,1.3299610894941634,56,124.86279285714284,2178.440048037806,18.0443,0.1998580041372269,21.24290967753793,16.701154569061053,12.560384840907403,15.049322411748111,25.956300919435986,59.48045181664813,True,5.976529472794263,88.87620669166968,334.6856504764787,87.28913157217558,1.563259299378945,-28.6388797492356,29.11488991433628,80.24481830800627,1.4329431840715403,6992.3164,0.0,0.845136186770428,0.9977155390806728,5.727934122085571,17.638726234436035,3,44.82480239868164
boulder,p1_momaql,1285,0.7945525291828793,0.2046692607003891,0.0007782101167315,5.241571073490368,8.904459732859808,9.984495592556318,4.439840705933306,58,0.6931316950220542,1.2350194552529183,56,120.17605535714286,1913.933479510328,9.2514,0.1954473425432806,20.174557036643574,12.304993316370156,9.483520181704336,16.176263024797223,24.172452074566777,57.823414579908444,True,13.096246996091333,15.139083740165304,733.3898317811146,14.868742959090923,0.2944355664277325,-1.1813440018904984,19.293970022124345,77.12718456701741,1.3772711529824535,6729.8591,0.0,0.7945525291828793,1.3149951417872217,6.116584539413452,18.13383197784424,3,44.82480239868164
boulder,p2_sid,1285,0.8171206225680934,0.1821011673151751,0.0007782101167315,5.559901621694749,9.358636482815603,9.804380952380953,4.180776283953218,55,0.6817391304347826,1.3424124513618676,56,121.27303035714284,1221.2226090410427,15.0975,0.1603613010038011,21.051080891138376,12.567768822927352,12.14939335942065,16.795094652655244,25.2457163742782,61.33874318832281,True,3.2554631300673904,144.09572815373332,182.30593528377383,141.5225901509881,3.654265545344797,-31.2609218194135,23.593326144479413,81.42503865300947,1.454018547375169,6791.289699999999,0.0,0.8171206225680934,2.073545842860767,6.941758632659912,20.380134105682373,3,44.82480239868164
boulder,p2_laf,1285,0.7642023346303501,0.2357976653696498,0.0,5.326583350333617,8.884629067543477,9.8811099796334,4.181796562910043,57,0.7052139037433155,1.1642023346303505,56,113.86457321428573,990.707057259104,8.831199999999999,0.1516628302378196,19.764225509417845,12.96535929512545,10.44187188353868,15.28326785497894,23.194530675391874,59.03885285640513,True,9.228928382254956,147.5702912219321,516.8199894062775,144.93510745011187,1.3044742858692115,-15.514651205093044,49.24959355091932,60.412095749278976,1.0787874240942674,6376.4161,0.0,0.7642023346303501,2.6812661330550327,7.7360453605651855,22.147424697875977,3,44.82480239868164
boulder,p2_vfdcfmvd,1285,0.5782101167315176,0.4194552529182879,0.0023346303501945,4.909384645000675,8.597907116628074,9.971238223418572,4.106505304902286,45,0.7038664323374341,0.8856031128404669,56,87.82614642857142,1027.77433939963,20.5583,0.2027032851781906,15.59230307241556,20.093630797751384,7.33055399643204,8.946085269521985,20.61647734555126,80.15828739530767,True,12.081685232579762,140.1070863020706,676.5743730244667,137.6051740466765,0.9709343483883572,-11.951574269095,45.86023203599071,70.56727124503323,1.2601298436613075,4918.2642000000005,0.0,0.5782101167315176,2.470448501939245,7.400833368301392,24.54580402374268,3,44.82480239868164
annarbor,p1_laf,1439,0.8665740097289785,0.1334259902710215,0.0,5.380030810657847,9.187140429270706,10.380032076984763,4.577297263508377,70,0.7023575638506876,1.4148714384989576,101,85.31779504950495,1735.5005079275993,4.521,0.2684368467932666,14.23470767574916,24.69719685619819,1.5122289547159196,7.7290894828778525,20.663768073212864,124.61832145381604,True,9.15823278822025,123.4552025227952,924.9815116102452,122.23287378494574,1.2072086338126826,-31.85541987310869,32.71133789761455,148.20312448581075,1.467357668176344,8617.0973,0.0,0.8665740097289785,2.2983041889674496,12.98864722251892,20.63017249107361,3,43.33571243286133
annarbor,p1_brp,1439,0.8804725503822098,0.1195274496177901,0.0,5.157838049723043,9.123746784408969,10.418326756116812,4.648722590433438,72,0.7286663260091978,1.3599722029186936,101,87.56778613861384,1687.892339641392,0.0,0.2621188904752232,14.525580122220338,21.98343700787823,0.0,8.314684522019943,19.91400684073493,,False,11.230113875751226,26.04599415470124,1134.2415014508738,25.78811302445667,0.4521948608929588,-2.0604724377763435,23.171165382227315,150.04954878486382,1.48563909687984,8844.3464,0.0099009900990099,0.8804725503822098,2.108340852006222,13.123966932296751,20.600030422210693,3,43.33571243286133
annarbor,p1_momaql,1439,0.886726893676164,0.113273106323836,0.0,4.744243812996931,8.142051636975157,10.351653605015674,4.611231267276232,70,0.7353399065905553,1.3391243919388465,101,88.73633564356436,1866.640055646056,0.0,0.265128645723427,14.68263408693195,22.1714057517812,0.0,9.099662928101056,20.082885308037152,,False,15.265492054106597,27.65860635871566,1541.814697464766,27.384758771005604,0.3428022409430851,-0.4321963571992642,26.37892041591986,210.1046075435184,2.0802436390447365,8962.369900000002,0.0099009900990099,0.886726893676164,2.32373373615701,13.04239273071289,22.98232102394104,3,43.33571243286133
annarbor,p2_sid,1439,0.8693537178596248,0.1306462821403752,0.0,5.498911384016335,9.485524621612178,10.303629096722622,4.562181831540924,66,0.6758163748225272,1.4683808200138986,101,85.07028811881192,943.7142863327302,4.521,0.2014325790525529,14.801908234877857,20.643234390128548,4.8468582953232895,9.479990920747792,20.09317218843521,109.2206733804771,True,8.57989952126364,103.48628154438302,866.5698516476276,102.46166489542873,1.179773134598149,-17.479980646591205,41.24563043221853,197.14000002341328,1.9518811883506264,8592.0991,0.0,0.8693537178596248,6.210492593098024,20.272902727127075,35.32993817329407,3,43.33571243286133
annarbor,p2_laf,1439,0.8366921473245309,0.163307852675469,0.0,5.517159866626747,9.599884413173143,10.329327242524917,4.51043137926431,68,0.7107868681605003,1.3335649756775538,101,80.45864554455446,857.4816482236681,-1.2144,0.1989249287262334,13.904719648239409,21.534367904928832,-0.3672828228649452,8.316262826969636,19.12721323597325,,False,8.720261717305227,75.85775144739256,880.746433447828,75.10668460137877,0.9938246773195136,-10.560371998732297,33.59875376246883,154.9728421940628,1.5343845761788395,8126.3232,0.0099009900990099,0.8366921473245309,7.375473125932331,21.985604524612427,38.49034929275513,3,43.33571243286133
puducherry,p1_brp,677,0.8094534711964549,0.190546528803545,0.0,5.558936832782985,10.368086156996313,113.07379562043796,3.927342849981202,26,0.679959100204499,1.4446085672082718,41,801.2284439024389,156844.1991700459,0.0,0.2783597614068904,79.66563734638633,1346.709784495356,0.0,22.73055958932716,120.55966792122122,,False,14.339218608704114,37.20482680996371,587.9079629568687,36.297392009720696,0.4201576013647205,-1.6163573143971814,23.14336673706117,87.08938672942881,2.124131383644605,32850.366200000004,0.073170731707317,0.8094534711964549,1.4681281580487848,10.972164392471312,29.72061920166016,3,28.07599258422852
annarbor,p2_vfdcfmvd,1439,0.7713690062543433,0.2286309937456567,0.0,5.788904484452818,10.022042292418265,10.141765765765768,4.441165609787141,53,0.6818428184281843,1.2821403752605975,101,72.0895405940594,931.4024366929068,-0.5898,0.2339255872605954,12.271323314365832,22.465897232728235,-1.109389978409204,6.662643555420361,18.03518691828928,,False,7.566692264329605,80.23094574983266,764.2359186972901,79.43657995032937,1.1778885422284342,-13.295378385732027,36.184306877019296,152.12273789249886,1.5061657217079094,7281.0436,0.0198019801980198,0.7713690062543433,7.678474921056477,21.38922071456909,50.24619770050049,3,43.33571243286133
puducherry,p1_laf,677,0.8050221565731167,0.1949778434268833,0.0,5.605947239861006,9.795971439162823,112.98288073394497,3.9361262970938298,24,0.6878251821019771,1.4194977843426884,41,801.0504853658535,172970.55198090465,0.0,0.2940200081006673,83.38668474338913,2190.735515754472,0.0,21.285291149805367,151.070722003487,,False,15.188264621708768,114.22227023373075,622.7188494900595,111.43636120363976,0.6950328091757509,-10.573227136130374,40.596456440463854,73.07451290351378,1.7823051927686286,32843.0699,0.073170731707317,0.8050221565731167,1.4068022700594156,11.450791835784912,36.58841347694397,3,28.07599258422852
puducherry,p1_momaql,677,0.8050221565731167,0.1949778434268833,0.0,5.378129118229363,10.051920589716222,115.87660550458716,4.123393787939006,30,0.698051948051948,1.3648449039881831,41,823.510931707317,156254.77552404802,0.0,0.2690794187421944,83.94583593969836,1682.132377633156,0.0,24.47329257120789,129.62517596829792,,False,17.026425326257947,45.5649428311654,698.0834383765758,44.45360276211258,0.3915885676148614,0.0,26.25960838865418,64.92818902403044,1.583614366439767,33763.9482,0.073170731707317,0.8050221565731167,1.626601601135917,11.622060298919678,35.10238862037659,3,28.07599258422852
puducherry,p2_sid,677,0.7961595273264401,0.2038404726735598,0.0,5.559163561106599,9.975273736202508,113.88493506493506,3.9666546722518703,27,0.6576576576576577,1.4756277695716395,41,790.992731707317,99703.29090249924,0.0,0.2048690181929697,81.27037509448729,1231.6802330183527,0.0,32.88619184381538,121.66492764646078,,False,14.52028882247726,121.12214516275006,595.3318417215677,118.16794650024396,0.7486426915960223,-6.648535807477474,37.31902725327477,139.75393496113162,3.4086325600276006,32430.702,0.048780487804878,0.7961595273264401,4.478525298160093,15.304372549057009,42.28871560096741,3,28.07599258422852
puducherry,p2_laf,677,0.7533234859675036,0.2466765140324963,0.0,5.355025428513356,9.699925287323047,113.77376470588236,3.9537464394442137,26,0.6879823594266814,1.3397341211225997,41,732.7566195121951,100787.24144832352,0.0,0.2216160386000291,74.75987567185113,1138.606757290304,0.0,19.732903954600783,109.40838063013508,,False,14.312809369033026,124.78186883348542,586.825184130354,121.73840861803455,0.7708838071351426,-0.9974961535828172,39.30525747233839,115.0466728045052,2.8060164098659808,30043.0214,0.048780487804878,0.7533234859675036,5.75017674202536,17.529263973236084,52.16785168647766,3,28.07599258422852
puducherry,p2_vfdcfmvd,677,0.6336779911373708,0.3648449039881831,0.001477104874446,5.685452064053156,10.088318703804472,111.52655011655013,3.855418951143479,19,0.6920943134535368,1.064992614475628,41,604.6404926829268,96353.9801335246,0.0,0.2915941532435918,63.004445395064046,1032.2690408666165,0.0,32.13112501318885,118.87797686063688,,False,12.019010356061791,104.01841741187144,492.7794245985335,101.4813828408502,0.8381552677718972,-5.928404274617318,39.00236877654035,75.02004213694616,1.8297571252913696,24790.2602,0.048780487804878,0.6336779911373708,6.008435102827207,16.599220037460327,54.490687131881714,3,28.07599258422852
udaipur,p1_laf,1380,0.7543478260869565,0.244927536231884,0.0007246376811594,7.257090691502028,12.224821128712817,129.05485110470698,5.161882916643116,56,0.5951742627345844,1.6217391304347826,121,560.9703520661157,79976.53426938318,0.0,0.2776577560562685,64.5140461807176,903.5908668495814,0.0,30.0369916936118,106.5684835594076,,False,15.17776029792884,98.44753623860642,1836.5089960493897,97.63392023663444,0.6510175166090292,-20.1173980323736,40.46749075191736,317.25548504200293,2.621946157371925,67877.4126,0.024793388429752,0.7543478260869565,2.831596712807368,17.137579917907715,55.82870697975159,3,28.025426864624023
udaipur,p1_brp,1380,0.7840579710144927,0.2152173913043478,0.0007246376811594,6.423382733296132,11.21259428947651,128.30026802218117,5.149778988957688,56,0.6217978574755473,1.5557971014492753,121,595.4251214876033,68009.46822445573,0.0,0.2380515467708441,68.70135684544968,580.1211492986146,0.0,40.53246992014719,100.48437975362934,,False,19.13263682307024,38.4163139162553,2315.049055591499,38.0988237186003,0.3226123255994173,0.0,32.28141177114284,302.53570621860774,2.5002950927157666,72046.4397,0.0082644628099173,0.7840579710144927,3.747348339049495,23.44696998596192,54.07911491394043,3,28.025426864624023
udaipur,p1_momaql,1380,0.8297101449275363,0.1702898550724637,0.0,5.7500328453683895,10.162787403352436,126.48937991266376,5.0528877613198135,56,0.6587064676616915,1.4565217391304348,121,635.8145082644628,64038.35846208919,0.0,0.2244146233347923,72.65383074610709,591.5453994989673,0.0,43.06460883188593,107.02022542154968,,False,22.51322908362846,59.52270253815365,2724.100719119044,59.03077937668131,0.3412726368507462,0.0,39.04023974388822,242.26486784055788,2.002188990417834,76933.5555,0.0082644628099173,0.8297101449275363,2.776551782124443,17.492785692214966,62.01823163032532,3,28.025426864624023
udaipur,p2_laf,1380,0.8072463768115942,0.1920289855072463,0.0007246376811594,6.020540856195565,10.351362448773765,128.75710951526034,5.161396419903834,61,0.6408102766798419,1.4666666666666666,121,612.0587826446282,44063.02424358804,0.0,0.1872681258800636,71.03474657202528,620.4004824307535,0.0,36.217383122949485,104.8598274115351,,False,21.11912120827278,115.2401545134801,2555.4136662010064,114.28775654229432,0.5062021799319846,-3.184190116427017,46.41854616063316,241.3073453956665,1.994275581782368,74059.1127,0.0165289256198347,0.8072463768115942,6.681348990954575,20.289692878723145,76.51799941062927,3,28.025426864624023
udaipur,p2_sid,1380,0.7978260869565217,0.2021739130434782,0.0,6.156368362315427,10.480234861175996,126.57753860127156,5.0586351220560966,50,0.625590179414542,1.5347826086956522,121,601.9926570247933,31714.268991968067,0.0,0.1563265260903572,70.90311484638754,573.232104690755,0.0,45.05724901877775,101.58941072041152,,False,20.42094624613724,88.25152906610417,2470.9344957826056,87.522177586219,0.4581241594250869,-1.4798375880125405,43.7190454867136,236.65519869574976,1.9558280883946264,72841.1115,0.0165289256198347,0.7978260869565217,6.272692592952808,20.94339346885681,76.35566735267639,3,28.025426864624023
udaipur,p2_vfdcfmvd,1380,0.6398550724637682,0.3594202898550724,0.0007246376811594,7.089844237755544,11.737317351867194,122.82868629671576,4.802074498826105,36,0.5789200415368639,1.3956521739130434,121,455.12112727272734,39073.02669372628,-1.3102,0.2257002829193621,52.84628685757929,492.0294120092647,-2.303136220975632,29.62873034773061,79.53177931389698,,False,13.602177095247624,69.39472045568436,1645.8634285249625,68.82121036927374,0.6098917072800343,-4.0726422177038994,34.06478961158406,317.4503203813258,2.623556366787817,55069.6564,0.024793388429752,0.6398550724637682,11.675527858118585,33.72180223464966,84.50961136817932,3,28.025426864624023
chandigarh,p1_laf,3159,0.7242798353909465,0.2757201646090535,0.0,7.460009984782729,12.49937221115225,141.20670017482516,5.872561951800059,121,0.5988593155893536,1.6650838873061096,319,531.5664639498432,39892.75241068927,-0.4797,0.2066050005570898,61.89923327191854,864.5261700785927,-0.7325782767909534,30.2505679632976,102.05917607505909,,False,20.614136680896085,58.78714597560502,6575.909601205851,58.60286025154356,0.3713592580038345,0.0,45.28945559683103,887.4765651449914,2.7820581979466814,169569.702,0.0156739811912225,0.7242798353909465,3.663370391048375,24.088976860046387,95.39897179603577,3,23.31475830078125
chandigarh,p1_momaql,3159,0.8262108262108262,0.1737891737891738,0.0,6.315991833353039,10.551265734715283,138.76286206896552,5.715707174321186,140,0.6676576767891272,1.4906616017727128,319,612.2696630094044,45490.64642332089,-0.4797,0.1874799270635572,69.961577181248,801.3171788171016,-0.7325782767909534,38.34082473252594,108.82968830522626,,False,25.475381584348906,52.099352111766514,8126.646725407301,51.93603125875157,0.2828874506934982,0.0,38.29426063677694,827.3989586714904,2.5937271431708164,195314.0225,0.0219435736677116,0.8262108262108262,4.00322786126344,25.534188985824585,88.58860373497009,3,23.31475830078125
chandigarh,p1_brp,3159,0.7670148781259892,0.2329851218740107,0.0,7.144842665808569,11.827327056940728,140.43529921584812,5.831697742147032,129,0.6172549019607844,1.6144349477682811,319,562.7720426332288,39045.21262472758,-0.4797,0.1911701480576593,65.04509278199032,739.9174949657875,-0.7325782767909534,35.23776744162337,102.45623072525804,,False,22.29790329463481,43.486172899659,7113.031150988504,43.34985260843749,0.2952771123142678,0.0,36.92578886603716,742.1179123296149,2.3263884399047488,179524.2816,0.0156739811912225,0.7670148781259892,4.716366536747955,32.140082120895386,87.73739433288574,3,23.31475830078125
panaji,p1_laf,614,0.8110749185667753,0.1889250814332247,0.0,6.767261693859207,12.01745503724851,127.44098393574298,4.962324761320313,29,0.6659217877094972,1.4576547231270358,58,571.9308034482759,109240.70595161896,-0.5595,0.3199350747896752,61.43252427854086,1123.2005392841777,-0.2731860733181522,28.84319358122721,106.1395806718917,,False,14.885578897475648,90.0414496483578,863.3635760535876,88.48901086131715,0.6319445042507001,-3.1629175033021464,45.78101204944063,138.41313603919502,2.386433379986121,33171.9866,0.0344827586206896,0.8110749185667753,1.5541410327205083,11.134286403656006,29.43010187149048,3,25.376615524291992
panaji,p1_brp,614,0.7703583061889251,0.2296416938110749,0.0,6.758517599312516,11.857261328011786,126.94663847780126,4.942279996689401,29,0.6629711751662971,1.469055374592834,58,539.1151189655172,68398.5923960574,0.0,0.2762165647938086,60.929704716054296,763.6692989740772,0.0,29.0255150060075,97.80767344751686,,False,13.661841764708246,42.07926097480737,792.3868223530783,41.35375647524173,0.4707043719140142,-1.0066838751842184,29.15749931246252,151.77589522941838,2.6168257798175585,31268.6769,0.0172413793103448,0.7703583061889251,1.4146680197372916,10.096734046936035,29.66089129447937,3,25.376615524291992
panaji,p1_momaql,614,0.8013029315960912,0.1986970684039088,0.0,5.826883022133134,9.93304150345517,125.92221544715446,4.939407114801508,25,0.7261761158021713,1.3501628664495111,58,559.7332224137932,54814.06675877656,-0.5595,0.227270314318322,61.35663834976986,487.3495452670459,-0.2731860733181522,37.8541863748506,86.97056565018386,,False,18.60886219098491,42.06478850837116,1079.3140070771249,41.33953353408889,0.3455118653365536,0.0,33.13438013348588,134.72577299584924,2.322858155100849,32464.5269,0.0344827586206896,0.8013029315960912,2.251712244236842,15.070657968521118,32.32756543159485,3,25.376615524291992
chandigarh,p2_laf,3159,0.8182969294080406,0.1817030705919594,0.0,6.026870810094651,10.241874456546162,139.60025145067698,5.75902264832961,140,0.6783766092079424,1.450775561886673,319,611.1232789968652,34547.95023679339,-0.9594,0.1646168221603439,69.90079850903238,657.650968485368,-1.4651565535819069,39.78153898970177,100.96388871954068,,False,26.2660298303334,92.75242160278988,8378.863515876355,92.4616616604614,0.3660887759215721,0.0,48.65192592796932,881.6529228365644,2.7638022659453427,194948.326,0.012539184952978,0.8182969294080406,11.145517890996416,38.1337776184082,100.72559809684752,3,23.31475830078125
panaji,p2_laf,614,0.7768729641693811,0.2231270358306188,0.0,6.123348572420228,11.005770722089077,127.22932914046122,4.919356054423544,28,0.6882640586797066,1.3322475570032573,58,545.3144,32523.24782907931,0.0,0.1724833950332738,61.34787469229602,493.5035999321814,0.0,34.9780314369019,87.60234974217956,,False,16.054261248594994,76.03910729508188,931.1471524185096,74.72808820378735,0.5384577224866223,-1.25565967761847,37.81502296888008,130.31116932165466,2.2467442986492183,31628.235200000003,0.0172413793103448,0.7768729641693811,4.268382237059996,12.257617235183716,45.69608283042908,3,25.376615524291992
panaji,p2_sid,614,0.7785016286644951,0.2198697068403908,0.001628664495114,6.503854952399308,11.205616908755292,121.79213389121338,4.645144516581383,22,0.6842723004694836,1.3876221498371335,58,522.2908275862069,26892.62977273165,0.0,0.1626431936570589,59.21094492158284,466.9900577462757,0.0,34.16989998865553,86.95674922374691,,False,14.2445040150628,78.82618931480687,826.1812328736424,77.46711708524123,0.6178902824075817,-1.869317239322756,29.78690073389417,138.01847707996774,2.3796289151718577,30292.868,0.0172413793103448,0.7785016286644951,3.925505111001257,12.534849643707275,38.60209584236145,3,25.376615524291992
boulder,nearest,1285,0.845136186770428,0.1540856031128404,0.0007782101167315,5.18606604754345,8.88970403223566,9.862421731123389,4.252377837463443,59,0.6962397179788484,1.3245136186770428,56,126.1093875,2045.718711164665,10.0504,0.1953730621382575,21.081449362077368,11.158796786150232,12.481535318215492,16.3160431574327,24.577435295289405,57.83474264669114,True,10.58527396953529,128.1174323896946,592.7753422939762,125.8296210970215,1.0597156337902829,-15.12613041770546,37.65684228800985,67.86359213048293,1.2118498594729097,7062.1257,0.0,0.845136186770428,2.322695995790127,13.743732929229736,7.152557373046875e-07,0,44.82480239868164
chandigarh,p2_sid,3159,0.787591009813232,0.2124089901867679,0.0,6.727795990178756,11.233780907299804,138.87228697749197,5.738845658276691,123,0.6361431170406306,1.5660018993352327,319,573.7299611285266,23288.43898603598,0.0,0.1397386786841276,67.15153358358259,662.8048069783703,0.0,39.31850036166729,99.54682986907213,,False,23.57703029594473,78.53469677062644,7521.072664406369,78.2885064986182,0.3752838734862952,0.0,52.21742916569612,748.3851259073481,2.3460348774525017,183019.8576,0.0094043887147335,0.787591009813232,9.98696291376109,40.05889415740967,104.45990562438963,3,23.31475830078125
boulder,p1_greedy,1285,0.842023346303502,0.157976653696498,0.0,5.803239046599596,10.037955400700222,9.80246765249538,4.230984100637197,55,0.6736425339366516,1.375875486381323,56,125.36421785714288,2303.2888304628955,17.0878,0.2069359734182198,20.97093723388131,11.484985855726556,13.21645904910846,17.31720669278549,24.877605184753246,48.94147469007239,True,5.7905822377157525,59.5905226757087,324.27260531208213,58.52640619935676,1.321154762824894,-11.802002359034011,30.97914217217358,65.39982779059457,1.1678540676891889,7020.396199999999,0.0,0.842023346303502,2.3674842279433506,13.885871410369871,7.152557373046875e-07,0,44.82480239868164
boulder,p2_nm,1285,0.8326848249027238,0.1673151750972762,0.0,5.692432376272176,9.650357013418285,9.762000000000002,4.185505401252553,52,0.6818181818181818,1.3525291828793775,56,122.82645714285717,2260.3724278338773,18.9328,0.2074340138551881,20.69657649124298,14.032256915629844,13.001511364319022,16.139413957328134,24.605202678959785,50.48827847140548,True,6.65193666756088,105.61357382799758,372.5084533834092,103.72761715249764,1.53108427104574,-13.502261120367011,30.3975666004604,80.27724764224416,1.433522279325789,6878.2816,0.0,0.8326848249027238,3.982163546112133,14.910202741622925,7.152557373046875e-07,0,44.82480239868164
panaji,p2_vfdcfmvd,614,0.7166123778501629,0.2833876221498371,0.0,6.540430679135983,11.553746028360814,125.95715909090907,4.868071777525197,25,0.6572890025575447,1.273615635179153,58,483.6184758620689,32355.099011827348,0.0,0.1935103312497011,54.67958120305006,514.7045026914149,0.0,24.965365956505984,83.39424568096787,,False,14.621155164530508,85.91782696454074,848.0269995427694,84.43648512032452,0.628468315162044,-2.749633543263496,38.04935564403621,117.4328287515536,2.024703943992303,28049.8716,0.0172413793103448,0.7166123778501629,4.473054301015509,13.530609369277954,49.47172522544861,3,25.376615524291992
boulder,p2_wdf,1285,0.7976653696498055,0.2023346303501945,0.0,6.318689905769689,10.13005285239364,9.873034146341464,4.278933631935001,55,0.6253354804079442,1.449805447470817,56,117.10095892857144,1520.8132000634916,16.825000000000003,0.1827047718628822,20.07171991339023,17.64561824690208,9.865598993146872,13.542309591537816,24.597983497657538,54.69124182788312,True,-4.197319835054716,114.5211551699712,-235.0499107630641,112.476134541936,-2.5267258742283247,-26.744504251794663,22.398419592514635,78.84467094264119,1.407940552547164,6557.6537,0.0,0.7976653696498055,6.777867318865901,21.115810871124268,7.152557373046875e-07,0,44.82480239868164
boulder,p2_ilp,1285,0.8140077821011673,0.1859922178988327,0.0,6.285071126026642,10.095022998950238,9.804196940726577,4.204650145700957,52,0.6487080813633864,1.4155642023346304,56,119.6761982142857,1280.4631941030327,15.7465,0.1641443538387768,20.48629539013231,9.960596014109584,12.578466803591684,16.27082868964974,24.573559703445863,51.19899453225888,True,-4.324169068194415,75.2325862582454,-242.15346781888724,73.88914721791959,-1.9878685429729863,-29.253908749597965,12.469217941327669,67.61964873846071,1.2074937274725126,6701.8671,0.0,0.8140077821011673,4.385248836719256,15.275237798690796,1.6689300537109375e-06,0,44.82480239868164
annarbor,nearest,1439,0.9186935371785964,0.0813064628214037,0.0,4.277096679292381,7.793127555600842,10.295559757942511,4.527781356056379,69,0.7480397281756404,1.3293954134815844,101,89.77505445544551,1810.55914231852,-2.1504,0.2576396779301988,14.73795451889784,23.79491874798579,-2.948009677291244,9.107466264350228,20.172648311053745,,False,18.685466807941165,133.41023899421037,1887.2321476020568,132.08934553882213,0.6150776439769373,-5.919370543938265,56.98591559445167,168.0932376913431,1.6642894820925058,9067.2805,0.0198019801980198,0.9186935371785964,4.680742912911228,18.060693979263306,9.5367431640625e-07,0,43.33571243286133
annarbor,p1_greedy,1439,0.901320361362057,0.098679638637943,0.0,4.573739333089884,8.242900183175266,10.282020046260602,4.558214283378141,68,0.7249618708693442,1.3669214732453092,101,89.6845366336634,1883.1689173534105,0.0,0.2608893927294491,14.823812951969682,22.066241893621967,0.0,9.087395550112442,20.31825704605006,,False,16.66528661690472,51.23352585374171,1683.1939483073768,50.726263221526445,0.4273696215381505,0.0,34.33032458783136,177.58726144027753,1.7582897172304706,9058.1382,0.0198019801980198,0.901320361362057,2.361426695235423,14.635235786437988,4.76837158203125e-07,0,43.33571243286133
boulder,p1_reassign,1285,0.8311284046692607,0.1680933852140078,0.0007782101167315,5.161531234112368,8.910812450628573,9.915187265917604,4.340203213763791,59,0.697910447761194,1.303501945525292,56,125.87498392857142,2114.417274521706,20.2524,0.1993206005556975,21.21298006458828,10.505048381072168,12.125773948416924,16.992132203634895,24.86830089437532,57.55018795635749,True,12.809699118703696,103.39386516414665,717.343150647407,101.5475461433583,0.7866757950849846,-12.36214825192085,44.12632071129406,69.2631141675981,1.2368413244213947,7048.9991,0.0,0.8311284046692607,27.745017909248418,40.74206209182739,1.1920928955078125e-06,0,44.82480239868164
chandigarh,p2_vfdcfmvd,3159,0.6619183285849952,0.3377651155428933,0.0003165558721114,7.452411425118569,12.61605500174725,139.21359158297466,5.7657460637075895,107,0.6075363596297929,1.4365305476416588,319,471.7210369905956,31726.20108416785,-15.0238,0.2008523466833424,54.18241198860899,567.5409595845405,-22.94373465676865,28.337969132161422,88.93979573287226,,False,19.104082087421546,91.4055372609374,6094.202185887473,91.1189995265771,0.4996642708445877,0.0,52.93632558676984,751.6293482281897,2.356204853379905,150479.01080000002,0.0156739811912225,0.6619183285849952,9.74670449590485,32.73675560951233,122.10274362564088,3,23.31475830078125
annarbor,p2_nm,1439,0.9152189020152884,0.0847810979847116,0.0,4.389672707503908,7.809306886353249,10.328132118451023,4.555345763052968,72,0.7438833940655908,1.334954829742877,101,90.57133564356435,1757.2338062896204,0.0,0.2536156569850445,14.85418855456045,20.696444502374728,0.0,9.09385696466074,20.357934612964087,,False,17.703856084912065,157.80359706948587,1788.0894645761186,156.24118521731276,0.7060409519693421,-6.484797991755947,59.70123315257959,182.0676948719333,1.802650444276568,9147.7049,0.0198019801980198,0.9152189020152884,5.200606244812661,18.711265563964844,7.152557373046875e-07,0,43.33571243286133
puducherry,nearest,677,0.8611521418020679,0.138847858197932,0.0,4.631656209775059,8.237288206080946,114.36073756432246,4.028425417159614,28,0.7275747508305648,1.3338257016248154,41,840.0565146341463,239474.4110947676,0.0,0.3343822753718161,82.94820201658618,2125.783816179128,0.0,14.748756678041469,141.7970449001816,,False,22.70516703194472,186.82930749416687,930.9118483097334,182.2724951162604,0.5946150102200025,0.0,55.30740554052282,142.54104958337277,3.476610965448116,34442.3171,0.048780487804878,0.8611521418020679,3.373832864977885,14.43265986442566,7.152557373046875e-07,0,28.07599258422852
puducherry,p1_greedy,677,0.8242245199409158,0.1757754800590842,0.0,5.39493574308888,9.777401742784798,113.03268817204302,3.9622275371579656,24,0.6953290870488322,1.3914327917282128,41,828.7551048780489,188825.41617822388,0.0,0.2983469754644712,83.54077708101187,1905.125460306766,0.0,33.3688758384233,126.84120717603724,,False,17.53352635464061,54.2785009883129,718.874580540265,52.95463511054917,0.4150330858550548,0.0,30.130550048669768,81.36347801351091,1.984475073500266,33978.9593,0.073170731707317,0.8242245199409158,1.1330848678553591,9.24608564376831,9.5367431640625e-07,0,28.07599258422852
annarbor,p2_ilp,1439,0.8234885337039611,0.1765114662960389,0.0,6.449313569280192,10.186844360974018,10.222835443037974,4.487862243543964,59,0.6468181818181818,1.5288394718554552,101,78.99719603960396,782.8066065805783,6.4877,0.1963138007106581,13.897079327247436,20.90727044393546,4.1227286061874295,8.347101588123436,20.248617045376456,108.22769611122408,True,0.1317979420663534,101.75352413060898,13.311592148701692,100.74606349565246,76.15622595779887,-29.85595290289332,25.173010034430053,177.17038293551485,1.7541622072823253,7978.7168,0.0,0.8234885337039611,5.972345353227865,20.263036012649536,7.152557373046875e-07,0,43.33571243286133
annarbor,p2_wdf,1439,0.8130646282140376,0.1869353717859624,0.0,6.751452234699139,10.708258792240391,10.399863247863248,4.626686910703357,65,0.6574330563250231,1.505211952744962,101,77.73631683168317,2019.4100277823893,5.1151,0.3216591105556067,13.234606563110976,38.05072486973183,1.147737607836402,4.924678550735357,20.74670939993367,169.4345640070533,True,-1.5726394139409186,88.13226343239045,-158.83658080803278,87.25966676474302,-5.939879287679538,-21.93732085233452,21.30841459865142,206.3565392230536,2.043134051713402,7851.368,0.0,0.8130646282140376,7.57248927897308,22.518953800201416,4.76837158203125e-07,0,43.33571243286133
puducherry,p2_nm,677,0.8360413589364845,0.1639586410635155,0.0,4.674357060839224,8.673325374065644,113.72049469964664,3.98022324484291,27,0.6863157894736842,1.4032496307237814,41,856.3319804878049,209348.63290998203,0.0,0.3026713952832407,86.09030903663052,1970.5418158274151,0.0,16.952609227956337,139.77438743548316,,False,21.116071760483614,192.84826526786148,865.7589421798282,188.14464904181608,0.6495802415320809,0.0,64.06862429063092,85.62988844391802,2.0885338644858056,35109.6112,0.073170731707317,0.8360413589364845,3.5590907108417014,13.132970571517944,1.1920928955078125e-06,0,28.07599258422852
puducherry,p2_wdf,677,0.7296898079763663,0.2703101920236336,0.0,6.354695190185411,11.219086236397198,115.62058704453442,4.068112274189934,26,0.6478174603174603,1.4889217134416544,41,706.2768341463413,289934.1170433593,0.0,0.4358459061142052,72.53901077519605,3174.767083183724,0.0,6.470931003458862,140.4250961058204,,False,9.34048369228154,131.98464700364576,382.9598313835432,128.7655092718495,1.2148716802407096,-3.948014766121872,47.7332252288158,100.78428187699858,2.4581532165121605,28957.3502,0.073170731707317,0.7296898079763663,4.370788665029977,15.086076498031616,9.5367431640625e-07,0,28.07599258422852
annarbor,p1_reassign,1439,0.9131341209173036,0.0868658790826963,0.0,4.481602093786489,7.742261143853079,10.342328767123288,4.591711955540723,72,0.7573177221926557,1.305767894371091,101,91.50862178217818,2003.1562144108125,0.0,0.2652768368792463,15.046230553938098,21.98322341075514,0.0,10.057906918338036,20.39193227864454,,False,17.558224580132677,122.28261415771402,1773.3806825934005,121.07189520565744,0.6266731256560064,-0.1911802541685183,43.72023709586684,202.4107672610312,2.004067002584467,9242.3708,0.0198019801980198,0.9131341209173036,35.09222091485572,48.43135166168213,1.6689300537109375e-06,0,43.33571243286133
puducherry,p2_ilp,677,0.7592319054652881,0.2407680945347119,0.0,6.151324937196046,10.75907853810335,114.75322957198443,4.057484194236143,25,0.6318359375,1.5125553914327918,41,744.0973219512196,78814.75192185634,0.0,0.1781779141431803,77.04420858151454,1112.5691355044437,0.0,30.15911703482868,111.79912202000293,,False,12.124219181326607,109.90636970518632,497.09298643439087,107.22572654164516,0.8540744301804125,-7.326732179968215,41.445260083923365,104.85804587215183,2.557513313954923,30507.9902,0.073170731707317,0.7592319054652881,4.634133835905232,15.854936599731444,4.76837158203125e-07,0,28.07599258422852
puducherry,p1_reassign,677,0.8389955686853766,0.1610044313146233,0.0,4.942365981759112,9.03698321427004,114.02788732394366,4.010863169962659,27,0.7061965811965812,1.382570162481536,41,854.3071707317073,190460.5731407528,0.0,0.2859567836077812,86.57177205207938,1909.2074551505173,0.0,34.60667211198748,136.91637024273086,,False,20.87378791387928,111.34886176723371,855.8253044690504,108.63303587047191,0.4993208391706987,0.0,44.30441562803404,87.67139095234059,2.138326608593673,35026.594,0.073170731707317,0.8389955686853766,19.40013839692984,29.22242498397827,1.1920928955078125e-06,0,28.07599258422852
udaipur,nearest,1380,0.8978260869565218,0.1021739130434782,0.0,4.676923430795563,7.917885701730751,128.67506860371267,5.166762381280447,64,0.7255113024757804,1.346376811594203,121,662.9968512396694,122444.36641362876,-37.8183,0.2864284089130556,73.0182965898956,922.5592481797964,-12.326118048295768,30.867404421618986,110.97075042148488,,False,29.835782021404416,251.48031368047208,3610.1296245899343,249.40196398063347,0.5293129372888822,0.0,88.57312585658124,256.3314899208687,2.118442065461725,80222.619,0.024793388429752,0.8978260869565218,7.74601793668262,24.04967498779297,9.5367431640625e-07,0,28.025426864624023
udaipur,p1_greedy,1380,0.863768115942029,0.1355072463768116,0.0007246376811594,5.197191968479945,8.873408464581445,127.93645134228188,5.126482266568739,62,0.6783715012722646,1.423913043478261,121,676.027158677686,79031.50700842854,0.0,0.230430826574027,75.98444071874923,544.7799429746967,0.0,48.995654836901,104.73120927555516,,False,26.243780713338644,84.04810991488658,3175.497466313976,83.35349743625116,0.3478848477693919,0.0,46.38683441506348,254.2703361704416,2.101407736945798,81799.2862,0.0165289256198347,0.863768115942029,2.779242223936308,17.81720733642578,1.1920928955078125e-06,0,28.025426864624023
udaipur,p2_nm,1380,0.8608695652173913,0.1376811594202898,0.0014492753623188,5.032730099877584,8.77168666314153,128.51700336700338,5.157594417264859,62,0.6920668058455115,1.3884057971014492,121,687.1992239669422,120844.64446145554,0.0,0.2816815896663139,76.38571594345225,970.663954106969,0.0,41.34396158703354,122.22757116016888,,False,27.42963624356153,217.2675073737648,3318.985985470945,215.47190813927088,0.5351496929016524,-3.0443180197902167,67.99598299674969,231.7705934329789,1.9154594498593296,83151.1061,0.0165289256198347,0.8608695652173913,5.029371679389442,18.69016814231873,9.5367431640625e-07,0,28.025426864624023
udaipur,p2_wdf,1380,0.6818840579710145,0.3173913043478261,0.0007246376811594,8.213655503152697,12.953347999179822,128.20646121147715,5.158747232937751,45,0.5564135564135564,1.6891304347826086,121,469.2848561983471,141869.7621594575,0.0,0.4427111869819792,54.02336750033467,1492.9473332279351,0.0,6.553282990086254,108.8211722998836,,False,10.632861555063071,136.9729739311511,1286.5762481626316,135.84096588213333,1.0961379684361203,-10.918331802502143,52.45804334755891,266.81970088045284,2.2051214948797755,56783.4676,0.0165289256198347,0.6818840579710145,7.979328909132164,23.144608974456787,1.9073486328125e-06,0,28.025426864624023
udaipur,p2_ilp,1380,0.7376811594202899,0.2615942028985507,0.0007246376811594,7.249215813240705,12.031799577273558,126.43131630648328,5.031228665594609,49,0.565180102915952,1.6898550724637682,121,538.0421842975206,26048.95835071356,0.0,0.1598070456677665,63.143238786742096,483.9502410148835,0.0,39.21659149205722,90.06861512368937,,False,14.538433096729309,64.29711705251093,1759.150404704246,63.76573591984554,0.5492576138658807,-3.101117782806404,35.85403045039398,281.01570674420395,2.322443857390115,65103.1043,0.024793388429752,0.7376811594202899,5.45624438332743,19.30013394355774,7.152557373046875e-07,0,28.025426864624023
chandigarh,p1_greedy,3159,0.8809749920861032,0.1190250079138968,0.0,5.247223336299842,8.916425179838845,139.98205174272368,5.802238647882983,146,0.7230380908673704,1.3795504906616018,319,675.9971946708464,70694.12203370954,-0.4797,0.2167958824391319,75.38081658849013,832.3166889387389,-0.7325782767909534,41.29076100246612,110.57815122659088,,False,31.340700460009547,120.08180307189885,9997.683446743044,119.70537108734744,0.34909861031946,0.0,56.01674645772376,789.3547023344349,2.474466151518605,215643.1051,0.0219435736677116,0.8809749920861032,3.084313616942381,21.13369107246399,7.152557373046875e-07,0,23.31475830078125
chandigarh,nearest,3159,0.8964862298195632,0.1035137701804368,0.0,4.86331700246101,8.461443225612735,140.68925847457626,5.83040136733094,152,0.7388445279473932,1.347894903450459,319,648.7871865203763,105172.31815562148,-0.4797,0.270551162203181,69.85145234502129,755.9230253906115,-0.7325782767909534,35.87696297324158,102.71059525806656,,False,33.01506722302151,290.63849769749726,10531.806444143862,289.72740522822613,0.5155640214557338,-0.5873679951581301,94.80417282504136,864.2711372842266,2.7093139099819017,206963.1125,0.018808777429467,0.8964862298195632,11.356616080091044,30.71077251434326,1.1920928955078125e-06,0,23.31475830078125
udaipur,p1_reassign,1380,0.8586956521739131,0.1405797101449275,0.0007246376811594,5.207475172100956,9.10901697400771,128.3912151898734,5.164285139342505,59,0.6699900299102692,1.453623188405797,121,675.5449586776859,114582.57839266457,0.0,0.276450890494929,74.93634617331864,778.4779564508941,0.0,42.00529825682517,103.7439927445413,,False,27.01773486745614,195.9079053639616,3269.1459189621933,194.2888317659123,0.5159112318399378,0.0,67.81060335589626,278.29147559151056,2.2999295503430623,81740.94,0.0165289256198347,0.8586956521739131,34.0904620597139,47.31777048110962,1.5974044799804688e-05,0,28.025426864624023
chandigarh,p2_nm,3159,0.8806584362139918,0.1190250079138968,0.0003165558721114,5.160385386141076,8.978469225877719,140.69676491732568,5.838607942443773,148,0.7310924369747899,1.356125356125356,319,676.3513360501568,123634.67590457771,-0.4797,0.2852532365470981,72.77433711858833,957.6276562112176,-0.7325782767909534,33.4529930573566,112.35847080247052,,False,31.78389222343932,300.6714178618062,10139.06161927714,299.7288742321454,0.5446997950431324,0.0,97.03962460752986,763.8929063582,2.394648609273354,215756.0762,0.0219435736677116,0.8806584362139918,5.01312711303035,22.14645338058472,3.337860107421875e-06,0,23.31475830078125
panaji,p1_greedy,614,0.8094462540716613,0.1905537459283387,0.0,5.820580862073265,10.565519503482792,126.20478873239436,4.901027633696679,28,0.7282608695652174,1.348534201954397,58,572.7589051724138,57105.62991205807,-0.5595,0.2317057373817233,62.90639704027644,570.692577065288,-0.2731860733181522,34.0822754476566,89.91998182718586,,False,17.999966835815457,51.46042944457256,1043.9980764772963,50.57318066104545,0.3950830785391733,0.0,31.0577680116417,128.22814173842556,2.2108300299728545,33220.016500000005,0.0344827586206896,0.8094462540716613,0.7875891138537554,6.345667600631714,4.76837158203125e-07,0,25.376615524291992
panaji,nearest,614,0.8322475570032574,0.1677524429967426,0.0,4.747311018124372,9.026975793100185,123.55264187866926,4.773558934170127,23,0.7552533992583437,1.3175895765472312,58,552.8192689655173,96878.3864681018,19.08919999999999,0.3021100116558037,60.7877714276401,653.3380763384749,3.97007532461791,32.231566553656066,96.06564871512956,107.49262795179185,True,22.06918016299136,148.90944132753492,1280.012449453499,146.34203716671536,0.5481486490721802,-2.8046412501112914,62.46299645481688,112.53032983385371,1.940178100583685,32063.5176,0.0,0.8322475570032574,2.780904465005733,9.348119497299194,7.152557373046875e-07,0,25.376615524291992
chandigarh,p2_wdf,3159,0.658752769863881,0.341247230136119,0.0,8.784875999862514,13.313094721020631,142.40969726093223,5.928378222977941,121,0.5590537175382426,1.7796771130104465,319,452.86405517241377,138517.46883814034,0.0,0.4598357189298468,52.49159309661588,1793.6605919845954,0.0,5.09108041328806,115.19293796959566,,False,15.508591937411984,213.00032480672527,4947.240828034423,212.33261218977628,0.9395847998530754,-5.701865889372475,79.98690291252791,891.1490581258932,2.793570715128192,144463.63359999997,0.0219435736677116,0.658752769863881,10.664534518204164,29.63125681877136,1.1920928955078125e-06,0,23.31475830078125
panaji,p2_nm,614,0.8387622149837134,0.1612377850162866,0.0,5.534478091102433,10.244972154718852,125.93180582524272,4.89978165364912,27,0.7374847374847375,1.3338762214983713,58,598.2454293103448,105469.99010415794,0.0,0.2998450848556286,64.2685406940529,817.8105780236701,0.0,29.176105300470805,97.89299740385113,,False,20.232555080180425,144.741227049367,1173.4881946504647,142.24568865196414,0.5894796604843239,-1.2649243989682426,45.96813810266193,118.56614787667743,2.044243928908232,34698.2349,0.0172413793103448,0.8387622149837134,2.152696363940777,7.624448537826538,9.5367431640625e-07,0,25.376615524291992
chandigarh,p2_ilp,3159,0.698005698005698,0.301994301994302,0.0,8.11135639217637,12.755806900257426,139.4096598639456,5.753197394263794,114,0.5578798085445843,1.7856916745805635,319,494.1634084639498,16580.398840799706,0.0,0.1365022809097799,58.2561256624338,535.771219126781,0.0,33.3593882139684,88.42873083860043,,False,17.657705524600505,57.098924053379214,5632.808062347562,56.91993056104887,0.4272655828977444,-2.72164360228325,39.20121417923079,779.5271964557038,2.4436589230586327,157638.1273,0.0094043887147335,0.698005698005698,5.200386621836515,21.84030175209045,1.811981201171875e-05,0,23.31475830078125
panaji,p2_wdf,614,0.747557003257329,0.252442996742671,0.0,7.671473837626215,12.308794318897466,125.5988017429194,4.835659190792675,25,0.6547231270358306,1.5,58,481.7370931034483,92799.67085967548,0.0,0.3572844698702031,54.29560814986665,1075.6371992697234,0.0,11.178847750425838,99.51334952584624,,False,9.617063732408036,102.756018436518,557.789696479666,100.98436294623322,1.044923679214124,-6.815800729559343,36.236285462194,140.71614414199786,2.4261404162413425,27940.7514,0.0172413793103448,0.747557003257329,2.803849007723329,8.940459728240967,4.76837158203125e-07,0,25.376615524291992
panaji,p2_ilp,614,0.747557003257329,0.252442996742671,0.0,7.397533642073301,12.4764265705648,125.91394335511984,4.881151040322502,24,0.6611661166116611,1.480456026058632,58,492.6247000000001,27642.78420813586,0.0,0.1739832336619594,55.32176293468938,389.6196546869086,0.0,33.08597954919394,75.80310603085094,,False,11.441881446596796,51.41282238894773,663.6291239026142,50.526394416724486,0.621243289142309,-3.0752594843396595,28.17094744443028,118.00005098257452,2.034483637630596,28572.2326,0.0172413793103448,0.747557003257329,2.0790468900158885,7.173162698745728,7.152557373046875e-07,0,25.376615524291992
panaji,p1_reassign,614,0.8355048859934854,0.1644951140065146,0.0,5.430948506527812,10.154672063439213,124.1704873294347,4.814616718936146,25,0.7447335811648079,1.3143322475570032,58,589.4876793103447,82851.9740349199,-0.5595,0.2704572149890715,63.6961495049437,713.4688996916398,-0.2731860733181522,35.11010417876048,98.0555208468613,,False,20.087747412532963,122.59404756110756,1165.0893499269118,120.48035708591604,0.5464203739697169,0.0,50.84115429220865,126.92641131442002,2.188386401972759,34190.2854,0.0344827586206896,0.8355048859934854,11.472955405792163,17.344246864318848,7.152557373046875e-07,0,25.376615524291992
chandigarh,p1_reassign,3159,0.8581829692940804,0.1418170307059195,0.0,5.555861812464958,9.687475046337932,139.40501659904095,5.763852249177934,142,0.7026544724514834,1.4191199746755303,319,648.8481344827586,71985.88068934997,-0.9594,0.2250554700519832,71.952164244895,782.8501726322676,-1.4651565535819069,38.78848193355821,108.2623788926365,,False,29.35314666247421,149.86608308295686,9363.653785329272,149.39628344946797,0.4164043255795059,0.0,102.14738737556604,664.4742190540732,2.08299128230117,206982.5549,0.0219435736677116,0.8581829692940804,40.56781459819467,56.07535409927368,9.5367431640625e-07,0,23.31475830078125
pittsburgh,p1_momaql,3613,0.866592859119845,0.1334071408801549,0.0,5.649527368458638,9.97204984113802,12.578144362823378,6.356614578299795,183,0.7069480390205056,1.3902574038195403,271,97.00923800738006,1336.5291205289243,0.0,0.2072342742364752,15.431932889253222,18.10498293325043,0.0,10.776768532812683,20.919425980968505,,False,30.20386298525624,76.39798656257675,8185.246869004439,76.11607517304694,0.2888522146678391,0.0,47.65077166649422,481.9222277456415,1.778310803489452,26289.5035,0.011070110701107,0.866592859119845,2.458688582140894,14.048145532608032,47.89578723907471,3,39.33823013305664
pittsburgh,p1_laf,3613,0.8275671187378909,0.172432881262109,0.0,6.514906878124338,10.822113366752722,12.571642140468228,6.3436150030692735,173,0.6688506177461625,1.4785496817049544,271,91.79649003690037,1236.6458908209709,-0.0836,0.2094879734065191,14.889989510183517,23.199212257428144,-0.0186200685013719,9.036442857806186,20.757576524908604,,False,22.496435008635288,193.6348678783551,6096.533887340163,192.9203480706859,0.6174123567851438,-17.08754906444037,64.17673055541975,604.3167862417667,2.2299512407445268,24876.8488,0.011070110701107,0.8275671187378909,2.249107659998117,13.623684883117676,58.78635144233704,3,39.33823013305664
pittsburgh,p1_brp,3613,0.8494326044838084,0.1505673955161915,0.0,6.109502178058698,10.347856493647756,12.63373411534702,6.37720384238864,180,0.6771563981042654,1.4600055355660115,271,95.57414944649446,1268.0706732098795,-0.0779,0.204308614560866,15.237994269667633,19.787393572485627,-0.1558,10.0042186395386,20.485038881984725,,False,26.47456302683469,59.32546258818403,7174.606580272202,59.10654944210217,0.2903949118800162,0.0,44.45778933899598,608.8805063589408,2.246791536379855,25900.5945,0.018450184501845,0.8494326044838084,2.183676354798081,13.087463855743408,59.95138716697693,3,39.33823013305664
pittsburgh,p2_laf,3613,0.8425131469692776,0.1574868530307223,0.0,5.886276416403267,10.186317174961165,12.5456011826544,6.291644599415221,181,0.6876484560570071,1.3982839745363964,271,92.23701180811808,665.3615571329971,-0.1912,0.1490332102556932,15.13056802586375,20.58857695385247,-0.3824,9.997914343646269,21.097036835859967,,False,27.49743025103657,160.75873820129007,7451.8035980309105,160.16553252527055,0.4602485425444269,-3.983957763127908,67.64707776826688,418.0877177095274,1.5427591059392154,24996.2302,0.007380073800738,0.8425131469692776,5.25281644811912,16.73871898651123,68.66692423820496,3,39.33823013305664
navimumbai,p1_laf,3309,0.7645814445451798,0.2354185554548201,0.0,6.788489210344478,12.062103681934142,149.2778814229249,6.565507811228665,128,0.6317528177225029,1.5551526140828045,244,792.6643577868853,104371.09146968384,0.0,0.2265110852474865,89.34432117452863,1149.125165140159,0.0,51.31660838189347,136.9151466720813,,False,34.99015956856152,225.32488269594296,8537.59893472901,224.4014200619432,0.4281213413179796,-0.6830254618353295,71.26105851635951,620.4973111380593,2.54302176695926,193410.1033,0.0040983606557377,0.7645814445451798,1.8892805009891165,10.463900327682495,33.92011618614197,3,25.99603843688965
pittsburgh,p2_sid,3613,0.8516468308884584,0.1483531691115416,0.0,5.844181207544973,10.04845082810949,12.430198245043874,6.24060385174431,170,0.6771325893701532,1.4633268751729864,271,94.06765129151292,642.8654052370372,-0.0964,0.1431676148635763,15.50579240398728,19.501417790297296,-0.0430264907941711,10.70946913277267,21.32083761114415,,False,27.034387927540685,158.2364974300813,7326.319128363525,157.65259891557918,0.4644447155997971,-1.42281270653237,58.874034475845455,592.292751556668,2.185582109065196,25492.3335,0.011070110701107,0.8516468308884584,4.510948228977213,14.843249082565308,46.41016817092896,3,39.33823013305664
navimumbai,p1_brp,3309,0.7621637957086733,0.2378362042913266,0.0,6.915110851621528,12.083233720087254,147.836986518636,6.4701333490834765,127,0.6227350753385467,1.5844666062254458,244,781.9872848360657,97423.35444980276,0.0,0.2227640315605975,87.66006927267273,1131.0081298760144,0.0,51.14974598126471,132.42922081817912,,False,33.949503637278646,148.8077619955621,8283.67888749599,148.19789411853108,0.3585812585600806,0.0,59.16979114017873,700.9281983069975,2.8726565504385144,190804.8975,0.0122950819672131,0.7621637957086733,1.9610755969479208,11.006917715072632,32.41023325920105,3,25.99603843688965
pittsburgh,p2_vfdcfmvd,3613,0.7564350954885137,0.243288126210905,0.0002767783005812,6.177129775857855,10.699098642132766,12.041031833150385,5.986073015255205,114,0.6657018813314037,1.338776639911431,271,79.54141771217711,1209.670536751642,-0.7413000000000001,0.2438293644573222,12.935256405990405,25.85524893642577,-1.4826,6.69887976874877,19.86531818646728,,False,23.318243025365742,227.8199589612288,6319.243859874117,226.97929490602127,0.6460963640607216,-6.809369388876833,82.00245964802022,474.0763683722752,1.7493592928866244,21555.7242,0.007380073800738,0.7564350954885137,6.076768636950874,17.096306085586548,56.076584339141846,3,39.33823013305664
navimumbai,p1_momaql,3309,0.8292535509217286,0.1707464490782713,0.0,5.822162799745292,10.612332851557968,145.15244897959184,6.307426771024011,132,0.6574519230769231,1.5086128739800544,244,859.4003893442623,106150.47337444752,0.0,0.2104563099157325,96.2675859473742,1080.2208165203144,0.0,56.17162524065853,139.43451691919793,,False,40.75460388477537,180.87549994174256,9944.12334788519,180.13420690919443,0.3293225120578374,0.0,64.0524012372098,662.6225720294237,2.7156662788091137,209693.695,0.0081967213114754,0.8292535509217286,1.8926284980989287,10.292807579040527,33.30045008659363,3,25.99603843688965
navimumbai,p2_laf,3309,0.794802055001511,0.2048957388939256,0.0003022061045633,5.98864967527578,10.828909832852384,147.54810266159697,6.4430278836311246,136,0.6625662778366914,1.4249017830160169,244,825.0489487704917,87088.05076532038,-4.7401,0.1985573464916781,93.34830359235238,1128.025319398551,-1.292087954943853,52.776677825216304,142.15369772665434,,False,39.50736229754782,303.56257273766386,9639.796400601668,302.31846383300126,0.4401029716663016,0.0,84.660508894736,576.5604723227525,2.3629527554211167,201311.9435,0.0040983606557377,0.794802055001511,3.66635313603183,12.081786632537842,36.89494466781616,3,25.99603843688965
navimumbai,p2_sid,3309,0.8035660320338471,0.1964339679661529,0.0,6.070832787642454,11.146612497129375,146.2876871004137,6.377535903053871,133,0.6580016246953696,1.488062858869749,244,825.6021290983606,71448.22591921003,0.0,0.1765182016241695,94.65613582686166,1130.203619615582,0.0,55.90334512672251,140.89939727086195,,False,38.633574153615314,269.15684834151807,9426.592093482135,268.0537465040528,0.4237854603223008,0.0,84.37314391157807,711.5627029335744,2.916240585793338,201446.9195,0.0040983606557377,0.8035660320338471,3.2385462189704413,11.81713843345642,35.9849579334259,3,25.99603843688965
pittsburgh,nearest,3613,0.9155826183227236,0.0844173816772765,0.0,4.546383683914673,8.154314547687342,12.59880592503023,6.34687034760653,193,0.7420692515032138,1.3349017437032935,271,100.96552177121772,1934.447254510412,-0.9902,0.2431283026771284,15.588363040151448,21.548381240845952,-1.193412638218159,9.54913150814236,21.089154670912947,,False,39.46556859346033,348.8454698015251,10695.16908882775,347.55821714543094,0.4723842576402167,-2.099994283908072,119.44035564519837,464.9597163309364,1.7157185104462598,27361.6564,0.011070110701107,0.9155826183227236,3.833226080074384,14.17883849143982,9.5367431640625e-07,0,39.33823013305664
pittsburgh,p1_greedy,3613,0.8953778023802934,0.1046221976197066,0.0,5.206538948643327,9.206963587917029,12.561437403400308,6.33116780500475,190,0.7237669981733307,1.363686686963742,271,100.43000073800738,1867.5872301948327,-0.0682,0.2403872637525351,15.747207760551737,23.03132054298927,-0.0151900558826981,10.176421211285,21.28669414831312,,False,34.67836639484744,188.47618128965368,9397.837293003657,187.78069722585423,0.3951544188072954,0.0,78.67409870802719,448.60863699698535,1.6553824243431194,27216.5302,0.014760147601476,0.8953778023802934,2.051272290133056,12.019389629364014,4.76837158203125e-07,0,39.33823013305664
pittsburgh,p2_nm,3613,0.8898422363686687,0.1101577636313313,0.0,5.162267732826682,9.28662493852416,12.582562986003111,6.351512781822972,190,0.7251426242868786,1.3584278992526986,271,100.2430221402214,2303.029999950949,0.0,0.2652252404339892,15.46948773789068,27.488094721912617,0.0,8.951112780390819,20.879652333944065,,False,34.86296078599836,353.4560756520391,9447.862373005555,352.15180969022344,0.5382706437415726,-0.6201115360192331,99.45128714346106,538.9364799201209,1.9886954978602245,27165.859,0.029520295202952,0.8898422363686687,4.007224352055346,14.352703094482422,4.76837158203125e-07,0,39.33823013305664
navimumbai,p2_vfdcfmvd,3309,0.6500453309156845,0.3490480507706255,0.0009066183136899,6.553584938864331,11.675034393421932,145.4809158530916,6.330010390995742,98,0.6476683937823834,1.2248413417951045,244,658.747749590164,113096.3283977578,0.0,0.2822682559653946,74.30824689356692,1241.326368434366,0.0,32.404941826310186,121.58510763756288,,False,31.381312945300905,350.7024606781035,7657.04035865342,349.26515551138993,0.595533944101239,-0.889351906385502,90.30641818575388,528.36030159569,2.1654110721134834,160734.4509,0.0040983606557377,0.6500453309156845,5.43503603417048,14.285787105560305,44.12283945083618,3,25.99603843688965
pittsburgh,p2_wdf,3613,0.7713811237199003,0.2277885413783559,0.0008303349017437,7.49560588055858,11.616703250253364,12.577692859705776,6.338288484940852,161,0.601150202976996,1.636313313036258,271,84.05033690036902,2368.7942609486754,-0.1695,0.3265189029991661,13.28561849572751,43.93606158213911,-0.2042854394849302,3.605741565638058,20.82227304605654,,False,14.431719866399584,230.29759350945704,3910.996083794287,229.44778689134097,1.049600058784982,-18.932697852859427,63.922693320859096,710.9840831110996,2.62355750225498,22777.641300000003,0.014760147601476,0.7713811237199003,7.121472129452741,18.088829040527344,7.152557373046875e-07,0,39.33823013305664
pittsburgh,p2_ilp,3613,0.7896484915582618,0.2100747301411569,0.0002767783005812,7.1875746744114215,11.379100107753429,12.490329477742728,6.278565996356676,164,0.6164359861591695,1.599778577359535,271,85.85912583025831,451.5471876642036,-0.1338,0.1268061528961571,14.278642425407597,18.62752678322549,-0.1612589486907591,9.197269109817167,20.05873466187044,,False,16.244729822436298,147.9279048482621,4402.321781880237,147.38204542077773,0.7473254926228418,-16.669588633283034,53.0724492663154,537.3437319015766,1.9828181988988065,23267.8231,0.007380073800738,0.7896484915582618,4.4488142393602175,15.617814540863035,9.5367431640625e-07,0,39.33823013305664
pittsburgh,p1_reassign,3613,0.8898422363686687,0.1101577636313313,0.0,5.170807987548695,9.223072569070608,12.569265940902024,6.327026825082376,190,0.7062438057482656,1.3963465264323276,271,100.21328413284134,2043.3147488896743,0.0,0.2510140015091245,15.610446650106326,25.171059262805585,0.0,9.305052971824406,21.416681723883883,,False,34.38654057575698,285.8889693893652,9318.752496030142,284.83402854290995,0.4908032726572749,0.0,88.76129533137323,557.314182413067,2.056509898203199,27157.8,0.018450184501845,0.8898422363686687,27.405457700129773,39.09881043434143,4.76837158203125e-07,0,39.33823013305664
navimumbai,p1_greedy,3309,0.8606829857963131,0.1393170142036869,0.0,5.191889770364503,9.459952311872902,146.88222261235956,6.422815362033699,140,0.7089568423335502,1.3934723481414324,244,918.031625,133733.719114548,0.0,0.2209063778300238,101.79732704076169,1186.9485118812754,0.0,63.03175452987683,148.2206549737926,,False,46.78439797421675,259.69949204619263,11415.393105708888,258.63514986567543,0.3437500170753687,0.0,84.33382247413383,655.7215868227128,2.687383552552101,223999.7165,0.0081967213114754,0.8606829857963131,1.7408730190509232,10.050353527069092,4.76837158203125e-07,0,25.99603843688965
navimumbai,nearest,3309,0.886672710788758,0.113327289211242,0.0,4.624090076203797,8.697678341512555,147.40082140422632,6.450037837754015,144,0.731309975451908,1.3541855545482018,244,904.1468598360656,179005.00465020462,0.0,0.2591876585824234,97.6982917390714,1207.0658152723702,0.0,55.379233199153965,141.62920200724727,,False,50.97896579437033,607.3962432377375,12438.86765382636,604.906914372009,0.4824510474465354,-1.2157925774539444,139.1241530664634,750.3131091420273,3.075053725991915,220611.8338,0.0081967213114754,0.886672710788758,4.708358376039541,13.546444177627563,7.152557373046875e-07,0,25.99603843688965
navimumbai,p2_nm,3309,0.8594741613780599,0.1405258386219401,0.0,5.038773120258125,9.53295966231136,148.11382911392406,6.48976811542839,146,0.7034393251135627,1.397098821396192,244,925.3423909836064,196318.9869388956,0.0,0.271347210828028,100.26422754789432,1560.171943645015,0.0,45.90832662265221,147.84499104070093,,False,48.04460234179446,627.77867384403,11722.882971397848,625.2058104266365,0.5204354839247726,-0.4235568638225154,130.5420077309347,574.6171129723668,2.354988167919536,225783.5434,0.0122950819672131,0.8594741613780599,2.639745962980669,11.15326189994812,7.152557373046875e-07,0,25.99603843688965
navimumbai,p2_ilp,3309,0.738591719552735,0.261408280447265,0.0,7.305611118727632,12.412855933819884,147.79159165302784,6.477043387588849,117,0.5953084595493165,1.636143850105772,244,743.5305721311476,56776.16535061923,0.0,0.1721565872809365,85.25262172397433,913.4206840247984,0.0,49.8177003341185,127.22090611424842,,False,31.68385307537354,206.0612077570026,7730.860150391144,205.21669461045752,0.4521352354004555,0.0,71.46208152357335,631.3960951040406,2.587688914360822,181421.4596,0.0040983606557377,0.738591719552735,3.2207114590491983,12.169811248779297,9.5367431640625e-07,0,25.99603843688965
navimumbai,p2_wdf,3309,0.7147174372922332,0.2852825627077667,0.0,7.758077651519441,12.691957256667251,148.0123044397463,6.492324529641695,117,0.5783067836047968,1.6884255061952251,244,695.6355172131149,188193.01204956483,0.0,0.3581100245010761,79.30978022867271,2207.011028232199,0.0,12.223140260647076,140.12479321257632,,False,27.88300866468612,462.9870882311951,6803.4541141834125,461.0896001646738,0.7701104733097774,-5.459793045712721,94.0016058983713,619.9648058083201,2.540839368066885,169735.0662,0.0040983606557377,0.7147174372922332,5.287131765158847,14.11682105064392,4.76837158203125e-07,0,25.99603843688965
navimumbai,p1_reassign,3309,0.8588697491689332,0.1411302508310667,0.0,5.253673394689554,9.700006537899856,145.35781843771994,6.32804789828428,131,0.6957997454391175,1.4245995769114537,244,903.8878028688524,157574.1451850289,-2.6145,0.2396801230030626,98.02697995175836,1143.4139555272302,-1.515272235825228,57.38853070587941,140.97953604935978,,False,45.60365012302769,411.5537992426091,11127.290630018755,409.86710334407377,0.443937596260849,0.0,111.2505374864654,684.5513625414262,2.805538371071419,220548.6239,0.0204918032786885,0.8588697491689332,25.9961173093252,35.062965393066406,4.76837158203125e-07,0,25.99603843688965
thane,p1_brp,5665,0.7576345984112974,0.2421888790820829,0.0001765225066195,6.782160616159837,12.002356065930623,151.1486439888164,6.562816457901097,184,0.640031825414867,1.553045013239188,438,776.5305984018265,100478.1439047314,0.0,0.2262009148694237,86.52933388038697,1104.9261740727954,0.0,45.93072230890136,129.92907932475603,,False,35.49678305563367,130.84279949271473,15547.590978367549,130.54407163999164,0.3218767301063881,0.0,60.08808890193186,1142.8131831670148,2.6091625186461527,340120.4021,0.0114155251141552,0.7576345984112974,2.2360578886437,14.926525354385376,48.40000414848328,3,25.07447052001953
thane,p1_laf,5665,0.7576345984112974,0.2421888790820829,0.0001765225066195,6.578757094810666,11.822831385924887,151.17482292637465,6.559195063865467,198,0.6311595016275676,1.572639011473963,438,781.2343488584476,109829.06366515966,0.0,0.229804166281384,87.4507223514322,1228.639641282388,0.0,46.93793129952463,134.8022186355763,,False,35.652326680996005,257.7177228864098,15615.71908627625,257.12932625881524,0.4497673532848948,0.0,92.28908578515367,1128.7215042319503,2.5769897356893843,342180.6448,0.002283105022831,0.7576345984112974,2.277692148294591,15.152026891708374,50.15671062469482,3,25.07447052001953
thane,p1_momaql,5665,0.8211827007943513,0.1788172992056487,0.0,5.560320040742056,10.177634269155854,147.53812123817713,6.350529125067012,196,0.6896298112282422,1.4400706090026478,438,843.8842474885845,103152.77735003692,0.0,0.2108118322471164,93.53869205053304,1028.9154647736354,0.0,53.78273915012339,138.9894387003486,,False,41.26987143631796,159.3409720919522,18076.203689107264,158.97717991822628,0.3055162244642008,-1.1685567272836457,64.70206581356203,1173.8098445122528,2.679931151854458,369621.3004,0.0045662100456621,0.8211827007943513,2.477761740119604,15.92850112915039,52.25092148780823,3,25.07447052001953
thane,p2_laf,5665,0.7906443071491616,0.2090026478375992,0.0003530450132391,5.797541807363282,10.596127488309165,149.67871176601918,6.46430456331282,208,0.6763645405943056,1.4197705207413944,438,813.4640936073059,78624.60491694904,-1.5963,0.18641834314188,91.33768935648628,1134.2585858387222,-0.2032156971379332,48.21873102733415,134.15935761072248,,False,39.78446690015848,236.78593407315745,17425.596502269414,236.24532691773928,0.3863385720709288,0.0,77.75375327608577,1299.7596373824438,2.9674877565809217,356297.27300000004,0.0091324200913242,0.7906443071491616,6.574779351969482,25.97109746932984,57.130401611328125,3,25.07447052001953
thane,p2_sid,5665,0.8097087378640777,0.1901147396293027,0.0001765225066195,5.769196994287715,10.421815286078104,147.08383911052974,6.338595461562735,178,0.6824471959213402,1.4541924095322154,438,824.3452335616439,69731.14990351684,0.0,0.1745214860099155,92.85337012158794,998.671402866116,0.0,54.94109564236284,132.06884197221632,,False,40.1880159635254,224.4245026644141,17602.350992024123,223.91211795513465,0.3723421763243965,-0.4557352015219498,81.65347696333146,1220.6107301190953,2.7867824888563817,361063.2123,0.0045662100456621,0.8097087378640777,7.035985833135783,32.06437873840332,54.6661365032196,3,25.07447052001953
thane,p2_vfdcfmvd,5665,0.7057369814651369,0.2937334510150044,0.0005295675198587,6.358431307354981,11.310287943509223,146.79548274137068,6.324012323238515,161,0.6605291871249318,1.2942630185348631,438,708.9680089041095,83683.22670386602,0.0,0.2186362737164807,80.2680204502636,1127.698165444713,0.0,39.52194764059784,126.44946711144397,,False,34.39301375862842,251.0608603851341,15064.140026279249,250.4876620737525,0.4601749101636703,-0.4145097734815149,98.6778271089872,1251.7327817849969,2.857837401335609,310527.98789999995,0.0068493150684931,0.7057369814651369,17.52315189291403,53.40096950531006,77.32053971290588,3,25.07447052001953
arlington,p1_brp,4763,0.8160823010707537,0.1839176989292462,0.0,6.28916297837238,10.581665262289292,13.877180344738871,7.801694582052011,239,0.6839393493301928,1.4262019735460845,357,98.67721456582636,1602.1229573078551,0.0,0.2224591986896495,15.736824217653671,26.528965187869293,0.0,9.178173503062446,22.310251256470032,,False,32.195917967330274,108.5393712500266,11493.942714336908,108.23533939778562,0.3231347982207752,0.0,53.578492041559166,800.737546361357,2.2429623147376945,35227.7656,0.0140056022408963,0.8160823010707537,4.280830327013973,32.25502252578735,109.42614150047302,3,47.097442626953125
arlington,p1_laf,4763,0.8114633634264119,0.188536636573588,0.0,6.51406324832055,10.765039341208029,13.897415265200516,7.810456034364621,240,0.6712996131250896,1.4652529918118833,357,97.733250140056,1496.85819087729,-0.1349,0.2190399161878319,15.642136665732354,27.33766529953474,-0.2698,9.118432281749415,22.38970133871734,,False,29.92901188207724,308.1141993398917,10684.657241901574,307.2511343557464,0.5856718748140147,-18.01718349037707,106.69846280381046,682.6820806235694,1.9122747356402503,34890.7703,0.011204481792717,0.8114633634264119,4.68245316996763,36.07728099822998,108.6130576133728,3,47.097442626953125
arlington,p1_momaql,4763,0.8618517740919589,0.1381482259080411,0.0,5.650494750420369,9.796336354349696,13.75859683313033,7.723142166080781,243,0.7089971172811409,1.3837917279025824,357,104.48705574229692,1426.6128267314864,-0.1349,0.1976199083386019,16.63361189622512,23.05042746672792,-0.2698,11.24445902645943,22.38139953453529,,False,39.12188555607601,155.78112613399114,13966.513143519136,155.3447644361368,0.3185873534192728,0.0,63.42820541101513,649.5511298659295,1.8194709520054049,37301.8789,0.011204481792717,0.8618517740919589,5.124591774816508,37.979758501052856,118.21020102500916,3,47.097442626953125
arlington,p2_laf,4763,0.5884946462313668,0.4091958849464623,0.0023094688221709,6.661733578266998,11.356244226572672,14.385900820549413,8.01293531202983,230,0.693799275516727,0.9853033802225488,357,73.78046162464986,873.3186239384431,-0.834,0.2206608934800362,12.378073640445814,31.70242909783469,-0.1290603962989081,5.360409791333153,19.441654426786485,,False,24.819419660334344,206.7808472356394,8860.53281873936,206.20162917615585,0.578568018841234,-8.654256895581721,68.24901747031086,872.1714596595368,2.443057309970692,26339.6248,0.0140056022408963,0.5884946462313668,8.702197842932947,34.19029378890991,110.89921188354492,3,47.097442626953125
arlington,p2_sid,4763,0.8448456854923367,0.1551543145076632,0.0,6.047705296861251,10.2728073643094,13.780812624254477,7.719824832716408,243,0.6928423543330375,1.4196934705017843,357,102.11639215686272,1078.11989103344,0.0,0.1738542719358738,16.582802080461267,24.393836009705325,0.0,10.803229228907448,23.12947744719713,,False,34.442691247105586,261.09685801343534,12296.040775216694,260.3654942654985,0.4684838619803384,-1.8840909353359223,79.68871456517428,676.1609312462372,1.8940082107737737,36455.552,0.011204481792717,0.8448456854923367,7.90741369715397,39.9397759437561,110.03921961784364,3,47.097442626953125
thane,p1_greedy,5665,0.8561341571050309,0.1436893203883495,0.0001765225066195,5.058054922796046,9.500846378388,150.24800412371135,6.510830961138815,214,0.718158567774936,1.380406001765225,438,906.2749856164384,147393.0368828599,0.0,0.2337700599701653,99.17529267167468,1194.943722118459,0.0,57.50220788513617,142.53525851735978,,False,47.04217988583796,321.0300828827032,20604.474789997028,320.29713748799384,0.3804425556304831,-0.1208441031700119,102.16144873854516,1187.3923410308937,2.7109414178787525,396948.44370000006,0.0068493150684931,0.8561341571050309,5.0720239067522925,33.45835208892822,9.5367431640625e-07,0,25.07447052001953
arlington,p2_vfdcfmvd,4763,0.560781020365316,0.4369095108125131,0.0023094688221709,6.100340149121297,10.682236644079843,14.35009359790341,8.011395405898236,189,0.7176526042894179,0.8908251102246483,357,70.67751092436976,1380.3211226687602,-0.2932,0.2893800325689279,11.415944853351837,29.56557213101561,-0.5864,5.458235537939698,19.05026494712992,,False,28.078525192869908,404.0250196290103,10024.033493854557,402.8932968849514,0.7148595574621889,-14.190496232737758,107.90189088416538,731.2889469287713,2.048428422769668,25231.8714,0.0252100840336134,0.560781020365316,13.035449596558465,44.96252918243408,120.32407355308531,3,47.097442626953125
thane,nearest,5665,0.894792586054722,0.105207413945278,0.0,4.361660216857692,8.106767511646005,149.98710791083053,6.502549077257305,221,0.7479782579875381,1.3315092674315976,438,910.816662328767,206383.13959877865,0.0,0.278150145870767,97.01531298722014,1256.2325485809436,0.0,48.0076062057757,138.3217172733669,,False,51.97482520825421,648.5771425158633,22764.973441215345,647.096372784092,0.4894309680511213,-0.1208441031700119,164.5132749933084,1182.9587640294512,2.7008190959576512,398937.6981,0.0068493150684931,0.894792586054722,13.99017227472359,47.10539197921753,1.430511474609375e-06,0,25.07447052001953
thane,p2_nm,5665,0.8626654898499558,0.1371579876434245,0.0001765225066195,4.775079640512212,8.951164254399508,150.07622467771637,6.506154982871994,209,0.7294698544698545,1.3585172109443957,438,916.0607952054794,213222.72755719748,-0.2189,0.2837997763082798,97.65785279851356,1501.0204437705115,-0.0493880488012774,45.61557290869149,143.79059119551204,,False,48.70718790540959,670.3056075663936,21333.7483025694,668.775229466927,0.5309419409003531,-0.4557352015219498,136.00118078423054,1377.7816237298498,3.1456201455019404,401234.6283,0.0182648401826484,0.8626654898499558,7.851109209834249,41.25708842277527,9.5367431640625e-07,0,25.07447052001953
thane,p2_ilp,5665,0.7336275375110326,0.2661959399823477,0.0001765225066195,7.129519523067898,12.212700332138592,149.213354186718,6.433286448196139,184,0.6080582102519548,1.6254192409532215,438,729.4471936073058,49951.7265788201,0.0,0.1648042117541958,82.73246029023962,828.8353211136059,0.0,49.27795961628013,124.69393575769595,,False,31.60775286589272,176.38478413736567,13844.19575526101,175.98207915075068,0.4197015771128483,-0.500429769022917,62.409516921621815,1131.6570680301506,2.5836919361418964,319497.8708,0.002283105022831,0.7336275375110326,7.722059701067337,36.13008379936218,1.6689300537109375e-06,0,25.07447052001953
thane,p2_wdf,5665,0.6767872903795233,0.323036187113857,0.0001765225066195,8.16793512736717,13.196725922731227,151.75332811684925,6.582832748292575,176,0.5884396715097915,1.676610767872904,438,655.0651488584476,190518.3984774656,0.0,0.3766412810836892,74.79222259919538,2139.3639118947945,0.0,12.135398900490673,134.53947674825503,,False,26.162461995033468,385.3730073409199,11459.15835382466,384.4931602921964,0.7494897517249639,-5.03634467933562,91.69496931629374,1346.89255246857,3.075097151754726,286918.5352,0.0114155251141552,0.6767872903795233,21.19603628904588,53.37421774864197,1.1920928955078125e-06,0,25.07447052001953
arlington,nearest,4763,0.893974385891245,0.1060256141087549,0.0,4.97715686979078,8.675862747251996,13.808029591357444,7.731403837031134,260,0.7191339066339066,1.3672055427251733,357,106.6460299719888,2865.0499359206424,-2.7702,0.2818954981777439,16.250773251753046,31.75658015198422,-1.264,8.138495704965644,22.877089967065995,,False,46.08082734739124,628.1579954764206,16450.855363018673,626.3984492706044,0.5431315972026477,-1.8535309493854528,146.450348331618,564.4940873918806,1.5812159310696936,38072.6327,0.011204481792717,0.893974385891245,7.516414377023466,38.10152268409729,7.152557373046875e-07,0,47.097442626953125
arlington,p1_greedy,4763,0.8765483938694101,0.1234516061305899,0.0,5.424482045566154,9.592792227009364,13.869734131736529,7.790860750388177,253,0.7092177077016374,1.384841486458115,357,107.44102521008402,2002.2171480506809,-0.1349,0.2299921472221419,16.797558349270627,23.44769607394585,-0.2698,10.62997847828661,22.64182081696009,,False,43.09986402169349,267.9507714346662,15386.651455744575,267.2002090496952,0.3792647647230519,-1.2914587854320092,90.80234736354576,655.9113973610266,1.837286827341812,38356.446,0.0140056022408963,0.8765483938694101,4.709709743765416,33.46892023086548,1.1920928955078125e-06,0,47.097442626953125
arlington,p2_nm,4763,0.8792777661137938,0.1207222338862061,0.0,5.3007250415432114,9.386565566952893,13.875124164278892,7.783464964176805,257,0.709286471746705,1.385891245013647,357,107.44166666666668,2585.98889472704,-0.1349,0.2681033028337646,16.579565395883357,32.32961554238086,-0.2698,9.277119280154835,23.535491399857257,,False,44.02147930820673,618.9561292702039,15715.668113029802,617.2223585999792,0.5643599577764998,-7.336567160931147,120.95916642630596,669.7368319540155,1.8760135348851976,38356.675,0.0140056022408963,0.8792777661137938,5.746686897145992,34.7267951965332,9.5367431640625e-07,0,47.097442626953125
arlington,p2_ilp,4763,0.7856393029603191,0.2141507453285744,0.0002099517111064,7.101773549903077,11.410028852660496,13.760227151256013,7.702552482349606,220,0.6371922187457488,1.543355028343481,357,93.40961344537816,729.5370513790349,0.0,0.1519523467226197,15.448127000681149,22.563500924983025,0.0,9.925013021052727,22.06104563294221,,False,23.39990483497804,226.502298893716,8353.76602608716,225.8678386727252,0.64226330069245,-13.346467275707226,81.17560926522413,712.9522352346537,1.9970650846909068,33347.232,0.011204481792717,0.7856393029603191,6.645701246932731,37.568618059158325,1.430511474609375e-06,0,47.097442626953125
arlington,p2_wdf,4763,0.7606550493386521,0.2391349989502414,0.0002099517111064,7.573100569651978,11.76955486467638,13.983574385868064,7.865277491700329,218,0.6373883161512027,1.5273986982993912,357,90.65373669467786,2947.123888006973,0.0,0.3391238848237641,14.315375537660175,49.35519132227557,0.0,3.722481729707233,22.546693359371595,,False,20.484673654776493,339.5316917099873,7313.028494755208,338.5806225455335,0.8982598745201399,-21.863429200201505,86.08325981423619,686.010985750383,1.921599399861017,32363.384,0.0084033613445378,0.7606550493386521,14.288662764134642,45.02271509170532,1.6689300537109375e-06,0,47.097442626953125
thane,p1_reassign,5665,0.837422771403354,0.1624007060900265,0.0001765225066195,5.2247061521953295,9.781086093699985,148.39882377740304,6.403026419005794,197,0.6900872128731114,1.4370697263901149,438,873.1152593607306,149267.7681068999,0.0,0.2454051502749199,95.5004088174387,1266.855875179632,0.0,49.46506196275202,139.3410488191003,,False,44.44032723356742,342.650499477557,19464.86332830253,341.86819240112425,0.4160562972222884,0.0,105.35726473049228,1241.0406634453425,2.833426172249641,382424.4836,0.0182648401826484,0.837422771403354,79.8025644909867,112.46409058570862,1.430511474609375e-06,0,25.07447052001953
arlington,p1_reassign,4763,0.8679403737140458,0.1320596262859542,0.0,5.3519001402453705,9.231089766591849,13.785820029027576,7.726323240147826,245,0.7154760067890757,1.3606970396808733,357,105.72567983193277,2209.5413222807133,-0.1349,0.2473772954554881,16.395333659040904,28.32236821666544,-0.2698,10.349137498868975,23.117093066441445,,False,42.32359506286732,394.63567777937607,15109.523437443631,393.5302557127672,0.4687124757524141,0.0,117.92244539103768,736.5179802175851,2.063075574839174,37744.0677,0.0168067226890756,0.8679403737140458,59.77741416675417,87.9200029373169,4.76837158203125e-07,0,47.097442626953125
portland,p2_laf,7508,0.5816462440063932,0.4166222695791156,0.0017314864144912,6.548226464082453,11.027603202268704,14.250528967254406,7.569125572766109,352,0.6749130783631987,0.9960042621204048,557,73.38218797127469,759.3657750204477,-0.9527,0.2004743721968757,12.146732273915765,27.25152373023339,-0.4428,5.046704403662867,18.44122786008245,,False,25.17343838778014,188.3313957959361,14021.605181993538,187.99327838876204,0.544663938054857,-8.138792960754664,70.09275088376025,1159.6380037276886,2.081935374735527,40873.8787,0.0197486535008976,0.5816462440063932,4.783593480096897,24.36044454574585,76.99912786483765,3,44.8923454284668
portland,p2_vfdcfmvd,7508,0.5001331912626532,0.4966702184336707,0.003196590303676,6.206562511819333,10.738684471476407,13.890724367509986,7.273686163149475,265,0.6993905452149564,0.8086041555673947,557,61.92068671454219,1281.788063273109,0.0,0.3147526200555966,10.092850969061487,27.93242279174689,0.0,4.037174703016737,17.824843215442765,,False,22.906350506147728,283.28406038213336,12758.837231924284,282.77547140478663,0.7341164666439552,-9.231040775072906,82.91347838689161,1111.780864212561,1.996015914205675,34489.8225,0.0089766606822262,0.5001331912626532,6.271150649088668,24.41180682182312,78.01379752159119,3,44.8923454284668
portland,p2_sid,7508,0.8299147575919019,0.170085242408098,0.0,5.949973141333443,10.159127740797704,13.544941421922644,7.194820868698512,372,0.6733811626195733,1.4480554075652636,557,100.58457971274686,796.5604495056028,-0.2092,0.1497427401508894,16.446352253020923,20.92479918254363,-0.0982144582491098,11.094149902538884,22.85976517144606,,False,34.14175417343849,214.50025798985388,19016.95707460524,214.11515878340887,0.4285858975142618,-11.537717388103692,82.02388290209274,1105.032444094047,1.9839002586966727,56025.6109,0.0035906642728904,0.8299147575919019,3.855342334703892,26.7977147102356,80.50217175483704,3,44.8923454284668
portland,p1_momaql,7508,0.8344432605221097,0.165423548215237,0.0001331912626531,5.85321838563845,10.041513508932658,13.6004740622506,7.256379224964703,380,0.6922711284342619,1.401038891848695,557,101.87041615798924,1621.7491075355017,0.0,0.2157007976290411,16.09395130674852,20.855409939141783,0.0,10.525912587854542,21.730181173389784,,False,35.85918692472785,123.85521201955235,19973.567117073413,123.63285077714742,0.3100748224226507,-6.2618698258153245,57.90084086547799,1009.0839328386676,1.8116408129958128,56741.821800000005,0.0071813285457809,0.8344432605221097,2.7537257179865264,26.67457103729248,82.96494269371033,3,44.8923454284668
portland,p1_brp,7508,0.8042088438998402,0.1957911561001598,0.0,6.552764877843583,10.800735608593715,13.778126863199732,7.375880068893714,375,0.662609011627907,1.4661694192860948,557,99.0542199281867,1844.7252390270887,0.0,0.2381344715484426,15.615625152759185,26.17004684381469,0.0,8.76202454253324,22.240943036334347,,False,30.44719997394022,98.52565631888923,16959.090385484702,98.34877004183556,0.3257145106049877,-0.5915556954564041,63.782694459771605,1143.8789156692808,2.053642577503197,55173.200500000006,0.0089766606822262,0.8042088438998402,2.651013988230261,27.6022846698761,83.3441858291626,3,44.8923454284668
portland,p1_laf,7508,0.7955514118273841,0.2044485881726158,0.0,6.6789528545581485,10.90463817743114,13.81611585467939,7.390918582462778,376,0.6571248537222072,1.479621736814065,557,97.7478969479354,1355.972136690206,0.0,0.2068535140220445,15.74270214653735,24.839755855659423,0.0,9.35621560024012,21.99766599719188,,False,29.13992572107341,257.8613094209217,16230.93862663789,257.3983627253725,0.5505724165714689,-16.776698263031147,89.73011593523172,1109.136691439765,1.9912687458523608,54445.5786,0.0035906642728904,0.7955514118273841,2.6598653090259177,27.584379196166992,84.87015867233276,3,44.8923454284668
portland,p1_greedy,7508,0.8529568460309004,0.1470431539690996,0.0,5.7560351704264825,10.157441208667798,13.701166458463462,7.309929150687613,401,0.7008752524766759,1.384789557805008,557,105.24304775583482,1930.1980921826384,0.0,0.2305302514304106,16.520402406196986,24.41051540562604,0.0,9.867249634010392,22.657279355277872,,False,39.090257555134194,255.84156735222265,21773.273458209747,255.38224676451668,0.4088149976676202,0.0,90.44575782859953,1085.337645236047,1.94854155338608,58620.37759999999,0.0071813285457809,0.8529568460309004,2.957464432598499,26.64904356002808,7.152557373046875e-07,0,44.8923454284668
portland,nearest,7508,0.8894512519978689,0.110548748002131,0.0,4.825355518266023,8.452229235434862,13.653250973345314,7.266819100354716,404,0.7306163021868787,1.3399041022908895,557,107.34853716337524,2674.5032768080805,-0.7844,0.260450205982411,16.47935213331409,25.48071031045651,-0.1623540502177092,9.917246629592285,22.766599786448065,,False,46.242136025354746,576.015385699025,25756.869766122592,574.9812467659926,0.5185479876679466,-1.5548992785494935,154.99543223077998,891.0013059129583,1.5996432781202123,59793.1352,0.0053859964093357,0.8894512519978689,4.784540622844361,29.643426179885864,7.152557373046875e-07,0,44.8923454284668
portland,p2_nm,7508,0.854954714970698,0.145045285029302,0.0,5.67049587241981,9.9894154597903,13.741964480448669,7.325408129291293,399,0.6991125107357572,1.395711241342568,557,106.26039335727108,2758.8301955106745,-0.0411,0.2745174020535968,16.31341688485329,32.10009260977718,-0.0238380994349102,8.820080451078889,23.469657037278324,,False,40.14396571149302,533.725076931962,22360.18890130161,532.7668631493193,0.5749741626395433,-5.380308520780877,123.37974384831526,1146.0745421349072,2.057584456256566,59187.0391,0.0107719928186714,0.854954714970698,3.3361845938125043,27.04820656776428,9.5367431640625e-07,0,44.8923454284668
portland,p2_ilp,7508,0.7698454981353223,0.2301545018646776,0.0,7.212074637681296,11.404674064227434,13.62815570934256,7.268251647443844,348,0.6283980167550008,1.558071390516782,557,92.26399515260324,549.4612851510537,-0.2092,0.1329483241651576,15.2640170426491,19.24167125864262,-0.0892804904348963,9.826576089898875,21.50415662999984,,False,23.48469700900251,194.06432370212505,13080.976234014395,193.7159137852451,0.5926491806516981,-13.793790198190552,65.11088278609066,1044.3013171634475,1.8748677148356327,51391.0453,0.0017953321364452,0.7698454981353223,3.770798854791792,28.64020800590515,1.1920928955078125e-06,0,44.8923454284668
portland,p2_wdf,7508,0.7547948854555141,0.2449387320191795,0.0002663825253063,7.708388927486094,11.743976744909732,13.734783836244924,7.317265003765934,349,0.6105412392627804,1.5970964304741608,557,89.97486104129263,2472.3909525998283,-0.2759,0.3144460218953228,14.42968333112358,49.84470448985833,-0.1177461152532883,3.6947618779897047,22.31071627110718,,False,19.546798452858965,336.2771988602634,10887.566738242444,335.6734695983958,0.9373091870816792,-28.790741371373265,82.89030688784166,1215.7877987268969,2.1827429061524177,50115.9976,0.0071813285457809,0.7547948854555141,10.357402151894348,35.4088568687439,7.152557373046875e-07,0,44.8923454284668
portland,p1_reassign,7508,0.8389717634523175,0.1608950452850293,0.0001331912626531,5.656859585340106,9.715345328370509,13.667421812986188,7.294597909515156,382,0.6952654232424678,1.392514651038892,557,103.10790233393178,1903.929633038864,0.0,0.2297381017222271,16.255806154854863,22.57692406914405,0.0,9.681176915418703,21.89581262514445,,False,38.40774634758324,260.84790069952214,21393.114715603864,260.379592080672,0.4201309212013279,-0.0149848600833661,126.14879536488336,1012.2992840180248,1.8174134362980696,57431.1016,0.0035906642728904,0.8389717634523175,34.5149985619355,55.55610632896423,7.152557373046875e-07,0,44.8923454284668
nagpur,p2_laf,7243,0.7416816236366147,0.25831837636338534,0.0,6.881596384311704,11.837434888930648,157.19962956068503,6.911876128152762,262,0.643684500827358,1.5018638685627503,835,543.2238271856287,52585.676388299726,-6.1631,0.2328287838953089,60.90567288546461,872.9931717707402,-0.7928532049994044,22.56509000072555,98.88414477743878,,False,26.65550907861631,160.7466971137999,22257.350080644617,160.55418609929237,0.4753613144748653,-0.5881334483948886,64.35731817320439,2377.452896937286,2.847248978368007,453591.8957,0.03473053892215569,0.7416816236366147,6.265085448692844,45.85023641586304,125.47677183151245,3,24.024051666259766
nagpur,p1_laf,7243,0.6926687836531824,0.3073312163468176,0.0,7.765968236706043,12.90513297926941,160.28211879609327,7.106956839121719,250,0.5983592973152138,1.6661604307607345,835,499.9366879041916,119077.71966884863,0.0,0.3066062401852506,55.035052892409986,1032.7748562621266,0.0,24.146849170272574,100.668640538901,,False,23.919037339342474,278.78681780243375,19972.396178350966,278.45294137392784,0.6976413408661892,0.0,135.51752910664356,2506.5143749205627,3.0018136226593564,417447.1344,0.03473053892215569,0.6926687836531824,3.2239506650948897,45.629119634628296,126.47495007514954,3,24.024051666259766
nagpur,p1_brp,7243,0.6860416954300704,0.31395830456992957,0.0,7.86629444093876,13.080700086204837,159.73663312537735,7.0801566982350925,241,0.5808397683397684,1.7164158497860003,835,494.8111386826347,48030.88281493221,-1.9672,0.24318510536273552,55.656521200539125,749.2946214619359,-3.7944317783767954,26.34815140544763,90.64279709766728,,False,23.410465022619963,59.70042138883069,19547.73829388767,59.62892387818538,0.32985148627303007,-0.1546054940928343,44.89756346006015,2508.6090529432604,3.004322219093725,413167.30079999997,0.033532934131736525,0.6860416954300704,3.395478060374444,48.000876665115356,129.67434573173523,3,24.024051666259766
nagpur,p2_vfdcfmvd,7243,0.5971282617699848,0.40231948087808916,0.0005522573519259975,7.427733147391949,12.66203170804028,154.44996300578038,6.779996519545453,166,0.6367157242447715,1.24768742233881,835,423.670414491018,47359.84331095165,-1.0062,0.27782538943001905,47.070464593772066,606.770558023944,-0.2966502859578151,20.703331451695867,79.3583379715542,,False,21.055831429703257,149.55248317701867,17581.61924380222,149.3733784067468,0.5804491863731341,-0.8490480502829323,72.58096619503625,2677.3935210178643,3.2064593066082208,353764.7961,0.026347305389221556,0.5971282617699848,10.191581402017619,47.26776146888733,131.37332463264465,3,24.024051666259766
nagpur,p1_momaql,7243,0.7726080353444705,0.22739196465552947,0.0,6.72639499502913,11.668616355701973,155.65715511079344,6.833882018462203,253,0.6453285650424676,1.5442496203230704,835,555.362137005988,38904.76273159915,0.0,0.19102040942196186,62.66013364009042,643.3076873140922,0.0,34.907900942798456,93.49951336643862,,False,27.87059302566564,62.40655920142585,23271.94517643081,62.33182080717265,0.2832752927793694,0.0,42.08440069071877,2416.690925098241,2.894240628860169,463727.3844,0.023952095808383235,0.7726080353444705,3.471975560169085,46.9608952999115,131.4957594871521,3,24.024051666259766
nagpur,p2_sid,7243,0.7589396658843021,0.2410603341156979,0.0,6.94256252854596,11.861031800744145,156.75832272148443,6.887274657438662,253,0.6362593736215263,1.5649592710202955,835,543.3307875449101,23722.059165260802,0.0,0.14542260514493266,62.00736837790765,603.6225686165074,0.0,35.86122033567367,95.23457589432495,,False,27.1448153411917,98.9559711894529,22665.92080989507,98.83746104431583,0.36624685049351585,-1.0929403011480263,57.767203415908384,2011.881058057348,2.409438392883051,453681.2076,0.022754491017964073,0.7589396658843021,4.926802068541292,47.61735439300537,132.28869032859802,3,24.024051666259766
coimbatore,p1_laf,3146,0.6519389701207883,0.34806102987921167,0.0,8.158694007006144,14.056634990192833,175.14485616772305,8.05811402463697,97,0.5719496625934707,1.742848061029879,568,326.2644529929578,20841.110706289357,0.0,0.2441315171260938,35.28594943178598,308.15312627157624,0.0,17.000616425297867,56.060372503094456,,False,17.285240430157547,55.13518055205115,9818.016564329486,55.03811157220599,0.4291966636956688,-2.716469557227292,41.81944577287648,1693.5635444841796,2.9816259585989076,185318.20930000002,0.028169014084507043,0.6519389701207883,2.5675288171332795,22.277933835983276,72.46662425994873,3,24.176279067993164
coimbatore,p1_brp,3146,0.6538461538461539,0.34615384615384615,0.0,8.306422741142688,13.802303619911738,175.41812348079728,8.090607294512814,98,0.5770648967551623,1.7240940877304514,568,325.00231654929576,24552.261728612928,-3.3463,0.2584058553408103,35.22188654513528,353.9174836326824,-0.7491033692204735,15.345139596505469,58.572629626112764,,False,16.99461316609284,46.53134784413969,9652.940278340733,46.44942645709015,0.4010318764529978,0.0,39.223150978515235,1382.915095731591,2.434709675583787,184601.31579999998,0.03697183098591549,0.6538461538461539,2.6305992153429543,23.17429828643799,72.86346626281738,3,24.176279067993164
coimbatore,p1_momaql,3146,0.7237762237762237,0.2762237762237762,0.0,7.318703254610014,12.79948094008202,169.6446991655687,7.755098639897864,93,0.6343933562892444,1.5692943420216148,568,355.39819894366195,19472.266155689333,0.0,0.21313628705559381,38.52525588159036,301.0576471688397,0.0,21.073467232450454,59.22056460281544,,False,19.505049919736518,39.31535785596788,11078.868354410342,39.246140676643996,0.321182158145864,-0.26575106318383745,33.67730937615569,1424.764740340902,2.508388627360743,201866.17700000003,0.02640845070422535,0.7237762237762237,2.683738731968333,23.609002351760864,75.68107557296753,3,24.176279067993164
coimbatore,p2_sid,3146,0.6954863318499682,0.3045136681500318,0.0,7.566052012580757,12.829653016620359,171.56525137111518,7.835819510771687,100,0.6097370983446933,1.6322314049586777,568,339.0838033450704,10374.355962666978,0.0,0.158994582431812,37.134655232572264,218.6420587662231,0.0,21.64799354220281,57.29931640132287,,False,18.39903532079691,61.41832306680161,10450.652062212645,61.31019221633189,0.4255702747481439,-1.327772811082922,45.44980131749554,1672.2172630059429,2.9440444771231387,192599.6003,0.02640845070422535,0.6954863318499682,4.380056681009592,25.25237798690796,78.88591361045837,3,24.176279067993164
coimbatore,p2_laf,3146,0.6980292434837889,0.3019707565162111,0.0,7.3086485799567775,12.558365919762673,174.72576502732238,8.02006647247358,108,0.6346832814122534,1.5305149396058486,568,356.27738890845075,24462.7744896712,-14.043700000000001,0.24422235640035114,38.17134133525736,366.8610715235787,-1.378200001174637,14.186845943389768,62.52194936862424,,False,19.38061406033106,97.86133143743201,11008.188786268041,97.68904036095766,0.5099826348963068,-2.452147920254077,48.895419871958204,1802.3822307974806,3.173208152812466,202365.5569,0.04753521126760563,0.6980292434837889,5.570583301960141,26.183607816696167,80.95371460914612,3,24.176279067993164
coimbatore,p2_vfdcfmvd,3146,0.5486331849968213,0.45041322314049587,0.0009535918626827717,8.870523994796297,14.635541458855732,172.36180764774042,7.92335877196153,68,0.5718055861007257,1.4453273998728544,568,265.4876681338028,8696.302137704282,0.0,0.177024678473344,29.07227025217249,141.29431341152542,0.0,16.401703342338795,44.73326638355351,,False,14.190679569143102,54.00205188480644,8060.305995273282,53.90697784979798,0.5173915110128697,-4.84386511519861,45.02457959794564,1662.9883038251673,2.927796309551351,150796.9955,0.02112676056338028,0.5486331849968213,9.25392486169585,28.899520874023438,89.16234493255615,3,24.176279067993164
nagpur,p1_greedy,7243,0.8195499102581804,0.1804500897418197,0.0,6.0318089475647865,10.338642165227187,159.70450303234503,7.071227453547726,288,0.6957903862826317,1.433245892585945,835,612.4375124550897,64236.07425439256,-2.2626,0.22831189034406482,67.67802679985127,802.3712068285354,-1.3819877953075193,37.73158603990192,105.95443666854345,,False,32.77666622226899,157.16388510406333,27368.516295594607,156.97566488238184,0.3822534264661361,0.0,76.60707676727736,2391.494746241585,2.8640655643611796,511385.3229,0.027544910179640718,0.8195499102581804,3.3905953970897826,46.481022357940674,9.5367431640625e-07,0,24.024051666259766
nagpur,nearest,7243,0.8630401767223527,0.13695982327764739,0.0,5.428813707808376,9.204436790910647,159.68264117741163,7.0689507115861945,301,0.7227880966646695,1.3825762805467348,835,627.3703889820359,194441.00104490304,-41.2985,0.38057711067308014,66.23721553288667,1657.3961974931347,-6.633102683467284,18.192994956907143,122.7571743134857,,False,36.137960326665045,606.4660409878076,30175.19687276531,605.7397343518941,0.6810506230947333,-1.451428124253435,156.29324214908866,2467.876113470793,2.955540255653644,523854.2748,0.04431137724550898,0.8630401767223527,8.102463328097656,52.75401020050049,7.152557373046875e-07,0,24.024051666259766
nagpur,p2_nm,7243,0.8220350683418473,0.1779649316581527,0.0,6.048750002355109,10.398353053155994,160.49478669801815,7.115607147492113,299,0.6890523500191058,1.4452574899903354,835,615.8462673053892,212260.24450700375,-3.1888,0.41177134106412505,65.13701230719084,1866.8717812175414,-0.32922798479865406,7.925245032255234,127.70283102361346,,False,33.06447369274445,654.7046471996446,27608.835533441616,653.9205697778485,0.7733941544579385,-1.450201945600703,141.71017828933986,2487.6052753374793,2.9791679944161427,514231.63320000004,0.07904191616766468,0.8220350683418473,4.011919193122594,49.635302782058716,1.1920928955078125e-06,0,24.024051666259766
nagpur,p2_wdf,7243,0.6171475907773022,0.38285240922269775,0.0,8.912339531403264,14.131578592069824,160.48279418344515,7.115530464817154,219,0.5584707066016562,1.7839293110589536,835,418.67590323353295,159251.71131494024,0.0,0.5151848454475525,47.24055261353631,1747.1159169743619,0.0,4.437789972937806,111.00822107542194,,False,18.93453788506107,380.247879831353,15810.339134025991,379.79249314892024,1.0292443175896298,-6.687911514920591,95.69925391224871,2563.5657619249105,3.070138637035821,349594.37919999997,0.033532934131736525,0.6171475907773022,15.917684117914177,59.312591791152954,7.152557373046875e-07,0,24.024051666259766
coimbatore,p1_greedy,3146,0.7822631913541005,0.21773680864589956,0.0,6.412911931949386,11.31227165889771,175.26856562373015,8.072554467664355,114,0.6802426343154246,1.467260012714558,568,404.1381570422535,37419.82976946653,-1.2989,0.26342003900462113,43.05077713343985,452.5097749861135,-0.1554057956827599,19.116493840533696,70.53521610200286,,False,23.65040848653265,116.6951895838359,13433.432020350545,116.48974030639957,0.4563574999989856,0.0,61.546031969357195,1677.3684700586593,2.9531135036244,229550.47319999998,0.040492957746478875,0.7822631913541005,2.502578013925813,22.9965603351593,4.76837158203125e-07,0,24.176279067993164
nagpur,p2_ilp,7243,0.6777578351511805,0.32224216484881957,0.0,8.080766624729693,13.341288946161633,159.0765471582807,7.024061793261827,247,0.5723574657045436,1.7411293662846887,835,477.2033035928144,16943.858804095173,0.0,0.1365305724680475,54.48741501095277,474.1374293671504,0.0,32.42043533076541,83.67014312411311,,False,22.240473937908988,87.10066023274146,18570.795738154004,86.99634806479806,0.4193788006855763,-3.069960261543546,49.5251232285638,2823.2145272660805,3.381095242234827,398464.7585,0.023952095808383235,0.6777578351511805,4.842127478055772,49.92853617668152,9.5367431640625e-07,0,24.024051666259766
coimbatore,nearest,3146,0.8258105530832803,0.17418944691671964,0.0,5.81963680858269,10.01210170286846,175.73677444187837,8.078051474262592,128,0.7150011381743683,1.3963763509218055,568,416.06741408450705,105376.23358039159,-38.4653,0.41412148626219975,42.68661111657133,879.6124096456487,-6.885721743995121,7.5908530181663405,82.6752898391626,,False,25.69837946723138,369.9743203736055,14596.679537387423,369.3229571335111,0.7478205828771098,-1.205352714526708,112.37362925759624,1602.4460119239739,2.821207767471785,236326.29119999998,0.06690140845070422,0.8258105530832803,9.014260616051615,31.116361379623413,9.5367431640625e-07,0,24.176279067993164
coimbatore,p2_nm,3146,0.7838525111252383,0.2161474888747616,0.0,6.349243310524047,11.081031905954903,175.54772506082725,8.077591273361168,119,0.6851203501094092,1.452638270820089,568,404.62747922535215,104249.18377766569,-1.9878,0.42741531173305797,41.414141183473674,919.3884601828504,-0.24043003202762367,0.0,81.25055047999375,,False,23.668110238410662,386.2653554537148,13443.486615417256,385.5853108138315,0.8296533229169245,-1.3673029361012778,124.81028904385573,1593.7486888798912,2.805895579013893,229828.4082,0.1073943661971831,0.7838525111252383,3.352365054990514,23.24280548095703,9.5367431640625e-07,0,24.176279067993164
coimbatore,p2_ilp,3146,0.6287349014621741,0.3712650985378258,0.0,8.53779488930098,13.80664035930371,172.9729929221436,7.930451602089242,88,0.5718464351005484,1.7387158296249206,568,304.20234683098596,8640.292131809567,0.0,0.15933580361014524,33.48372486327184,199.0117743737551,0.0,19.475189319265784,50.91528847734939,,False,15.762623540164325,50.45834116775423,8953.170170813337,50.369506060064516,0.4502516806983864,-1.6676715412001448,34.45512881878369,1670.5230729143318,2.9410617480886123,172786.93300000002,0.02640845070422535,0.6287349014621741,4.092699852037185,24.67511749267578,1.1920928955078125e-06,0,24.176279067993164
coimbatore,p2_wdf,3146,0.5918626827717737,0.4081373172282263,0.0,9.176363117655672,14.660325459447808,175.48828141783028,8.084282811902277,84,0.5619286610503674,1.773363000635728,568,276.64764859154934,61525.48218444423,0.0,0.47891212977924774,30.41031810537356,706.3586208675414,0.0,4.546798765407427,71.93324000144636,,False,14.479458912398853,214.5186825920182,8224.332662242548,214.14100885506042,1.0106425741899694,-6.765413257446791,82.36277866904736,1553.3879537012385,2.73483794665711,157135.86440000002,0.028169014084507043,0.5918626827717737,10.337877910889802,30.093308687210083,1.1920928955078125e-06,0,24.176279067993164
nagpur,p1_reassign,7243,0.778268673201712,0.221731326798288,0.0,6.586985447207482,11.476728282295833,156.9743427354976,6.906185386280627,263,0.6471431130216729,1.541626397901422,835,565.2937458682635,91462.39788928353,0.0,0.2773036444462409,62.483765544331845,919.8993923217145,0.0,29.987242981005426,108.19805216487369,,False,28.869606894840803,228.93025796894463,24106.12175719207,228.65608999532913,0.5237819354328587,0.0,119.02350061212928,2687.560818642418,3.2186357109490036,472020.2778,0.026347305389221556,0.778268673201712,59.75968772179476,106.6230800151825,7.152557373046875e-07,0,24.024051666259766
coimbatore,p1_reassign,3146,0.7450731087094723,0.25492689129052765,0.0,6.8029321433418755,11.75277086615117,170.81672781569966,7.7961556546297315,106,0.6614704023593849,1.5089001907183726,568,371.9159515845071,49807.963867188795,0.0,0.31248017542097356,39.32470162937379,480.4341391458239,0.0,15.972058081441709,71.28283617291669,,False,20.780615723834703,151.5654425744267,11803.389731138112,151.29860200651396,0.5919145916347003,0.0,90.22317115421455,1391.0248947082307,2.4489874906835047,211248.26049999997,0.03169014084507042,0.7450731087094723,41.722941166990495,62.030619859695435,9.5367431640625e-07,0,24.176279067993164
